sample_id,total_units,reserved_units,share_percent,current_construction_cost,construction_cost_growth,next_year_estimated_construction_cost,required_next_year_amount,total_scheduled_amount,total_due_amount,total_paid_amount,unpaid_amount,due_unpaid_amount,payment_completion_ratio,due_payment_completion_ratio,unpaid_amount_ratio,due_unpaid_amount_ratio,total_payments,paid_on_time_count,paid_late_count,unpaid_count,overdue_count,average_delay_days,max_delay_days,general_inflation_rate,usd_growth,risk_score,risk_label
1,30,1,3.3333,120000000000.0,61.1632,193395780768.53,537210502.13,718493586.55,607158721.7,543162410.58,175331175.97,63996311.12,0.756,0.8946,0.244,0.1054,6,4,1,1,0,16.64,26,32.1438,71.9082,27.8183,low
2,30,1,3.3333,220000000000.0,64.9858,362968812823.7,1008246702.29,2629622605.71,2247650470.34,2013366670.46,616255935.26,234283799.88,0.7656,0.8958,0.2344,0.1042,12,9,1,2,0,3.68,17,54.9638,100.1381,22.0308,low
3,24,1,4.1667,90000000000.0,37.3246,123592157316.41,429139435.13,1016061506.1,761155828.12,620832669.51,395228836.59,140323158.61,0.611,0.8156,0.389,0.1844,9,3,3,2,1,22.16,36,43.3715,86.8287,46.2764,medium
4,48,1,2.0833,90000000000.0,47.676,132908367389.04,230743693.38,823037621.68,678374611.5,630536810.67,192500811.0,47837800.82,0.7661,0.9295,0.2339,0.0705,14,8,4,2,0,12.15,26,33.6444,15.0,26.6846,low
5,36,1,2.7778,300000000000.0,34.452,403356009632.45,933694466.74,1504274087.79,968930270.98,868716256.65,635557831.14,100214014.33,0.5775,0.8966,0.4225,0.1034,6,4,0,2,0,1.16,1,27.8395,80.6495,34.3516,low
6,16,1,6.25,90000000000.0,50.0593,135053400217.9,703403126.13,2501580099.5,2051907579.44,1981970375.66,519609723.84,69937203.78,0.7923,0.9659,0.2077,0.0341,11,9,0,2,0,0.57,1,67.4315,106.6413,9.0,low
7,20,1,5.0,160000000000.0,49.4184,239069485362.66,996122855.68,2424923638.85,1964484539.24,1865141959.92,559781678.93,99342579.31,0.7692,0.9494,0.2308,0.0506,10,5,3,2,0,17.51,35,37.0517,75.2862,29.8899,low
8,24,1,4.1667,300000000000.0,57.4475,472342468826.91,1640078016.76,4242504892.22,3799609871.07,3316787703.68,925717188.54,482822167.39,0.7818,0.8729,0.2182,0.1271,9,6,2,1,0,2.64,9,57.6806,98.3469,23.191,low
9,12,1,8.3333,90000000000.0,67.526,150773411176.97,1047037577.62,1544705613.77,1040960086.89,881265257.8,663440355.96,159694829.09,0.5705,0.8466,0.4295,0.1534,6,4,0,2,0,0.85,1,46.8405,120.1516,29.5244,low
10,24,1,4.1667,120000000000.0,50.7327,180879210301.74,628052813.55,1663569009.6,1632456428.16,1542187319.66,121381689.94,90269108.5,0.927,0.9447,0.073,0.0553,10,9,1,0,0,1.26,4,55.2557,163.0165,9.0167,low
11,20,1,5.0,120000000000.0,39.9193,167903151595.28,699596464.98,2165499115.77,2066294825.15,390277253.02,1775221862.75,1676017572.13,0.1802,0.1889,0.8198,0.8111,13,2,3,1,7,54.15,77,41.7332,59.2138,100.0,high
12,30,1,3.3333,120000000000.0,42.7872,171344637619.28,475957326.72,1632945206.19,1235766091.83,891424592.36,741520613.82,344341499.47,0.5459,0.7214,0.4541,0.2786,14,6,3,3,2,25.29,64,32.9134,81.1179,57.642,medium
13,30,1,3.3333,90000000000.0,76.7207,159048657258.8,441801825.72,833213800.45,744299459.1,711850295.97,121363504.47,32449163.13,0.8543,0.9564,0.1457,0.0436,10,8,1,1,0,1.19,3,44.6599,81.4621,9.0,low
14,24,1,4.1667,120000000000.0,24.7219,149666311141.47,519674691.46,1396781380.55,1278476748.45,1185186836.2,211594544.35,93289912.26,0.8485,0.927,0.1515,0.073,10,8,1,1,0,2.94,12,54.8042,163.7793,23.6824,low
15,48,1,2.0833,160000000000.0,24.9814,199970201405.47,347170488.55,721871593.43,615387115.03,512708000.4,209163593.02,102679114.63,0.7102,0.8331,0.2898,0.1669,7,5,1,1,0,2.57,16,37.7968,36.4171,26.3948,low
16,36,1,2.7778,90000000000.0,56.5825,140924218259.61,326213468.19,849308519.92,696488013.91,414941069.44,434367450.47,281546944.47,0.4886,0.5958,0.5114,0.4042,10,1,3,2,4,45.71,62,55.7856,123.0967,87.8643,high
17,48,1,2.0833,70000000000.0,60.8836,112618549137.88,195518314.48,673838581.51,538353225.3,491394293.01,182444288.49,46958932.28,0.7292,0.9128,0.2708,0.0872,11,6,3,2,0,9.99,24,51.4687,128.7735,31.1342,low
18,16,1,6.25,160000000000.0,22.2085,195533566114.98,1018403990.18,3369330406.32,3117205705.42,1867143994.28,1502186412.04,1250061711.14,0.5542,0.599,0.4458,0.401,12,5,4,1,2,21.03,55,58.7517,121.0189,61.4376,medium
19,30,1,3.3333,160000000000.0,68.8829,270212698002.45,750590827.78,1256470291.96,1041931070.77,922762164.75,333708127.21,119168906.01,0.7344,0.8856,0.2656,0.1144,7,5,1,1,0,5.78,14,24.2937,105.0335,26.5812,low
20,30,1,3.3333,120000000000.0,48.9631,178755677248.29,496543547.91,1392330963.16,1252756481.43,1221958990.27,170371972.89,30797491.16,0.8776,0.9754,0.1224,0.0246,11,9,1,1,0,4.96,8,58.7084,104.1024,9.0,low
21,30,1,3.3333,300000000000.0,66.5659,499697656401.27,1388049045.56,2321348065.98,1954970421.46,1723367932.95,597980133.03,231602488.52,0.7424,0.8815,0.2576,0.1185,6,4,1,1,0,5.91,16,44.1362,80.6664,24.9873,low
22,24,1,4.1667,220000000000.0,48.3564,326383989515.74,1133277741.37,4833756936.74,4657827392.63,4428432781.58,405324155.17,229394611.06,0.9161,0.9508,0.0839,0.0492,16,14,1,1,0,4.12,8,40.0842,111.0456,9.0,low
23,24,1,4.1667,300000000000.0,35.774,407322137432.35,1414312977.2,3275704552.53,2867950824.81,2898870004.67,376834547.87,0.0,0.885,1.0,0.115,0.0,8,7,0,1,0,0.5,3,45.1172,119.1684,9.0,low
24,48,1,2.0833,160000000000.0,74.9018,279842931990.9,485838423.6,1588905178.22,1358860999.48,1086902588.52,502002589.7,271958410.95,0.6841,0.7999,0.3159,0.2001,15,7,6,2,0,21.22,24,40.0055,127.2913,46.428,medium
25,20,1,5.0,90000000000.0,27.3367,114602995767.14,477512482.36,1954537774.8,1862199742.61,1541280200.42,413257574.38,320919542.19,0.7886,0.8277,0.2114,0.1723,12,7,3,1,1,21.09,29,35.7377,35.2354,37.9373,medium
26,36,1,2.7778,160000000000.0,90.2735,304437588273.95,704716639.52,1906371046.23,1510942357.51,384119127.38,1522251918.85,1126823230.13,0.2015,0.2542,0.7985,0.7458,14,0,3,3,8,104.8,172,25.2793,87.3711,100.0,high
27,60,1,1.6667,90000000000.0,35.276,121748431218.52,169095043.36,656575894.12,601145606.58,519195341.33,137380552.79,81950265.25,0.7908,0.8637,0.2092,0.1363,14,10,2,1,1,9.02,11,52.9933,59.9863,30.2731,low
28,48,1,2.0833,70000000000.0,82.3057,127613986341.44,221552059.62,335761395.77,236155007.08,244590312.31,91171083.46,0.0,0.7285,1.0,0.2715,0.0,7,5,0,2,0,1.9,1,49.5396,141.8621,12.0246,low
29,36,1,2.7778,70000000000.0,51.5628,106093950617.84,245587848.65,704550080.1,537586860.51,497785702.21,206764377.89,39801158.29,0.7065,0.926,0.2935,0.074,9,6,1,2,0,6.9,15,36.0875,57.9986,14.1924,low
30,30,1,3.3333,120000000000.0,57.1663,188599569908.02,523887694.19,1531995328.94,1414399679.23,1389413895.88,142581433.06,24985783.35,0.9069,0.9823,0.0931,0.0177,14,12,1,1,0,3.94,9,45.6579,78.3866,9.0,low
31,48,2,4.1667,160000000000.0,43.7645,230023159936.91,798691527.56,3088833884.46,2843549275.9,2658415450.35,430418434.11,185133825.55,0.8607,0.9349,0.1393,0.0651,13,9,3,1,0,7.94,15,48.3233,97.3719,22.9556,low
32,24,2,8.3333,160000000000.0,82.3093,291694889916.95,2025658957.76,4603183160.25,3924020926.21,3205949734.08,1397233426.17,718071192.13,0.6965,0.817,0.3035,0.183,13,7,4,2,0,15.94,23,28.8884,118.8714,42.8262,medium
33,60,1,1.6667,160000000000.0,32.2926,211668217153.7,293983634.94,694638579.34,469219046.63,192292776.05,502345803.29,276926270.59,0.2768,0.4098,0.7232,0.5902,9,1,2,3,3,28.07,61,20.0,129.5746,84.6016,high
34,36,1,2.7778,300000000000.0,39.3869,418160811269.19,967964840.9,1984125585.68,1693260355.5,1672953630.55,311171955.13,20306724.95,0.8432,0.988,0.1568,0.012,7,5,1,1,0,3.24,7,46.4097,117.4101,11.434,low
35,24,1,4.1667,160000000000.0,58.2515,253202387809.06,879174957.67,2478509352.89,2189923225.68,1630163736.77,848345616.12,559759488.9,0.6577,0.7444,0.3423,0.2556,11,6,4,1,0,17.96,25,41.6287,53.4403,40.1069,medium
36,48,1,2.0833,160000000000.0,46.5097,234415533836.75,406971412.91,830338004.45,668950070.71,653496695.68,176841308.77,15453375.04,0.787,0.9769,0.213,0.0231,9,6,1,2,0,8.94,16,56.6078,56.2426,12.9452,low
37,60,1,1.6667,120000000000.0,42.834,171400858406.34,238056747.79,411136762.43,338488084.68,307715946.68,103420815.75,30772138.0,0.7485,0.9091,0.2515,0.0909,7,6,0,1,0,0.53,2,37.2321,185.0,18.4534,low
38,24,2,8.3333,220000000000.0,67.4756,368446413762.36,2558655651.13,10245572216.79,8793379096.92,6712249558.33,3533322658.46,2081129538.59,0.6551,0.7633,0.3449,0.2367,14,7,4,2,1,18.56,28,37.4647,108.6303,47.1859,medium
39,24,1,4.1667,220000000000.0,72.6457,379820559443.09,1318821386.96,4236068491.73,3875753707.89,3615031944.46,621036547.27,260721763.42,0.8534,0.9327,0.1466,0.0673,12,9,2,1,0,6.91,8,57.1926,112.8434,9.3106,low
40,36,1,2.7778,90000000000.0,54.9426,139448325436.13,322797049.62,882779183.28,709726830.54,564063908.98,318715274.3,145662921.56,0.639,0.7948,0.361,0.2052,10,4,3,2,1,28.85,47,50.1566,95.0421,54.7131,medium
41,30,1,3.3333,220000000000.0,41.919,312221717655.5,867282549.04,2846837753.33,2939955032.2,2121055216.9,725782536.43,818899815.3,0.7451,0.7215,0.2549,0.2785,12,7,4,0,1,11.83,19,45.7657,84.1595,46.1574,medium
42,20,1,5.0,90000000000.0,62.3001,146070054733.01,608625228.05,2246596614.01,2011915638.58,1968625209.98,277971404.03,43290428.6,0.8763,0.9785,0.1237,0.0215,13,11,1,1,0,4.97,7,49.9024,98.7749,9.0,low
43,36,1,2.7778,90000000000.0,34.9356,121442055722.88,281115869.73,703673485.23,552386239.05,502660891.18,201012594.05,49725347.87,0.7143,0.91,0.2857,0.09,10,6,2,2,0,4.34,18,40.6331,150.5239,19.128,low
44,60,1,1.6667,120000000000.0,53.1084,183730029242.48,255180596.17,705461517.07,614340957.26,537330824.72,168130692.35,77010132.54,0.7617,0.8746,0.2383,0.1254,10,7,2,1,0,2.99,12,41.864,120.7645,22.0218,low
45,48,1,2.0833,90000000000.0,51.8146,136633160581.26,237210348.23,628175380.66,574335940.59,412862672.98,215312707.68,161473267.61,0.6572,0.7189,0.3428,0.2811,10,4,3,1,2,28.05,42,39.1947,82.5292,56.6754,medium
46,16,1,6.25,220000000000.0,51.2032,332647012359.14,1732536522.7,4318045594.99,4336866397.36,3649536978.05,668508616.95,687329419.31,0.8452,0.8415,0.1548,0.1585,11,6,4,0,1,7.95,35,46.0558,53.0003,36.2809,medium
47,12,1,8.3333,220000000000.0,35.7939,298746583595.15,2074629052.74,7351756745.56,7518495017.69,6833627789.64,518128955.91,684867228.05,0.9295,0.9089,0.0705,0.0911,11,9,1,0,1,5.03,19,51.5325,49.6762,19.4929,low
48,24,1,4.1667,90000000000.0,63.1501,146835046848.3,509843912.67,1478511966.03,1043235140.08,416916018.99,1061595947.04,626319121.08,0.282,0.3996,0.718,0.6004,10,2,2,3,3,33.38,45,44.2083,92.8273,81.6061,high
49,20,2,10.0,90000000000.0,61.1782,145060361402.47,1208836345.02,5847963423.13,4706879569.7,2694696383.88,3153267039.25,2012183185.82,0.4608,0.5725,0.5392,0.4275,16,6,5,3,2,16.16,29,33.7135,133.0677,67.6195,high
50,24,1,4.1667,90000000000.0,30.0775,117069729069.91,406492114.83,1842098748.18,1782838574.29,1323646562.67,518452185.52,459192011.62,0.7186,0.7424,0.2814,0.2576,15,5,6,1,3,15.97,26,31.016,55.8501,57.6881,medium
51,30,2,6.6667,70000000000.0,45.8379,102086561822.12,567147565.68,1633672708.75,1538163715.89,1441097093.19,192575615.56,97066622.69,0.8821,0.9369,0.1179,0.0631,11,8,2,1,0,9.53,12,42.0291,97.7803,16.3718,low
52,12,1,8.3333,160000000000.0,71.264,274022370892.62,1902933131.2,6035867328.39,5138402898.53,4489044384.9,1546822943.49,649358513.63,0.7437,0.8736,0.2563,0.1264,16,11,2,2,1,6.58,10,37.7732,126.6255,33.4415,low
53,36,1,2.7778,120000000000.0,65.248,198297568273.73,459022148.78,737074595.3,762915567.19,727342911.82,9731683.48,35572655.38,0.9868,0.9534,0.0132,0.0466,7,6,1,0,0,0.29,7,54.244,106.9829,9.8749,low
54,24,1,4.1667,90000000000.0,84.6763,166208669660.82,577113436.32,2374305768.3,2467244146.92,2207510418.02,166795350.28,259733728.89,0.9297,0.8947,0.0703,0.1053,16,12,3,0,1,10.17,17,45.4797,142.9674,30.1767,low
55,24,1,4.1667,90000000000.0,23.3073,110976605592.51,385335436.09,976922628.31,948966683.61,431517197.74,545405430.57,517449485.86,0.4417,0.4547,0.5583,0.5453,8,3,3,0,2,35.87,83,50.7101,78.8147,88.9197,high
56,30,1,3.3333,70000000000.0,58.3028,110811953188.07,307810981.08,1161594317.24,1042829160.22,867009382.54,294584934.7,175819777.68,0.7464,0.8314,0.2536,0.1686,16,8,6,2,0,19.64,25,53.6789,66.112,39.1087,medium
57,16,1,6.25,300000000000.0,69.8351,509505337232.5,2653673631.42,10080025657.72,7931258724.43,3605681407.72,6474344249.99,4325577316.7,0.3577,0.4546,0.6423,0.5454,15,2,5,3,5,35.3,106,45.2667,74.8163,83.2583,high
58,36,1,2.7778,90000000000.0,64.5864,148127725008.42,342888252.33,1378869318.51,1127807678.97,429948539.47,948920779.05,697859139.5,0.3118,0.3812,0.6882,0.6188,16,3,5,3,5,39.44,70,36.1164,111.7066,87.5744,high
59,36,1,2.7778,120000000000.0,66.6675,200001018168.9,462965319.84,783372004.67,476655838.19,272724826.53,510647178.14,203931011.66,0.3481,0.5722,0.6519,0.4278,8,1,2,3,2,64.62,112,58.171,146.3591,93.5133,high
60,16,1,6.25,120000000000.0,22.735,147281953091.94,767093505.69,1524547123.11,1483353409.34,1403638986.93,120908136.18,79714422.41,0.9207,0.9463,0.0793,0.0537,7,6,1,0,0,5.09,9,34.7642,113.3551,9.0,low
61,20,1,5.0,220000000000.0,55.2683,341590347230.21,1423293113.46,2281404508.62,1557250817.84,1049518624.63,1231885883.99,507732193.2,0.46,0.674,0.54,0.326,6,2,1,2,1,22.25,51,37.3337,79.4475,62.6418,medium
62,24,1,4.1667,120000000000.0,58.5213,190225589353.04,660505518.59,2662510540.02,2537291580.77,2173416726.79,489093813.23,363874853.98,0.8163,0.8566,0.1837,0.1434,14,8,4,1,1,13.47,17,56.8429,185.0,33.7203,low
63,36,1,2.7778,120000000000.0,58.6052,190326239325.01,440569998.44,754442246.05,646431741.06,605116643.71,149325602.34,41315097.36,0.8021,0.9361,0.1979,0.0639,7,5,1,1,0,9.62,14,23.699,94.6891,19.7649,low
64,24,1,4.1667,160000000000.0,55.6243,248998806290.13,864579188.51,2063067800.89,1823837202.3,1533025402.67,530042398.22,290811799.63,0.7431,0.8405,0.2569,0.1595,11,8,2,1,0,8.85,13,52.8406,125.2189,22.7333,low
65,12,1,8.3333,120000000000.0,69.9555,203946568924.02,1416295617.53,5437250068.78,5268918604.29,4641101543.8,796148524.98,627817060.49,0.8536,0.8808,0.1464,0.1192,15,12,2,1,0,10.38,16,46.2212,60.4406,17.2692,low
66,30,1,3.3333,90000000000.0,38.7852,124906689754.43,346963027.1,1628649210.02,1297970227.56,732543004.6,896106205.42,565427222.96,0.4498,0.5644,0.5502,0.4356,16,3,4,3,6,65.6,93,35.1654,65.4003,74.4986,high
67,12,1,8.3333,220000000000.0,40.3064,308674008590.99,2143569504.1,5298168920.46,4538759656.44,923561358.28,4374607562.19,3615198298.17,0.1743,0.2035,0.8257,0.7965,9,1,2,1,5,65.96,145,34.8114,104.9989,100.0,high
68,24,2,8.3333,90000000000.0,40.2125,126191278995.38,876328326.36,3243570874.39,2901242750.23,2875385198.1,368185676.29,25857552.13,0.8865,0.9911,0.1135,0.0089,11,8,2,1,0,2.61,6,54.4815,40.351,9.0,low
69,24,1,4.1667,70000000000.0,56.656,109659182470.22,380761050.24,826886150.97,810043470.36,788601234.05,38284916.92,21442236.31,0.9537,0.9735,0.0463,0.0265,8,7,1,0,0,4.54,7,47.7555,114.4141,9.0,low
70,12,1,8.3333,90000000000.0,50.6196,135557631414.65,941372440.38,3031608945.12,2675994766.9,2014046042.14,1017562902.99,661948724.77,0.6643,0.7526,0.3357,0.2474,11,4,4,1,2,28.78,44,45.63,73.4674,66.0591,high
71,36,1,2.7778,90000000000.0,66.9373,150243564260.18,347786028.38,1105839468.48,1136425001.55,939993325.39,165846143.09,196431676.16,0.85,0.8271,0.15,0.1729,11,6,4,0,1,12.94,27,55.9936,100.9674,34.6663,low
72,12,1,8.3333,70000000000.0,50.4151,105290592670.09,731184671.32,1406242690.17,1263862033.85,1269323518.24,136919171.93,0.0,0.9026,1.0,0.0974,0.0,9,8,0,1,0,0.8,3,34.9357,49.9713,9.0,low
73,20,1,5.0,120000000000.0,25.1159,150139114555.02,625579643.98,2435308236.14,1988348111.58,1953157030.47,482151205.66,35191081.11,0.802,0.9823,0.198,0.0177,11,8,1,2,0,3.07,18,45.2881,97.1988,9.0,low
74,24,1,4.1667,160000000000.0,49.4979,239196616104.98,830543805.92,1987094523.44,1767819867.44,1553674821.57,433419701.87,214145045.87,0.7819,0.8789,0.2181,0.1211,7,5,1,1,0,2.63,15,62.131,138.5909,30.6968,low
75,30,1,3.3333,160000000000.0,78.0756,284920985264.52,791447181.29,1128998736.78,986880157.78,547767572.74,581231164.04,439112585.04,0.4852,0.555,0.5148,0.445,7,3,2,1,1,32.44,35,61.7532,42.7725,73.9353,high
76,48,1,2.0833,120000000000.0,49.9935,179992228590.18,312486507.97,1017598089.21,866854418.46,673129826.9,344468262.32,193724591.56,0.6615,0.7765,0.3385,0.2235,13,6,4,2,1,6.08,33,40.7607,49.09,37.8589,medium
77,20,1,5.0,220000000000.0,80.2591,396569964809.04,1652374853.37,5307401642.01,4790700045.62,4807634287.23,499767354.77,0.0,0.9058,1.0,0.0942,0.0,14,12,1,1,0,3.04,9,42.5243,178.2711,10.5232,low
78,20,1,5.0,120000000000.0,65.633,198759608435.67,828165035.15,3279762633.44,2980366267.62,2685582796.19,594179837.24,294783471.43,0.8188,0.9011,0.1812,0.0989,15,12,2,1,0,2.72,12,26.4465,147.4483,12.537,low
79,36,1,2.7778,220000000000.0,68.5206,370745329005.29,858206780.1,1557415631.48,1311863959.29,1130293177.8,427122453.68,181570781.49,0.7257,0.8616,0.2743,0.1384,8,6,1,1,0,6.67,15,47.7981,78.2429,26.7569,low
80,12,1,8.3333,160000000000.0,25.8079,201292612821.02,1397865366.81,4487085595.73,3439087384.09,2991204346.98,1495881248.75,447883037.11,0.6666,0.8698,0.3334,0.1302,8,4,2,2,0,16.36,32,53.0114,38.95,37.109,medium
81,24,1,4.1667,90000000000.0,44.7641,130287668731.16,452387738.65,927086732.34,795216876.79,501658602.54,425428129.8,293558274.25,0.5411,0.6308,0.4589,0.3692,7,3,2,1,1,19.5,56,44.9168,68.4058,64.4749,medium
82,20,1,5.0,120000000000.0,45.9124,175094873321.1,729561972.17,3152421093.68,2827872526.9,2517004035.74,635417057.94,310868491.16,0.7984,0.8901,0.2016,0.1099,13,7,4,1,1,11.42,28,36.2566,107.2007,41.2096,medium
83,30,1,3.3333,160000000000.0,57.4535,251925537475.84,699793159.66,2078805265.62,1791202773.96,1628070909.31,450734356.32,163131864.65,0.7832,0.9089,0.2168,0.0911,13,8,3,2,0,21.6,26,31.6743,95.0335,33.8714,low
84,24,2,8.3333,160000000000.0,62.276,259641557374.94,1803066370.66,2546129431.45,2192891833.33,1187934888.03,1358194543.42,1004956945.3,0.4666,0.5417,0.5334,0.4583,7,3,2,1,1,32.44,40,55.2458,105.5427,73.9697,high
85,12,1,8.3333,120000000000.0,39.4142,167297068455.75,1161785197.61,5243930414.11,4083481274.61,2716087936.93,2527842477.18,1367393337.68,0.5179,0.6651,0.4821,0.3349,15,5,5,3,2,12.69,20,48.2835,69.5191,53.2447,medium
86,30,1,3.3333,120000000000.0,49.5119,179414254842.42,498372930.12,1238346205.91,1145467725.95,1158772156.19,79574049.72,0.0,0.9357,1.0,0.0643,0.0,10,8,1,1,0,3.36,6,26.8245,122.2967,12.5878,low
87,24,1,4.1667,90000000000.0,56.3173,140685561609.5,488491533.37,2066018635.12,1868376728.73,1763108125.41,302910509.7,105268603.31,0.8534,0.9437,0.1466,0.0563,16,12,3,1,0,10.59,14,35.7797,64.0622,25.7729,low
88,60,1,1.6667,220000000000.0,33.1467,292922633835.56,406836991.44,1054662521.16,791643974.5,644105748.88,410556772.28,147538225.62,0.6107,0.8136,0.3893,0.1864,8,4,2,2,0,8.73,27,48.359,151.5661,33.5917,low
89,30,1,3.3333,160000000000.0,68.7451,269992093594.93,749978037.76,1568109163.85,1612266354.65,1560268618.03,7840545.82,51997736.63,0.995,0.9677,0.005,0.0323,8,7,1,0,0,2.25,7,57.5639,60.5134,9.0,low
90,12,1,8.3333,160000000000.0,40.2805,224448832594.52,1558672448.57,8153239647.32,6885122758.82,5947738540.51,2205501106.81,937384218.32,0.7295,0.8639,0.2705,0.1361,16,12,1,2,1,10.3,12,46.3811,146.5645,23.4771,low
91,30,1,3.3333,120000000000.0,37.9966,165595930632.66,459988696.2,1565748948.24,1303262234.15,1167153737.22,398595211.01,136108496.93,0.7454,0.8956,0.2546,0.1044,13,7,3,2,1,6.77,24,63.4791,105.0856,29.4761,low
92,24,1,4.1667,160000000000.0,61.4138,258262007386.97,896743081.2,3919512810.87,3062913679.85,1855535179.13,2063977631.74,1207378500.72,0.4734,0.6058,0.5266,0.3942,16,3,5,3,5,38.38,106,55.6568,77.8267,81.4514,high
93,20,1,5.0,90000000000.0,51.688,136519204126.93,568830017.2,1351024920.16,1182379441.25,1156815692.59,194209227.57,25563748.67,0.8563,0.9784,0.1437,0.0216,8,7,0,1,0,0.63,1,47.0366,73.2343,9.0,low
94,12,1,8.3333,90000000000.0,61.1217,145009486045.31,1007010319.76,1674417397.46,1628208064.14,1590902602.33,83514795.13,37305461.82,0.9501,0.9771,0.0499,0.0229,6,5,1,0,0,5.24,14,26.1962,91.9466,13.1054,low
95,24,1,4.1667,70000000000.0,18.0,82600000000.0,286805555.56,1410890605.39,1081954596.94,451319825.6,959570779.79,630634771.33,0.3199,0.4171,0.6801,0.5829,14,4,4,3,3,30.73,107,41.4489,52.5178,84.5824,high
96,20,1,5.0,160000000000.0,47.6361,236217758536.6,984240660.57,4782432762.49,4113317499.16,3687806914.37,1094625848.12,425510584.79,0.7711,0.8966,0.2289,0.1034,15,8,4,2,1,19.74,34,51.6665,133.0061,31.035,low
97,20,1,5.0,160000000000.0,48.3175,237307938459.34,988783076.91,3934091984.07,3300695484.55,1433298701.35,2500793282.72,1867396783.2,0.3643,0.4342,0.6357,0.5658,15,2,6,2,5,105.21,113,20.0,77.9921,95.631,high
98,24,1,4.1667,160000000000.0,63.8142,262102733698.93,910078936.45,2204788380.81,1922233704.58,1510406045.14,694382335.67,411827659.44,0.6851,0.7858,0.3149,0.2142,9,5,3,1,0,14.71,24,38.188,101.7679,36.8453,medium
99,24,1,4.1667,90000000000.0,40.3167,126285065825.97,438489811.9,2090756749.7,2018166929.96,1978360360.13,112396389.57,39806569.82,0.9462,0.9803,0.0538,0.0197,14,13,0,1,0,1.67,2,51.6678,54.822,9.0,low
100,12,1,8.3333,220000000000.0,68.5,370699939093.22,2574305132.59,10954908172.97,10673539820.99,10594812719.37,360095453.59,78727101.62,0.9671,0.9926,0.0329,0.0074,16,14,1,1,0,2.98,9,39.5743,69.3098,9.0,low
101,30,1,3.3333,160000000000.0,73.5853,277736410322.49,771490028.67,2622928632.54,2149532244.02,1726930974.14,895997658.4,422601269.88,0.6584,0.8034,0.3416,0.1966,13,6,5,2,0,20.89,33,77.2378,75.3743,43.406,medium
102,36,1,2.7778,90000000000.0,51.7561,136580525591.04,316158624.05,1461774147.12,1321476377.42,1317631654.57,144142492.55,3844722.86,0.9014,0.9971,0.0986,0.0029,14,13,0,1,0,0.71,1,38.8343,102.0736,9.0,low
103,30,2,6.6667,160000000000.0,34.0395,214463215452.19,1191462308.07,4524450514.09,4303027450.09,2457748676.42,2066701837.67,1845278773.67,0.5432,0.5712,0.4568,0.4288,15,4,5,1,5,69.12,79,46.7557,77.1837,80.0323,high
104,20,1,5.0,120000000000.0,86.6464,223975675872.89,933231982.8,1976312785.67,1754506403.7,1658570441.68,317742343.99,95935962.02,0.8392,0.9453,0.1608,0.0547,12,9,2,1,0,6.99,12,33.2593,112.9778,14.4452,low
105,60,1,1.6667,160000000000.0,63.9626,262340202637.38,364361392.55,1123972970.88,1047518207.29,1026576441.79,97396529.09,20941765.51,0.9133,0.98,0.0867,0.02,10,8,1,1,0,3.41,5,53.3542,131.8632,9.0,low
106,36,1,2.7778,160000000000.0,37.9736,220757789429.61,511013401.46,888041554.33,892882913.74,792953173.25,95088381.08,99929740.49,0.8929,0.8881,0.1071,0.1119,7,6,1,0,0,2.24,13,32.6308,108.3996,20.4789,low
107,48,1,2.0833,160000000000.0,77.2247,283559574897.62,492290928.64,1438316246.36,1138677020.36,1125383495.36,312932751.0,13293525.0,0.7824,0.9883,0.2176,0.0117,11,9,0,2,0,0.8,1,42.2661,44.038,9.0,low
108,30,1,3.3333,120000000000.0,59.8132,191775878480.4,532710773.56,1672639278.51,1458929198.58,1333808445.34,338830833.17,125120753.25,0.7974,0.9142,0.2026,0.0858,13,7,4,2,0,18.65,35,60.3596,85.1963,29.3482,low
109,30,1,3.3333,120000000000.0,64.2005,197040575548.69,547334932.08,1595287313.77,1379629885.36,1191124282.5,404163031.27,188505602.85,0.7467,0.8634,0.2533,0.1366,15,12,1,2,0,8.11,16,34.2532,92.3907,22.4936,low
110,48,1,2.0833,300000000000.0,72.2705,516811371219.6,897241963.92,2360765055.07,2242444453.99,2078245648.25,282519406.83,164198805.74,0.8803,0.9268,0.1197,0.0732,13,10,2,1,0,8.94,11,44.5766,67.9,9.0,low
111,20,1,5.0,120000000000.0,38.2305,165876574674.55,691152394.48,3424400494.32,2781192886.79,2055388537.94,1369011956.38,725804348.85,0.6002,0.739,0.3998,0.261,14,4,5,3,2,27.46,36,56.1765,45.3682,55.7937,medium
112,48,1,2.0833,220000000000.0,71.3629,376998324056.27,654510979.26,2562539147.3,2077520831.76,1253561534.96,1308977612.34,823959296.8,0.4892,0.6034,0.5108,0.3966,16,5,5,3,3,16.98,49,70.8816,104.9708,67.1433,high
113,60,1,1.6667,70000000000.0,41.2717,98890169301.32,137347457.36,554391425.85,484328626.71,358884678.16,195506747.69,125443948.55,0.6473,0.741,0.3527,0.259,16,9,4,2,1,7.59,15,48.5347,126.348,42.1227,medium
114,48,1,2.0833,70000000000.0,35.9994,95199576380.74,165277042.33,986589841.87,882649037.35,736049761.54,250540080.32,146599275.81,0.7461,0.8339,0.2539,0.1661,16,13,1,2,0,3.53,14,42.2243,94.3343,24.5624,low
115,24,1,4.1667,220000000000.0,40.8878,309953136559.94,1076226168.61,2092475851.43,1791442517.74,528032728.65,1564443122.78,1263409789.09,0.2523,0.2948,0.7477,0.7052,8,1,2,1,4,68.81,177,52.961,73.619,100.0,high
116,24,1,4.1667,70000000000.0,71.6801,120176049626.42,417277950.09,783666819.36,620604222.22,556765211.53,226901607.83,63839010.7,0.7105,0.8971,0.2895,0.1029,10,5,3,2,0,13.39,31,25.1043,88.9657,33.515,low
117,24,1,4.1667,300000000000.0,37.084,411252010383.77,1427958369.39,6274614779.9,5001055818.04,2910737832.04,3363876947.85,2090317985.99,0.4639,0.582,0.5361,0.418,13,3,4,3,3,63.27,104,42.4285,128.0851,84.7813,high
118,36,1,2.7778,90000000000.0,65.4321,148888889932.43,344650208.18,1121167880.77,984297153.78,854139940.44,267027940.32,130157213.34,0.7618,0.8678,0.2382,0.1322,16,12,2,2,0,5.32,12,32.638,60.8631,23.9845,low
119,24,1,4.1667,120000000000.0,43.5121,172214553545.58,597967199.81,1653088625.26,1654827936.42,882218003.69,770870621.57,772609932.73,0.5337,0.5331,0.4663,0.4669,9,3,3,0,3,41.18,111,25.2278,73.7906,89.8589,high
120,16,1,6.25,220000000000.0,54.4499,339789766621.53,1769738367.82,3560997669.97,2449657944.41,1836235384.94,1724762285.03,613422559.47,0.5157,0.7496,0.4843,0.2504,7,2,2,2,1,27.3,48,33.4852,142.2138,63.779,medium
121,30,2,6.6667,70000000000.0,46.6321,102642451516.53,570235841.76,1062602801.4,1085428712.88,821022601.19,241580200.21,264406111.69,0.7727,0.7564,0.2273,0.2436,7,4,2,0,1,39.8,59,52.9583,117.5633,57.8897,medium
122,30,1,3.3333,120000000000.0,74.0622,208874620257.58,580207278.49,1646549712.47,1316089635.64,1196016502.2,450533210.27,120073133.44,0.7264,0.9088,0.2736,0.0912,11,6,3,2,0,9.78,18,46.8764,53.8914,37.1901,medium
123,36,1,2.7778,70000000000.0,63.7623,114633625481.11,265355614.54,590547459.01,402565792.31,217552729.22,372994729.79,185013063.09,0.3684,0.5404,0.6316,0.4596,9,2,2,3,2,25.06,73,37.2022,165.32,86.9229,high
124,12,1,8.3333,220000000000.0,47.8085,325178616442.43,2258184836.41,9551770508.2,8322846112.4,8110497560.97,1441272947.23,212348551.43,0.8491,0.9745,0.1509,0.0255,15,12,1,2,0,0.7,9,66.8251,110.119,9.0,low
125,24,1,4.1667,120000000000.0,37.3229,164787511116.73,572178858.04,972382439.87,822967110.67,793989245.57,178393194.31,28977865.11,0.8165,0.9648,0.1835,0.0352,7,6,0,1,0,1.81,3,35.2036,53.6097,9.0,low
126,30,1,3.3333,160000000000.0,34.237,214779194715.04,596608874.21,2818220776.52,2803219603.28,2516191609.51,302029167.01,287027993.77,0.8928,0.8976,0.1072,0.1024,16,12,3,0,1,5.51,11,37.4152,15.0,21.5295,low
127,16,1,6.25,120000000000.0,34.3097,161171646304.6,839435657.84,3359858291.88,3222229975.62,3241993492.89,117864798.99,0.0,0.9649,1.0,0.0351,0.0,15,12,2,1,0,0.74,8,44.0473,79.7163,9.0,low
128,30,1,3.3333,160000000000.0,57.7825,252451962009.58,701255450.03,1353305660.2,1173021712.69,1059072003.25,294233656.95,113949709.45,0.7826,0.9029,0.2174,0.0971,8,6,1,1,0,2.31,10,56.3724,70.3853,15.9812,low
129,20,1,5.0,120000000000.0,42.4913,170989585679.14,712456607.0,2300345986.88,1885778940.77,1505880395.43,794465591.46,379898545.34,0.6546,0.7985,0.3454,0.2015,12,5,3,2,2,14.55,65,52.5216,36.987,52.0743,medium
130,36,1,2.7778,120000000000.0,61.4221,193706489414.63,448394651.42,758648258.5,653496019.52,596210976.96,162437281.54,57285042.55,0.7859,0.9123,0.2141,0.0877,8,6,1,1,0,8.67,19,51.0427,58.5965,9.0644,low
131,12,1,8.3333,120000000000.0,53.963,184755644637.27,1283025309.98,4389688363.47,3939505082.61,3469297279.17,920391084.29,470207803.43,0.7903,0.8806,0.2097,0.1194,14,11,2,1,0,10.2,14,29.1649,87.723,27.727,low
132,36,1,2.7778,160000000000.0,46.997,235195210915.2,544433358.6,898708149.19,633112699.75,531931939.98,366776209.21,101180759.77,0.5919,0.8402,0.4081,0.1598,7,3,2,2,0,15.25,21,41.4756,104.9255,39.4116,medium
133,24,1,4.1667,120000000000.0,53.3842,184061049097.11,639100864.92,2545161186.32,2231625044.7,1964192257.36,580968928.96,267432787.34,0.7717,0.8802,0.2283,0.1198,13,10,1,2,0,5.13,14,37.2687,127.7341,19.5952,low
134,12,1,8.3333,160000000000.0,75.3138,280502125574.12,1947931427.6,5678047926.9,4944049637.64,4619991992.8,1058055934.09,324057644.84,0.8137,0.9345,0.1863,0.0655,15,10,3,2,0,5.33,15,43.4493,81.2053,29.8095,low
135,24,1,4.1667,70000000000.0,50.6041,105422852951.15,366051572.75,793864037.21,658056684.17,605095656.55,188768380.66,52961027.61,0.7622,0.9195,0.2378,0.0805,10,7,1,2,0,11.42,15,51.2326,66.6164,9.1502,low
136,24,1,4.1667,90000000000.0,61.0587,144952854795.12,503308523.59,1979282367.13,1731922834.48,1583512854.11,395769513.01,148409980.37,0.8,0.9143,0.2,0.0857,14,10,1,2,1,7.54,17,29.4898,157.3847,24.5432,low
137,48,1,2.0833,70000000000.0,82.75,127925030178.82,222092066.28,526863275.02,482082199.63,453776416.76,73086858.26,28305782.87,0.8613,0.9413,0.1387,0.0587,11,9,1,1,0,2.82,9,56.9745,168.6849,22.0473,low
138,20,1,5.0,70000000000.0,67.5827,117307860662.05,488782752.76,1111023725.56,1019137381.33,1023533356.18,87490369.38,0.0,0.9213,1.0,0.0787,0.0,10,9,0,1,0,0.4,3,60.0544,91.9662,13.3091,low
139,16,1,6.25,90000000000.0,62.938,146644163778.18,763771686.34,2454849117.8,2065676013.23,2023644640.43,431204477.38,42031372.8,0.8243,0.9797,0.1757,0.0203,11,9,0,2,0,1.25,0,37.4551,100.3253,9.0,low
140,30,1,3.3333,300000000000.0,72.0907,516271963576.93,1434088787.71,5203321365.48,4377703523.55,1386387155.99,3816934209.49,2991316367.56,0.2664,0.3167,0.7336,0.6833,15,4,4,2,5,40.28,93,52.1431,80.7613,87.8036,high
141,36,1,2.7778,220000000000.0,52.9869,336571183425.35,779099961.63,1191871958.09,1168332236.9,1141087613.14,50784344.94,27244623.76,0.9574,0.9767,0.0426,0.0233,7,5,2,0,0,7.54,12,50.0683,66.3151,13.2917,low
142,20,1,5.0,160000000000.0,63.0505,260880847630.1,1087003531.79,4266678538.32,4198427537.67,3847122459.08,419556079.24,351305078.59,0.9017,0.9163,0.0983,0.0837,15,11,3,0,1,7.3,10,37.7819,135.7815,27.5898,low
143,36,1,2.7778,220000000000.0,61.6321,355590518132.76,823126199.38,1317902853.38,935319121.73,784508872.44,533393980.94,150810249.29,0.5953,0.8388,0.4047,0.1612,7,4,1,2,0,6.21,29,50.1003,141.2995,40.7844,medium
144,16,1,6.25,220000000000.0,45.1176,319258736203.0,1662805917.72,8097157764.22,8336430579.78,7982689756.17,114468008.04,353740823.61,0.9859,0.9576,0.0141,0.0424,15,12,2,0,1,11.98,14,38.466,110.9046,17.0,low
145,12,2,16.6667,120000000000.0,37.8707,165444792468.73,2297844339.84,8724744483.81,7163924060.1,5583468271.47,3141276212.33,1580455788.63,0.64,0.7794,0.36,0.2206,12,5,4,2,1,14.67,29,56.0541,98.4838,37.3825,medium
146,24,1,4.1667,160000000000.0,72.067,275307147348.88,955927594.96,1904871636.46,1547512875.85,1367104328.82,537767307.64,180408547.03,0.7177,0.8834,0.2823,0.1166,10,7,1,2,0,3.12,9,31.2514,119.706,27.5839,low
147,24,1,4.1667,160000000000.0,32.1165,211386407612.79,733980581.99,4285036010.04,3693405751.06,2772009060.39,1513026949.65,921396690.67,0.6469,0.7505,0.3531,0.2495,15,6,7,2,0,11.4,24,47.7147,15.0,35.6349,medium
148,16,1,6.25,160000000000.0,68.7171,269947430801.11,1405976202.09,4178793057.27,3763406716.16,3739442129.54,439350927.72,23964586.61,0.8949,0.9936,0.1051,0.0064,15,14,0,1,0,1.17,1,37.7513,70.2586,9.0,low
149,48,1,2.0833,120000000000.0,79.8305,215796566754.98,374646817.28,501557416.14,419376838.69,402289930.88,99267485.26,17086907.8,0.8021,0.9593,0.1979,0.0407,7,5,1,1,0,5.49,7,36.6612,146.8651,23.118,low
150,20,1,5.0,300000000000.0,34.3575,403072586603.65,1679469110.85,4413801321.47,3226332218.29,3402031065.54,1011770255.93,0.0,0.7708,1.0,0.2292,0.0,8,6,0,2,0,1.05,3,42.5732,76.3408,9.0,low
151,16,1,6.25,90000000000.0,97.0079,177307081263.1,923474381.58,1831191285.09,1570510650.54,1608187515.56,223003769.54,0.0,0.8782,1.0,0.1218,0.0,12,10,0,2,0,0.66,0,63.4732,111.6554,9.0,low
152,16,1,6.25,120000000000.0,59.8323,191798719525.46,998951664.2,2998069442.21,2562085945.49,2499035963.1,499033479.11,63049982.39,0.8335,0.9754,0.1665,0.0246,13,11,0,2,0,1.54,2,43.4624,121.7868,10.4138,low
153,12,2,16.6667,220000000000.0,68.3069,370275222859.9,5142711428.61,8872182750.05,7524496858.42,6617703830.09,2254478919.96,906793028.33,0.7459,0.8795,0.2541,0.1205,7,5,1,1,0,2.08,14,43.3516,92.1651,20.5985,low
154,24,1,4.1667,90000000000.0,72.3884,155149542162.52,538713688.06,2020147297.69,1774596638.24,1630654842.05,389492455.64,143941796.19,0.8072,0.9189,0.1928,0.0811,16,11,3,2,0,7.19,17,61.5541,139.2358,23.2948,low
155,20,1,5.0,90000000000.0,62.1397,145925769220.09,608024038.42,2186876571.42,1967993851.67,1198042466.56,988834104.86,769951385.11,0.5478,0.6088,0.4522,0.3912,15,7,4,1,3,14.92,17,40.4636,83.758,64.0729,medium
156,20,1,5.0,70000000000.0,18.0,82600000000.0,344166666.67,815754802.07,808526626.09,247795542.9,567959259.17,560731083.19,0.3038,0.3065,0.6962,0.6935,8,3,2,0,3,53.35,59,52.1407,120.9582,96.9336,high
157,24,1,4.1667,160000000000.0,24.4873,199179637468.76,691595963.43,2602043896.11,2277701940.19,2103402826.25,498641069.86,174299113.94,0.8084,0.9235,0.1916,0.0765,11,8,2,1,0,11.67,15,43.5972,119.9987,9.0,low
158,20,1,5.0,90000000000.0,41.9758,127778209974.32,532409208.23,1965914915.67,1717917962.57,1664982739.48,300932176.18,52935223.08,0.8469,0.9692,0.1531,0.0308,14,10,2,2,0,2.6,9,33.3343,127.8041,14.4012,low
159,36,1,2.7778,120000000000.0,56.995,188393964140.45,436097139.21,543630137.51,437755070.84,422277333.64,121352803.87,15477737.2,0.7768,0.9646,0.2232,0.0354,6,4,1,1,0,6.84,14,45.667,118.7428,18.3334,low
160,20,1,5.0,160000000000.0,38.8505,222160851473.3,925670214.47,2550233489.14,2475729719.4,2418536285.54,131697203.6,57193433.85,0.9484,0.9769,0.0516,0.0231,8,7,1,0,0,3.84,9,60.4254,108.94,9.0,low
161,16,1,6.25,160000000000.0,66.1524,265843819671.63,1384603227.46,5497223279.47,4686677182.11,2880342601.88,2616880677.59,1806334580.24,0.524,0.6146,0.476,0.3854,15,8,3,2,2,40.49,62,26.1493,15.0,56.5037,medium
162,20,1,5.0,120000000000.0,21.7262,146071492263.48,608631217.76,2489203380.12,2031733282.45,2007770597.57,481432782.55,23962684.88,0.8066,0.9882,0.1934,0.0118,12,9,1,2,0,10.94,13,48.4475,104.2612,12.1167,low
163,36,2,5.5556,300000000000.0,57.3924,472177276936.03,2186005911.74,2927457660.17,2355260157.23,2063845939.08,863611721.09,291414218.15,0.705,0.8763,0.295,0.1237,6,4,1,1,0,3.81,19,48.9212,146.7071,32.3582,low
164,30,1,3.3333,120000000000.0,77.9809,213577114796.45,593269763.32,1672038103.51,1303958283.6,732569800.78,939468302.74,571388482.82,0.4381,0.5618,0.5619,0.4382,14,3,5,3,3,38.2,102,39.4072,125.7234,85.7082,high
165,20,1,5.0,300000000000.0,27.7617,383284977180.32,1597020738.25,4183997456.05,3811735132.02,3430502325.65,753495130.4,381232806.37,0.8199,0.9,0.1801,0.1,9,7,1,1,0,4.59,14,62.7968,152.1774,12.8982,low
166,30,1,3.3333,160000000000.0,30.0066,208010629162.96,577807303.23,1037011825.41,860369703.31,792272261.09,244739564.32,68097442.22,0.764,0.9209,0.236,0.0791,7,5,1,1,0,2.71,12,32.3728,89.2672,12.3889,low
167,24,1,4.1667,160000000000.0,86.4162,298265847266.94,1035645303.01,3213888229.57,2561736290.09,1478412574.71,1735475654.86,1083323715.38,0.46,0.5771,0.54,0.4229,16,2,6,3,5,68.16,89,38.389,93.2885,90.9936,high
168,20,1,5.0,160000000000.0,63.1517,261042748203.0,1087678117.51,4352209542.39,3510148256.2,1612428561.85,2739780980.53,1897719694.35,0.3705,0.4594,0.6295,0.5406,16,2,5,3,6,44.11,109,37.5383,112.4154,92.4066,high
169,24,2,8.3333,120000000000.0,79.3009,215161037933.47,1494173874.54,3076435112.71,1951372370.99,1668332148.87,1408102963.84,283040222.12,0.5423,0.855,0.4577,0.145,8,2,2,3,1,18.56,30,45.2263,55.7206,52.174,medium
170,30,1,3.3333,90000000000.0,43.4821,129133889364.14,358705248.23,980785620.58,782671014.42,621935989.79,358849630.79,160735024.64,0.6341,0.7946,0.3659,0.2054,9,3,3,2,1,35.29,57,51.558,63.6051,45.8289,medium
171,48,2,4.1667,120000000000.0,36.7123,164054713208.15,569634420.86,1029585516.77,723105470.01,625824057.3,403761459.47,97281412.71,0.6078,0.8655,0.3922,0.1345,7,4,1,2,0,6.83,19,55.9547,108.0012,28.6604,low
172,48,1,2.0833,220000000000.0,57.7686,347090899629.69,602588367.41,1680641278.34,1498942329.97,1442757599.15,237883679.18,56184730.82,0.8585,0.9625,0.1415,0.0375,13,12,0,1,0,1.48,2,50.5727,89.1545,9.0,low
173,48,1,2.0833,70000000000.0,55.8661,109106238735.46,189420553.36,392621851.23,238394086.43,192940276.15,199681575.08,45453810.28,0.4914,0.8093,0.5086,0.1907,8,2,2,3,1,32.93,58,48.9961,147.5414,55.4773,medium
174,36,1,2.7778,220000000000.0,64.906,362793143244.65,839798942.7,1100617895.38,907042434.24,222586761.79,878031133.59,684455672.44,0.2022,0.2454,0.7978,0.7546,6,0,2,1,3,65.16,69,34.4877,86.9495,100.0,high
175,16,1,6.25,160000000000.0,58.553,253684774793.05,1321274868.71,3816457785.32,2611075420.2,1708758710.66,2107699074.65,902316709.54,0.4477,0.6544,0.5523,0.3456,10,3,3,3,1,16.7,19,54.3059,174.9822,62.7371,medium
176,36,2,5.5556,160000000000.0,49.4834,239173372841.04,1107284133.52,2269986432.35,1914042927.8,1888782224.37,381204207.98,25260703.43,0.8321,0.9868,0.1679,0.0132,8,7,0,1,0,0.65,0,40.1146,136.4252,9.0,low
177,30,1,3.3333,90000000000.0,76.5159,158864294818.52,441289707.83,1037819613.29,859465306.23,697153434.92,340666178.37,162311871.31,0.6717,0.8111,0.3283,0.1889,12,5,5,2,0,18.59,29,41.1113,134.4312,41.2442,medium
178,30,1,3.3333,90000000000.0,49.0759,134168288063.05,372689689.06,1145333068.99,1021882699.23,1035026925.71,110306143.27,0.0,0.9037,1.0,0.0963,0.0,14,11,2,1,0,5.5,9,43.8349,85.8211,9.0,low
179,48,1,2.0833,90000000000.0,66.4141,149772699898.66,260022048.44,568003027.05,429270108.42,362716214.71,205286812.34,66553893.71,0.6386,0.845,0.3614,0.155,9,4,3,2,0,12.86,18,37.2022,160.582,40.1267,medium
180,30,1,3.3333,90000000000.0,27.434,114690567718.9,318584910.33,1463233918.92,1248993858.26,1167852009.51,295381909.41,81141848.75,0.7981,0.935,0.2019,0.065,12,9,1,2,0,2.68,19,28.0552,45.1177,9.0,low
181,24,2,8.3333,160000000000.0,58.9788,254366089825.13,1766431179.34,5671132470.05,4707094738.5,4410454548.5,1260677921.54,296640190.0,0.7777,0.937,0.2223,0.063,12,9,1,2,0,5.29,9,50.4699,66.5598,9.0,low
182,48,2,4.1667,90000000000.0,45.1826,130664344723.91,453695641.4,984413221.29,750791772.68,615804991.33,368608229.96,134986781.35,0.6256,0.8202,0.3744,0.1798,9,4,2,2,1,32.07,40,51.234,149.8855,44.8771,medium
183,36,1,2.7778,160000000000.0,33.0848,212935719569.4,492906758.26,2198770004.49,1996402223.08,971303418.92,1227466585.57,1025098804.16,0.4417,0.4865,0.5583,0.5135,14,5,3,1,5,54.2,66,54.5218,89.364,89.3427,high
184,36,1,2.7778,90000000000.0,44.6032,130142880433.34,301256667.67,1459187594.3,1255232690.26,1064957841.66,394229752.64,190274848.61,0.7298,0.8484,0.2702,0.1516,15,12,1,2,0,10.05,19,34.9245,71.4224,30.4764,low
185,36,1,2.7778,220000000000.0,57.5449,346598774520.68,802311978.06,2637894106.94,2230220828.87,1777970248.11,859923858.83,452250580.76,0.674,0.7972,0.326,0.2028,13,6,4,2,1,6.1,35,50.6918,101.6491,35.8934,medium
186,16,1,6.25,220000000000.0,46.7388,322825374815.9,1681382160.5,5515706089.2,5165790228.92,5107335906.42,408370182.78,58454322.5,0.926,0.9887,0.074,0.0113,11,10,0,1,0,0.76,2,45.605,68.4855,9.0,low
187,12,1,8.3333,220000000000.0,42.0079,312417299647.03,2169564580.88,4694168496.78,3964568860.14,3569297871.31,1124870625.47,395270988.83,0.7604,0.9003,0.2396,0.0997,8,5,2,1,0,18.57,32,28.7932,66.2124,23.6872,low
188,16,1,6.25,120000000000.0,32.0364,158443720859.72,825227712.81,2920050769.63,2550246043.23,2283185909.4,636864860.22,267060133.83,0.7819,0.8953,0.2181,0.1047,11,7,2,1,1,15.75,22,52.9128,80.6542,30.0294,low
189,60,2,3.3333,120000000000.0,79.141,214969208443.5,597136690.12,2466101061.53,2299072580.64,2203418978.98,262682082.55,95653601.65,0.8935,0.9584,0.1065,0.0416,16,12,3,1,0,6.42,18,61.4414,83.0456,26.4323,low
190,24,1,4.1667,90000000000.0,47.6795,132911571722.98,461498512.93,628874715.94,615587071.23,582444772.65,46429943.29,33142298.58,0.9262,0.9462,0.0738,0.0538,6,5,1,0,0,10.76,19,57.1951,59.3894,10.4299,low
191,24,1,4.1667,160000000000.0,36.6666,218666584040.98,759258972.36,2034773381.72,1521561327.25,1100863049.37,933910332.35,420698277.89,0.541,0.7235,0.459,0.2765,9,3,3,2,1,39.19,63,47.0404,122.8479,61.7803,medium
192,20,1,5.0,300000000000.0,44.689,434066876899.33,1808611987.08,4220126591.55,3669231261.55,3411558658.98,808567932.57,257672602.57,0.8084,0.9298,0.1916,0.0702,8,6,1,1,0,3.32,17,56.0547,112.6938,9.0,low
193,24,1,4.1667,120000000000.0,65.2301,198276167778.13,688458915.9,2010480964.89,1686119873.6,589157146.75,1421323818.14,1096962726.85,0.293,0.3494,0.707,0.6506,14,2,3,2,7,57.49,64,38.6445,110.6262,100.0,high
194,24,1,4.1667,220000000000.0,43.7105,316163117105.43,1097788601.06,2848953778.48,2604809216.95,2569033033.52,279920744.96,35776183.43,0.9017,0.9863,0.0983,0.0137,9,8,0,1,0,1.3,0,47.6412,95.2755,9.0,low
195,30,1,3.3333,220000000000.0,63.4324,359551353805.69,998753760.57,1132582145.75,928790078.03,904578703.04,228003442.71,24211374.99,0.7987,0.9739,0.2013,0.0261,6,5,0,1,0,1.93,0,48.8645,95.8136,9.0,low
196,12,1,8.3333,90000000000.0,47.4256,132683039422.05,921409995.99,2200843495.09,1797658238.44,1650802738.48,550040756.61,146855499.96,0.7501,0.9183,0.2499,0.0817,10,6,2,2,0,5.47,30,51.3891,85.6627,25.9451,low
197,30,2,6.6667,90000000000.0,51.2503,136125276650.08,756251536.94,2397934360.69,2025932911.16,2024796773.39,373137587.3,1136137.77,0.8444,0.9994,0.1556,0.0006,11,8,1,2,0,4.49,12,39.1868,95.4163,11.7027,low
198,24,1,4.1667,90000000000.0,48.4692,133622297093.51,463966309.35,1881426897.84,1511005381.69,881270248.15,1000156649.7,629735133.55,0.4684,0.5832,0.5316,0.4168,14,4,5,3,2,14.14,30,57.4856,48.5322,56.8201,medium
199,30,3,10.0,160000000000.0,61.1276,257804172234.31,2148368101.95,6239727899.16,4253844077.42,2164086215.13,4075641684.03,2089757862.3,0.3468,0.5087,0.6532,0.4913,10,2,3,3,2,62.69,72,36.0502,91.2756,82.5644,high
200,12,1,8.3333,90000000000.0,43.5434,129189017256.99,897145953.17,2235667867.74,2026605395.85,1038546111.54,1197121756.2,988059284.31,0.4645,0.5125,0.5355,0.4875,10,4,3,1,2,39.23,52,43.7641,106.6387,77.3013,high
201,20,1,5.0,300000000000.0,61.7262,485178734351.73,2021578059.8,7119790481.15,5925721696.55,1233267836.69,5886522644.46,4692453859.85,0.1732,0.2081,0.8268,0.7919,16,1,4,3,8,101.09,134,34.8458,19.0772,100.0,high
202,36,1,2.7778,70000000000.0,21.6236,85136550189.15,197075347.66,688003120.32,650037349.76,600044892.02,87958228.3,49992457.74,0.8722,0.9231,0.1278,0.0769,13,9,3,1,0,7.69,17,48.4156,132.4928,27.4588,low
203,24,2,8.3333,220000000000.0,53.4003,337480750021.48,2343616319.59,5931446707.49,5417462259.65,5330839380.53,600607326.96,86622879.12,0.8987,0.984,0.1013,0.016,10,8,1,1,0,11.16,17,45.6249,140.6145,9.0,low
204,30,1,3.3333,70000000000.0,56.9735,109881440094.34,305226222.48,619449718.39,617671755.42,531447620.22,88002098.17,86224135.21,0.8579,0.8604,0.1421,0.1396,8,6,2,0,0,3.64,10,40.1762,85.9697,21.944,low
205,24,1,4.1667,220000000000.0,50.5738,331262371698.92,1150216568.4,3468135313.33,3081472491.0,3019861143.13,448274170.2,61611347.87,0.8707,0.98,0.1293,0.02,12,10,1,1,0,1.29,8,26.1106,55.3779,9.0,low
206,36,1,2.7778,70000000000.0,46.9105,102837336593.28,238049390.26,653945587.42,580974596.72,476012756.77,177932830.65,104961839.95,0.7279,0.8193,0.2721,0.1807,11,6,3,1,1,8.43,23,54.7444,71.7521,36.7951,medium
207,30,1,3.3333,160000000000.0,53.5018,245602942864.63,682230396.85,3097417725.72,2741609837.66,2474794432.71,622623293.01,266815404.96,0.799,0.9027,0.201,0.0973,15,9,3,2,1,10.88,17,55.7153,112.1667,24.8398,low
208,30,1,3.3333,160000000000.0,87.3311,299729759910.12,832582666.42,2365416144.63,1986855588.7,965620853.5,1399795291.13,1021234735.2,0.4082,0.486,0.5918,0.514,15,2,6,2,5,47.86,104,58.8065,79.9818,88.67,high
209,36,1,2.7778,300000000000.0,22.3396,367018796610.72,849580547.71,2126250335.03,1780911778.19,589421659.2,1536828675.83,1191490118.99,0.2772,0.331,0.7228,0.669,6,1,2,1,2,52.36,98,47.1193,107.8565,94.1285,high
210,30,1,3.3333,120000000000.0,42.5848,171101802733.59,475282785.37,807423199.81,685387486.17,585894839.33,221528360.48,99492646.84,0.7256,0.8548,0.2744,0.1452,6,4,1,1,0,18.44,22,38.2092,75.013,37.6434,medium
211,60,1,1.6667,220000000000.0,38.1217,303867752444.49,422038545.06,1096832344.75,1137411396.94,1091348183.03,5484161.72,46063213.91,0.995,0.9595,0.005,0.0405,10,9,1,0,0,3.84,5,55.0408,136.853,9.0,low
212,36,1,2.7778,90000000000.0,23.2949,110965426270.97,256864412.66,485865012.81,400889645.09,360041854.99,125823157.82,40847790.1,0.741,0.8981,0.259,0.1019,6,3,2,1,0,5.61,15,46.1872,105.298,34.8677,low
213,30,1,3.3333,70000000000.0,42.8128,99968982363.39,277691617.68,515350066.84,523273116.73,171507607.57,343842459.27,351765509.16,0.3328,0.3278,0.6672,0.6722,7,1,3,0,3,114.24,123,40.7598,18.4446,100.0,high
214,30,2,6.6667,70000000000.0,78.1848,124729377300.82,692940985.0,2130645093.88,2065910416.35,2030274566.46,100370527.43,35635849.9,0.9529,0.9828,0.0471,0.0172,16,14,1,1,0,2.29,4,52.4739,69.549,11.3095,low
215,36,1,2.7778,160000000000.0,29.7178,207548507234.56,480436359.34,1330762376.45,1165679739.62,879592396.32,451169980.13,286087343.3,0.661,0.7546,0.339,0.2454,10,5,3,1,1,14.2,25,59.5274,185.0,55.4115,medium
216,36,1,2.7778,300000000000.0,49.2949,447884810799.05,1036770395.37,1602012458.27,1291832425.57,1233540545.7,368471912.58,58291879.87,0.77,0.9549,0.23,0.0451,6,5,0,1,0,0.57,3,43.9053,85.1615,9.0,low
217,20,1,5.0,220000000000.0,64.1678,361169234754.17,1504871811.48,4058909916.02,3626189365.8,3469763819.95,589146096.07,156425545.85,0.8549,0.9569,0.1451,0.0431,10,8,1,1,0,0.14,4,44.0199,119.4916,10.786,low
218,48,2,4.1667,120000000000.0,55.4668,186560105208.31,647778143.08,1482184532.71,1345156162.46,1312362976.06,169821556.65,32793186.4,0.8854,0.9756,0.1146,0.0244,11,9,1,1,0,5.77,9,54.1469,64.1092,9.0,low
219,36,1,2.7778,160000000000.0,54.8736,247797763069.47,573605933.03,1728710360.45,1493468448.9,1383120137.58,345590222.87,110348311.33,0.8001,0.9261,0.1999,0.0739,13,10,1,2,0,2.47,16,41.1371,123.7784,9.7158,low
220,24,1,4.1667,220000000000.0,79.7074,395356186510.36,1372764536.49,3177823538.13,3134351019.18,3008569048.22,169254489.9,125781970.96,0.9467,0.9599,0.0533,0.0401,11,10,1,0,0,4.43,7,72.723,123.4445,18.9547,low
221,20,1,5.0,120000000000.0,51.4289,181714689146.48,757144538.11,1920102417.85,1534868825.9,1130394413.54,789708004.31,404474412.36,0.5887,0.7365,0.4113,0.2635,11,5,3,2,1,18.69,27,41.7271,118.9765,49.0739,medium
222,60,1,1.6667,120000000000.0,69.9549,203945900101.7,283258194.59,845495850.88,632843910.44,488903283.4,356592567.48,143940627.05,0.5782,0.7725,0.4218,0.2275,13,5,3,3,2,32.26,53,44.0852,97.8661,66.4857,high
223,12,1,8.3333,120000000000.0,54.2086,185050311517.18,1285071607.76,3728137446.21,3381024773.91,3042379601.1,685757845.11,338645172.81,0.8161,0.8998,0.1839,0.1002,9,4,3,1,1,16.86,25,56.9589,114.7961,30.9156,low
224,30,1,3.3333,300000000000.0,67.0707,501212147971.37,1392255966.59,5108297108.94,4282189953.51,3354856266.01,1753440842.94,927333687.5,0.6567,0.7834,0.3433,0.2166,16,5,6,3,2,34.33,63,31.2609,82.8413,56.8965,medium
225,48,1,2.0833,160000000000.0,45.8855,233416754700.97,405237421.36,2039041731.29,1917657372.53,1226340650.5,812701080.78,691316722.03,0.6014,0.6395,0.3986,0.3605,16,8,4,1,3,27.47,36,35.6451,142.4887,68.7633,high
226,36,1,2.7778,220000000000.0,44.666,318265267349.15,736725155.9,4109553438.61,3452689547.25,2203612146.23,1905941292.38,1249077401.01,0.5362,0.6382,0.4638,0.3618,16,3,5,3,5,75.04,93,37.7782,131.336,83.7344,high
227,24,1,4.1667,220000000000.0,85.8795,408934951801.5,1419913027.09,1810690890.68,1577909576.08,1520267833.09,290423057.59,57641742.99,0.8396,0.9635,0.1604,0.0365,7,6,0,1,0,1.51,1,35.7278,122.7355,11.5433,low
228,36,1,2.7778,160000000000.0,58.3665,253386344951.28,586542465.17,1772940607.04,1482749597.02,1374416528.97,398524078.08,108333068.05,0.7752,0.9269,0.2248,0.0731,11,8,1,2,0,10.17,13,41.3757,15.0,11.6422,low
229,30,1,3.3333,160000000000.0,22.6598,196255628733.83,545154524.26,2287617798.68,1869100522.67,1646301739.58,641316059.1,222798783.08,0.7197,0.8808,0.2803,0.1192,12,9,1,2,0,6.6,9,35.0326,117.785,25.9007,low
230,30,2,6.6667,120000000000.0,23.4931,148191708332.03,823287268.51,2826748469.14,2871472095.86,549562828.75,2277185640.39,2321909267.1,0.1944,0.1914,0.8056,0.8086,10,2,3,0,5,51.67,60,49.675,87.121,100.0,high
231,20,1,5.0,160000000000.0,39.1378,222620544453.57,927585601.89,3465432841.16,2887635540.75,2813622348.69,651810492.47,74013192.06,0.8119,0.9744,0.1881,0.0256,13,10,1,2,0,8.63,17,36.8919,58.0091,9.0,low
232,24,1,4.1667,90000000000.0,52.5706,137313511712.68,476783026.78,817336120.55,673914301.09,402083602.05,415252518.5,271830699.04,0.4919,0.5966,0.5081,0.4034,6,2,2,1,1,27.31,61,43.6135,41.3094,62.3491,medium
233,16,2,12.5,220000000000.0,43.6264,315978069691.4,3291438225.95,5305702772.22,4674366456.44,4217817253.74,1087885518.48,456549202.7,0.795,0.9023,0.205,0.0977,7,5,1,1,0,8.4,12,48.1982,92.684,15.0164,low
234,30,1,3.3333,160000000000.0,63.6262,261801931538.54,727227587.61,1120581152.64,1129787097.95,759356596.77,361224555.87,370430501.18,0.6776,0.6721,0.3224,0.3279,6,3,2,0,1,39.37,65,53.0112,84.3118,65.0395,high
235,16,2,12.5,220000000000.0,18.0,259600000000.0,2704166666.67,15170701756.42,14649190476.32,5892151017.97,9278550738.45,8757039458.35,0.3884,0.4022,0.6116,0.5978,16,4,5,1,6,39.0,55,22.0173,159.4534,94.0477,high
236,24,1,4.1667,90000000000.0,65.7427,149168461697.2,517946047.56,1572823626.86,1339865510.42,1054869561.56,517954065.3,284995948.86,0.6707,0.7873,0.3293,0.2127,12,5,5,2,0,21.39,31,54.3143,99.6709,47.6736,medium
237,30,2,6.6667,70000000000.0,65.6902,115983119931.64,644350666.29,3167313082.75,2988261426.34,2902797921.66,264515161.08,85463504.68,0.9165,0.9714,0.0835,0.0286,16,13,2,1,0,3.04,7,42.5967,106.0061,9.0,low
238,36,1,2.7778,300000000000.0,30.6374,391912217468.21,907204207.1,1954336776.03,1122910693.46,761491821.79,1192844954.24,361418871.67,0.3896,0.6781,0.6104,0.3219,7,2,1,3,1,24.07,29,48.7657,80.466,63.4522,medium
239,24,1,4.1667,220000000000.0,40.344,308756848589.59,1072072390.94,4353793915.41,4119688652.03,3927528725.01,426265190.4,192159927.02,0.9021,0.9534,0.0979,0.0466,14,12,1,1,0,3.08,6,29.4688,19.3873,9.0,low
240,24,1,4.1667,90000000000.0,18.0,106200000000.0,368750000.0,897418018.54,742036947.99,439742596.89,457675421.65,302294351.1,0.49,0.5926,0.51,0.4074,7,3,2,1,1,39.26,59,37.3989,81.9584,68.6658,high
241,20,1,5.0,70000000000.0,63.8513,114695913162.84,477899638.18,1178920268.39,1089083300.74,1049346197.1,129574071.29,39737103.64,0.8901,0.9635,0.1099,0.0365,9,7,1,1,0,2.47,17,49.3191,147.6647,15.8834,low
242,12,1,8.3333,70000000000.0,66.9531,116867184004.36,811577666.7,3365978995.64,2772227137.93,1763837080.69,1602141914.95,1008390057.24,0.524,0.6363,0.476,0.3637,16,6,5,3,2,22.55,60,32.4276,16.0998,70.6564,high
243,36,2,5.5556,160000000000.0,18.0,188800000000.0,874074074.07,2368004724.86,1520774287.31,252718755.54,2115285969.32,1268055531.76,0.1067,0.1662,0.8933,0.8338,9,1,2,3,3,46.33,116,52.1831,28.509,100.0,high
244,36,1,2.7778,160000000000.0,21.4399,194303855796.62,449777443.97,1765225734.41,1479790120.51,1198451209.15,566774525.26,281338911.36,0.6789,0.8099,0.3211,0.1901,15,10,3,2,0,21.8,26,48.6644,132.3522,38.3678,medium
245,24,1,4.1667,70000000000.0,40.7291,98510392017.82,342049972.28,1456802550.27,1333142745.49,996123953.71,460678596.56,337018791.78,0.6838,0.7472,0.3162,0.2528,15,8,5,1,1,7.63,15,30.2476,32.8866,36.7489,medium
246,24,1,4.1667,160000000000.0,43.2444,229190960180.14,795801945.07,3674970480.41,3126167525.53,3115615499.54,559354980.87,10552025.99,0.8478,0.9966,0.1522,0.0034,15,12,1,2,0,2.6,6,20.0,103.116,9.0,low
247,30,1,3.3333,90000000000.0,33.2281,119905247578.89,333070132.16,951814219.6,924975502.86,126509011.72,825305207.88,798466491.14,0.1329,0.1368,0.8671,0.8632,11,2,4,0,5,115.53,176,40.3226,117.7876,100.0,high
248,36,1,2.7778,160000000000.0,31.7366,210778549039.67,487913307.96,1975861234.42,1976558991.44,1878013194.53,97848039.89,98545796.92,0.9505,0.9501,0.0495,0.0499,12,10,2,0,0,6.21,17,38.6935,114.4985,9.098,low
249,36,1,2.7778,160000000000.0,43.5235,229637659273.54,531568655.73,2404811912.06,2259124747.46,2211238352.59,193573559.47,47886394.86,0.9195,0.9788,0.0805,0.0212,15,10,3,1,1,5.96,18,40.1012,106.6882,17.0,low
250,24,1,4.1667,70000000000.0,18.0,82600000000.0,286805555.56,579650376.41,590519258.07,569994525.84,9655850.57,20524732.23,0.9833,0.9652,0.0167,0.0348,6,5,1,0,0,3.62,5,40.3346,86.2182,9.0,low
251,30,1,3.3333,120000000000.0,73.4128,208095383121.46,578042730.89,1317012645.8,1028702571.19,809224670.13,507787975.67,219477901.05,0.6144,0.7866,0.3856,0.2134,9,5,2,2,0,6.99,30,42.1406,151.5487,35.9101,medium
252,36,1,2.7778,120000000000.0,57.9716,189565917725.78,438809994.74,1657226143.46,1435474800.38,1416329788.84,240896354.62,19145011.55,0.8546,0.9867,0.1454,0.0133,15,12,1,2,0,8.11,10,47.8587,62.6833,12.5931,low
253,30,1,3.3333,160000000000.0,46.4714,234354162720.73,650983785.34,3155219168.94,2636395493.01,898259246.33,2256959922.61,1738136246.68,0.2847,0.3407,0.7153,0.6593,16,2,5,3,6,32.56,61,28.485,63.6443,97.4896,high
254,20,2,10.0,120000000000.0,48.5359,178243060883.98,1485358840.7,4688412751.3,4055084054.55,1042772508.47,3645640242.83,3012311546.08,0.2224,0.2572,0.7776,0.7428,12,1,3,2,6,49.97,111,61.7896,79.6492,100.0,high
255,30,1,3.3333,120000000000.0,63.2592,195911092071.76,544197477.98,1449178454.44,1083167746.69,273452292.55,1175726161.89,809715454.13,0.1887,0.2525,0.8113,0.7475,13,1,5,3,4,42.78,78,38.4194,128.7028,100.0,high
256,20,1,5.0,160000000000.0,30.0089,208014282174.28,866726175.73,1678968688.3,1411204476.05,1232720101.32,446248586.98,178484374.73,0.7342,0.8735,0.2658,0.1265,7,4,2,1,0,9.81,32,40.3773,20.1078,37.0388,medium
257,30,1,3.3333,220000000000.0,38.8724,305519259433.8,848664609.54,2098080516.28,1770851738.48,1737819557.66,360260958.62,33032180.81,0.8283,0.9813,0.1717,0.0187,8,7,0,1,0,1.2,1,42.7856,18.8187,9.0,low
258,24,1,4.1667,220000000000.0,42.0239,312452674241.09,1084905118.89,3628214645.97,3176386190.87,3004142739.71,624071906.25,172243451.16,0.828,0.9458,0.172,0.0542,14,7,5,2,0,20.02,30,32.2691,145.709,30.3426,low
259,20,1,5.0,70000000000.0,25.8785,88114984846.13,367145770.19,941653895.94,855989923.7,817290584.78,124363311.15,38699338.92,0.8679,0.9548,0.1321,0.0452,8,6,1,1,0,5.86,10,48.73,98.2985,9.0,low
260,24,1,4.1667,120000000000.0,42.8833,171460004099.66,595347236.46,1999628444.76,1880215679.08,1571215332.29,428413112.47,309000346.79,0.7858,0.8357,0.2142,0.1643,11,6,3,1,1,19.73,34,33.9787,107.3724,43.0074,medium
261,12,2,16.6667,220000000000.0,39.5746,307064057891.14,4264778581.82,15995364923.83,14889095874.91,14772387226.48,1222977697.36,116708648.43,0.9235,0.9922,0.0765,0.0078,14,13,0,1,0,1.1,3,51.3346,43.4817,9.0,low
262,20,1,5.0,120000000000.0,18.0,141600000000.0,590000000.0,2500887586.32,2093571379.9,1989500932.35,511386653.98,104070447.55,0.7955,0.9503,0.2045,0.0497,15,10,2,2,1,3.48,8,60.1894,105.7977,19.1296,low
263,20,1,5.0,220000000000.0,82.9825,402561401262.7,1677339171.93,3702496670.71,2617317375.09,1547068024.62,2155428646.09,1070249350.47,0.4178,0.5911,0.5822,0.4089,10,3,3,3,1,24.87,44,43.2914,49.3793,74.8047,high
264,30,2,6.6667,120000000000.0,47.3478,176817331296.66,982318507.2,1962169910.38,2014847423.28,1952359060.83,9810849.55,62488362.45,0.995,0.969,0.005,0.031,7,6,1,0,0,1.45,9,46.0426,93.3468,9.0,low
265,20,2,10.0,70000000000.0,41.0611,98742778385.03,822856486.54,3144998252.94,2947679828.49,1642901858.72,1502096394.22,1304777969.76,0.5224,0.5574,0.4776,0.4426,13,7,4,1,1,16.08,19,42.5602,83.7486,67.7779,high
266,16,1,6.25,120000000000.0,72.8514,207421700669.6,1080321357.65,3585554616.28,3190643636.88,2597210100.33,988344515.95,593433536.55,0.7244,0.814,0.2756,0.186,14,6,5,2,1,13.98,52,27.4822,68.3239,52.1265,medium
267,20,1,5.0,70000000000.0,43.8592,100701434607.89,419589310.87,956902065.13,844901350.09,822505207.87,134396857.27,22396142.22,0.8596,0.9735,0.1404,0.0265,10,8,1,1,0,0.28,7,44.5337,86.2001,9.0,low
268,60,1,1.6667,120000000000.0,67.0622,200474609288.16,278436957.34,949982666.47,709509286.64,423517565.12,526465101.34,285991721.52,0.4458,0.5969,0.5542,0.4031,12,5,2,3,2,28.73,60,49.6923,37.9454,72.0435,high
269,20,1,5.0,90000000000.0,62.3758,146138222758.94,608909261.5,2090808469.07,1956948747.73,1664902642.88,425905826.19,292046104.85,0.7963,0.8508,0.2037,0.1492,16,13,2,1,0,10.16,15,51.5867,107.4173,21.5726,low
270,16,2,12.5,90000000000.0,60.2247,144202193108.33,1502106178.21,4203865478.54,3443281808.04,3448355248.27,755510230.27,0.0,0.8203,1.0,0.1797,0.0,12,9,1,2,0,10.17,15,40.7346,67.9533,12.2788,low
271,30,3,10.0,120000000000.0,75.1805,210216600496.13,1751805004.13,3408531890.99,2592189642.21,1634487545.09,1774044345.9,957702097.12,0.4795,0.6305,0.5205,0.3695,8,3,2,2,1,21.69,46,59.4222,92.4711,70.1946,high
272,12,1,8.3333,90000000000.0,73.8531,156467795922.69,1086581916.13,1854935461.57,1618337648.98,1261486237.94,593449223.63,356851411.04,0.6801,0.7795,0.3199,0.2205,8,4,2,1,1,31.3,39,24.5051,87.6626,52.9678,medium
273,36,1,2.7778,160000000000.0,59.0506,254480904744.81,589076168.39,921048394.39,770725721.6,420606305.34,500442089.05,350119416.26,0.4567,0.5457,0.5433,0.4543,6,3,1,1,1,31.6,35,44.1619,145.6685,73.6729,high
274,20,1,5.0,70000000000.0,32.352,92646417828.44,386026740.95,1159979195.99,950958462.14,154486096.82,1005493099.18,796472365.33,0.1332,0.1625,0.8668,0.8375,10,0,2,2,6,96.88,132,46.9734,125.6175,100.0,high
275,20,1,5.0,220000000000.0,41.4538,311198341522.46,1296659756.34,2660535452.94,2010491646.97,2023166760.62,637368692.32,0.0,0.7604,1.0,0.2396,0.0,8,6,0,2,0,0.15,0,51.1594,62.0549,9.0,low
276,24,1,4.1667,120000000000.0,55.2451,186294126333.04,646854605.32,1087063563.62,961211244.38,984886101.0,102177462.62,0.0,0.906,1.0,0.094,0.0,7,6,0,1,0,0.3,3,62.9079,109.5579,9.0,low
277,12,1,8.3333,90000000000.0,67.5466,150791980506.35,1047166531.29,2893784557.37,3007990295.35,2804433411.42,89351145.95,203556883.94,0.9691,0.9323,0.0309,0.0677,12,9,2,0,1,8.51,11,29.2896,77.6546,22.4371,low
278,12,1,8.3333,220000000000.0,30.4056,286892393803.38,1992308290.3,10429905721.63,9726402615.15,9580528223.39,849377498.24,145874391.76,0.9186,0.985,0.0814,0.015,16,14,1,1,0,4.12,7,75.9326,78.4204,9.0,low
279,12,1,8.3333,90000000000.0,64.4094,147968437562.29,1027558594.18,2797870946.91,2569909680.83,2012426274.04,785444672.87,557483406.79,0.7193,0.7831,0.2807,0.2169,10,5,4,1,0,21.44,35,36.8096,143.0461,36.6584,medium
280,12,1,8.3333,90000000000.0,61.2017,145081569092.1,1007510896.47,2012519750.68,1995314417.06,1816279617.52,196240133.17,179034799.55,0.9025,0.9103,0.0975,0.0897,7,4,3,0,0,5.69,12,62.9587,80.3664,29.9318,low
281,30,2,6.6667,120000000000.0,67.1118,200534121121.18,1114078450.67,2628367790.57,2282223289.76,2197543463.29,430824327.28,84679826.47,0.8361,0.9629,0.1639,0.0371,8,7,0,1,0,1.47,1,43.5389,41.1179,9.0,low
282,30,1,3.3333,120000000000.0,64.2182,197061884757.41,547394124.33,1259910399.94,1060282153.17,324031811.33,935878588.62,736250341.84,0.2572,0.3056,0.7428,0.6944,8,1,2,1,4,56.31,144,48.721,132.0419,100.0,high
283,48,1,2.0833,160000000000.0,36.8168,218906835635.14,380046589.64,1105965448.06,855250080.65,756531761.94,349433686.11,98718318.71,0.684,0.8846,0.316,0.1154,9,7,0,2,0,0.8,2,34.4924,15.0,28.184,low
284,48,2,4.1667,160000000000.0,74.9624,279939907203.59,972013566.68,1112685096.41,914984709.52,668423122.48,444261973.93,246561587.04,0.6007,0.7305,0.3993,0.2695,6,3,1,1,1,14.41,39,47.4205,70.5288,59.7695,medium
285,48,1,2.0833,220000000000.0,58.2482,348146033761.13,604420197.5,803522406.26,808533295.32,687931533.0,115590873.25,120601762.31,0.8561,0.8508,0.1439,0.1492,6,5,1,0,0,10.22,18,55.6581,76.0313,27.2465,low
286,20,1,5.0,120000000000.0,70.9081,205089677229.24,854540321.79,2945421419.58,2717982543.09,1461138746.94,1484282672.64,1256843796.14,0.4961,0.5376,0.5039,0.4624,16,7,5,1,3,18.19,45,50.9836,116.1383,68.3256,high
287,36,2,5.5556,120000000000.0,42.1767,170612096738.9,789870818.24,2306252838.95,2129708837.05,2064658112.67,241594726.28,65050724.38,0.8952,0.9695,0.1048,0.0305,9,8,0,1,0,0.29,0,47.3494,15.0,9.0,low
288,20,2,10.0,160000000000.0,57.1808,251489355871.24,2095744632.26,4758181107.55,3213733014.52,1912463728.05,2845717379.5,1301269286.46,0.4019,0.5951,0.5981,0.4049,10,2,3,3,2,70.3,113,32.7654,164.2448,84.9617,high
289,24,1,4.1667,160000000000.0,85.0213,296034019997.47,1027895902.77,1136319998.55,920621843.5,810704827.86,325615170.69,109917015.64,0.7134,0.8806,0.2866,0.1194,6,5,0,1,0,1.94,3,43.207,83.4963,27.0645,low
290,48,1,2.0833,120000000000.0,71.6839,206020694676.44,357674817.15,875471436.49,804417826.12,323578873.74,551892562.75,480838952.38,0.3696,0.4023,0.6304,0.5977,10,2,3,1,4,57.78,97,41.9025,140.8816,92.7861,high
291,36,2,5.5556,70000000000.0,49.4867,104640655617.69,484447479.71,1880082146.92,1751618298.63,1593617686.2,286464460.71,158000612.42,0.8476,0.9098,0.1524,0.0902,12,9,2,1,0,2.17,9,41.6674,96.8011,9.0,low
292,20,1,5.0,90000000000.0,29.8094,116828498691.9,486785411.22,813328985.99,541348341.34,517955746.53,295373239.45,23392594.8,0.6368,0.9568,0.3632,0.0432,6,3,1,2,0,9.04,18,50.9043,70.9529,31.3411,low
293,36,2,5.5556,220000000000.0,58.7782,349312045729.17,1617185396.89,3446702094.77,2991939215.6,1582808782.89,1863893311.87,1409130432.71,0.4592,0.529,0.5408,0.471,10,3,4,1,2,15.45,59,37.586,71.6097,67.4241,high
294,36,2,5.5556,90000000000.0,50.6595,135593594720.97,627748123.71,1448740820.92,1132910117.21,856678027.19,592062793.74,276232090.03,0.5913,0.7562,0.4087,0.2438,9,3,3,2,1,12.39,47,41.4138,84.5252,51.475,medium
295,36,1,2.7778,220000000000.0,56.7815,344919197233.04,798424067.67,2258687870.7,1987089933.72,1864806460.69,393881410.01,122283473.03,0.8256,0.9385,0.1744,0.0615,11,8,2,1,0,8.18,19,48.3258,86.3404,16.1429,low
296,48,1,2.0833,70000000000.0,77.1721,124020466825.91,215313310.46,685240791.88,608753643.78,535696450.68,149544341.19,73057193.1,0.7818,0.88,0.2182,0.12,15,12,1,2,0,10.33,12,29.5972,57.2705,26.0861,low
297,20,1,5.0,220000000000.0,18.0,259600000000.0,1081666666.67,3557713164.96,3187921444.74,2846637888.46,711075276.5,341283556.28,0.8001,0.8929,0.1999,0.1071,10,6,3,1,0,17.34,26,43.5663,101.6654,34.2631,low
298,12,2,16.6667,90000000000.0,43.1365,128822885889.32,1789206748.46,4690477866.81,3860970327.97,3914627872.3,775849994.51,0.0,0.8346,1.0,0.1654,0.0,10,8,0,2,0,1.99,2,51.9253,113.1395,9.0,low
299,12,1,8.3333,90000000000.0,43.7451,129370627527.29,898407135.61,2184511330.47,1980974845.3,1719469090.97,465042239.51,261505754.34,0.7871,0.868,0.2129,0.132,10,8,1,1,0,2.08,11,46.5451,120.5405,20.5092,low
300,30,1,3.3333,90000000000.0,104.0305,183627430497.57,510076195.83,1980602836.94,1878674316.58,1604458139.99,376144696.95,274216176.59,0.8101,0.854,0.1899,0.146,16,12,2,1,1,7.08,18,59.0829,78.6342,26.7329,low
301,24,1,4.1667,90000000000.0,66.1024,149492168978.94,519070031.18,1244162993.73,1133253275.08,439294988.45,804868005.28,693958286.63,0.3531,0.3876,0.6469,0.6124,9,1,4,1,3,100.51,167,42.042,23.4391,100.0,high
302,24,1,4.1667,220000000000.0,34.567,296047403882.44,1027942374.59,1745225631.0,1215861069.02,1188358747.96,556866883.04,27502321.06,0.6809,0.9774,0.3191,0.0226,7,4,1,2,0,9.31,19,39.6142,119.6283,19.1282,low
303,36,2,5.5556,70000000000.0,54.4137,108089623133.54,500414921.91,1681895369.96,1460201212.65,1462287652.37,219607717.59,0.0,0.8694,1.0,0.1306,0.0,16,14,0,2,0,1.17,0,42.9918,120.9914,9.0,low
304,30,1,3.3333,160000000000.0,84.4892,295182649943.16,819951805.4,1510701363.35,1369364343.84,1265553960.45,245147402.9,103810383.39,0.8377,0.9242,0.1623,0.0758,10,8,1,1,0,2.18,17,58.5336,69.4953,13.184,low
305,12,1,8.3333,70000000000.0,52.7674,106937153184.84,742619119.34,2178729294.14,1905086555.68,1593814233.46,584915060.68,311272322.22,0.7315,0.8366,0.2685,0.1634,9,6,2,1,0,7.46,17,48.585,148.9934,29.4132,low
306,30,1,3.3333,70000000000.0,41.4444,99011082924.83,275030785.9,1204030099.82,1104620482.63,570949993.56,633080106.26,533670489.07,0.4742,0.5169,0.5258,0.4831,14,5,4,1,4,72.08,105,51.8453,57.4464,84.1079,high
307,30,1,3.3333,70000000000.0,52.4916,106744120058.78,296511444.61,438367274.33,302353439.0,161117045.48,277250228.85,141236393.52,0.3675,0.5329,0.6325,0.4671,6,2,1,2,1,57.6,88,36.403,110.6887,83.8562,high
308,24,1,4.1667,300000000000.0,67.8581,503574269985.15,1748521770.78,4319729031.47,4180184846.07,3013301839.33,1306427192.14,1166883006.73,0.6976,0.7209,0.3024,0.2791,10,6,3,0,1,12.63,34,37.6306,96.2467,48.4367,medium
309,36,1,2.7778,120000000000.0,39.8456,167814703132.1,388459960.95,676461919.39,594753864.54,581692757.45,94769161.94,13061107.09,0.8599,0.978,0.1401,0.022,7,6,0,1,0,0.44,1,50.2372,116.6876,9.0,low
310,24,1,4.1667,220000000000.0,51.8308,334027747144.18,1159818566.47,5180651412.69,4380183880.02,3775237364.54,1405414048.15,604946515.48,0.7287,0.8619,0.2713,0.1381,15,8,4,2,1,22.35,33,22.8058,108.107,41.7194,medium
311,36,1,2.7778,120000000000.0,96.5021,235802550502.2,545839237.27,2070997268.66,2131178882.61,234862530.6,1836134738.06,1896316352.01,0.1134,0.1102,0.8866,0.8898,16,2,5,0,9,75.27,148,42.3403,157.8507,100.0,high
312,30,1,3.3333,70000000000.0,24.2251,86957560036.62,241548777.88,796956292.21,748214832.43,676959250.33,119997041.88,71255582.09,0.8494,0.9048,0.1506,0.0952,11,6,4,1,0,14.21,29,43.6584,74.6208,22.7298,low
313,48,2,4.1667,90000000000.0,32.3377,119103951918.17,413555388.6,2116819842.09,1981128350.58,1849933372.51,266886469.58,131194978.08,0.8739,0.9338,0.1261,0.0662,14,11,2,1,0,0.72,4,50.5858,106.2315,9.0,low
314,20,1,5.0,70000000000.0,64.7508,115325554449.81,480523143.54,1163913286.11,974999739.51,515070996.24,648842289.86,459928743.27,0.4425,0.5283,0.5575,0.4717,11,2,4,2,3,69.38,90,50.8649,35.7912,87.6035,high
315,24,1,4.1667,120000000000.0,65.8678,199041382691.05,691115912.12,2438702289.45,2203825482.42,1956802581.76,481899707.69,247022900.66,0.8024,0.8879,0.1976,0.1121,16,12,3,1,0,10.4,14,53.9747,116.0744,24.71,low
316,36,3,8.3333,120000000000.0,59.5857,191502829225.29,1329880758.51,3369675281.76,2713535917.63,2218188956.06,1151486325.7,495346961.57,0.6583,0.8175,0.3417,0.1825,11,5,3,2,1,9.07,30,49.193,115.0211,38.7171,medium
317,16,1,6.25,120000000000.0,48.4135,178096204855.42,927584400.29,1321058152.48,1135161608.55,1014145313.61,306912838.88,121016294.94,0.7677,0.8934,0.2323,0.1066,6,4,1,1,0,4.2,14,37.9539,50.2647,28.5474,low
318,30,1,3.3333,90000000000.0,63.4978,147148063662.63,408744621.29,839143776.42,744965580.62,262670559.46,576473216.96,482295021.17,0.313,0.3526,0.687,0.6474,7,1,3,1,2,25.67,48,67.6624,101.5544,91.6555,high
319,36,1,2.7778,120000000000.0,60.3732,192447780029.07,445480972.29,1454030816.43,1090682440.67,266806670.73,1187224145.71,823875769.94,0.1835,0.2446,0.8165,0.7554,12,0,2,3,7,103.72,132,37.6308,68.6663,100.0,high
320,36,1,2.7778,70000000000.0,22.6134,85829381949.81,198679124.88,390849140.78,376265024.78,314935456.85,75913683.93,61329567.94,0.8058,0.837,0.1942,0.163,7,6,1,0,0,7.99,16,44.9104,118.0124,31.8085,low
321,16,1,6.25,70000000000.0,42.7672,99937052786.55,520505483.26,1479316630.45,1187121485.16,1072550825.44,406765805.01,114570659.72,0.725,0.9035,0.275,0.0965,10,5,3,2,0,15.85,33,34.1285,15.0,31.5124,low
322,48,1,2.0833,70000000000.0,67.4461,117212254169.21,203493496.82,561885250.71,479309356.25,464959844.93,96925405.78,14349511.32,0.8275,0.9701,0.1725,0.0299,12,9,1,2,0,9.87,17,55.3139,96.9128,10.1151,low
323,20,1,5.0,70000000000.0,62.9493,114064513716.25,475268807.15,1590740486.84,1331539997.14,1181758533.42,408981953.42,149781463.72,0.7429,0.8875,0.2571,0.1125,14,9,2,2,1,11.0,16,31.059,160.1678,30.4044,low
324,16,1,6.25,70000000000.0,48.4557,103919003500.88,541244809.9,2422152537.94,1897043863.91,1262754748.13,1159397789.81,634289115.78,0.5213,0.6656,0.4787,0.3344,16,5,6,3,2,22.74,44,42.052,114.1665,61.2183,medium
325,16,1,6.25,120000000000.0,28.1587,153790420665.63,800991774.3,1935617810.01,1501757544.97,1447753018.98,487864791.04,54004525.99,0.748,0.964,0.252,0.036,9,4,3,2,0,19.81,34,54.881,116.5966,35.3644,medium
326,24,1,4.1667,220000000000.0,62.3398,357147616054.76,1240095889.08,3304448048.44,3081995490.08,1465171237.32,1839276811.12,1616824252.76,0.4434,0.4754,0.5566,0.5246,12,2,5,1,4,33.22,96,42.4887,146.9731,84.7379,high
327,30,1,3.3333,120000000000.0,54.1517,184982046430.91,513839017.86,1266249616.87,914878568.7,677678660.72,588570956.14,237199907.97,0.5352,0.7407,0.4648,0.2593,8,3,3,2,0,10.19,14,48.1775,142.2545,53.1631,medium
328,20,2,10.0,70000000000.0,34.3749,94062406710.78,783853389.26,3821794760.47,3319937784.15,1319466559.76,2502328200.72,2000471224.39,0.3452,0.3974,0.6548,0.6026,15,3,5,2,5,51.47,104,43.9894,95.2061,87.7391,high
329,20,1,5.0,70000000000.0,34.6864,94280500166.69,392835417.36,956837911.21,800965234.15,709497819.52,247340091.69,91467414.63,0.7415,0.8858,0.2585,0.1142,7,5,1,1,0,6.6,14,45.1886,42.2651,28.3616,low
330,12,1,8.3333,160000000000.0,51.3085,242093566741.58,1681205324.59,2305757049.4,1560238773.19,1249372601.88,1056384447.52,310866171.31,0.5418,0.8008,0.4582,0.1992,6,3,1,2,0,8.53,23,27.8495,61.7038,43.1122,medium
331,20,1,5.0,220000000000.0,78.1368,391900983073.77,1632920762.81,5540769959.05,5208984121.94,3476083086.4,2064686872.65,1732901035.54,0.6274,0.6673,0.3726,0.3327,16,7,5,1,3,26.4,53,51.9217,85.2096,62.9451,medium
332,24,1,4.1667,160000000000.0,85.0138,296022047012.95,1027854329.91,3705729997.77,3240066907.31,3055074990.08,650655007.7,184991917.24,0.8244,0.9429,0.1756,0.0571,15,11,2,2,0,5.85,14,64.1834,85.6363,15.8214,low
333,30,3,10.0,160000000000.0,47.5582,236093151165.16,1967442926.38,4579862659.95,3377773057.9,3312207350.95,1267655309.0,65565706.96,0.7232,0.9806,0.2768,0.0194,7,4,1,2,0,4.14,6,31.5612,142.2525,25.5845,low
334,16,1,6.25,160000000000.0,72.1757,275481084920.3,1434797317.29,5351975369.66,4615455317.88,4445379764.92,906595604.75,170075552.96,0.8306,0.9632,0.1694,0.0368,15,11,2,2,0,4.54,9,37.3873,108.7586,12.3959,low
335,30,1,3.3333,300000000000.0,43.1122,429336583128.87,1192601619.8,5375200140.87,4617772550.43,3499432636.59,1875767504.28,1118339913.84,0.651,0.7578,0.349,0.2422,16,7,7,2,0,12.53,25,39.086,63.6261,39.8627,medium
336,36,1,2.7778,90000000000.0,49.3381,134404248033.3,311120944.52,843247931.29,844805627.17,808432954.18,34814977.12,36372673.0,0.9587,0.9569,0.0413,0.0431,9,8,1,0,0,1.12,7,41.6807,161.121,9.0,low
337,16,1,6.25,160000000000.0,49.5236,239237736294.74,1246029876.54,2381319245.16,2038232793.25,1594111277.1,787207968.06,444121516.15,0.6694,0.7821,0.3306,0.2179,8,3,3,1,1,23.03,63,33.3031,152.3529,56.6188,medium
338,24,1,4.1667,120000000000.0,48.9442,178733028146.5,620600792.18,3019689334.57,2521515537.99,1435177579.74,1584511754.84,1086337958.25,0.4753,0.5692,0.5247,0.4308,16,5,6,3,2,17.91,44,56.7593,112.3221,59.6568,medium
339,20,1,5.0,300000000000.0,43.73,431190057308.47,1796625238.79,5561955592.89,4378379038.77,3775200340.42,1786755252.47,603178698.35,0.6788,0.8622,0.3212,0.1378,11,5,3,2,1,14.23,26,55.9336,92.2177,38.6878,medium
340,24,1,4.1667,160000000000.0,36.5718,218514881423.99,758732227.17,1443310622.16,1198595226.73,1118931782.91,324378839.26,79663443.83,0.7753,0.9335,0.2247,0.0665,7,4,2,1,0,12.97,27,48.7411,80.2296,17.4859,low
341,30,1,3.3333,120000000000.0,24.1817,149018074035.6,413939094.54,2180399034.32,2075277234.81,2011364119.82,169034914.49,63913114.99,0.9225,0.9692,0.0775,0.0308,14,11,2,1,0,0.25,9,58.3396,87.9481,9.0,low
342,30,1,3.3333,220000000000.0,50.2721,330598622286.36,918329506.35,2009530644.9,1532944051.51,1382718341.53,626812303.37,150225709.98,0.6881,0.902,0.3119,0.098,8,5,1,2,0,6.7,10,48.1898,96.8969,9.0,low
343,30,2,6.6667,120000000000.0,58.5899,190307835853.56,1057265754.74,4518730956.5,4072826121.55,4036264091.71,482466864.79,36562029.84,0.8932,0.991,0.1068,0.009,15,11,1,2,1,7.12,16,36.3929,15.0,17.6746,low
344,30,1,3.3333,120000000000.0,50.1912,180229462026.76,500637394.52,1088576732.86,950663364.16,810562887.71,278013845.15,140100476.45,0.7446,0.8526,0.2554,0.1474,9,7,1,1,0,5.87,10,48.9612,60.3824,28.1071,low
345,12,1,8.3333,90000000000.0,43.9456,129551011537.6,899659802.34,2745225979.81,2115472232.37,1686144250.45,1059081729.36,429327981.92,0.6142,0.7971,0.3858,0.2029,10,6,2,2,0,8.61,31,40.2956,79.0933,28.1865,low
346,12,1,8.3333,220000000000.0,76.7327,388811907254.1,2700082689.26,5785140443.72,4514542402.32,1913610635.41,3871529808.32,2600931766.92,0.3308,0.4239,0.6692,0.5761,9,2,3,2,2,30.2,49,59.6163,78.862,94.0487,high
347,20,3,15.0,70000000000.0,48.4805,103936349935.35,1299204374.19,4528230810.16,4027170655.19,3877995366.6,650235443.56,149175288.58,0.8564,0.963,0.1436,0.037,12,10,1,1,0,0.47,2,48.6359,29.3003,9.0,low
348,24,1,4.1667,90000000000.0,69.6688,152701933088.91,530215045.45,1799119262.66,1559592320.7,1119640999.84,679478262.82,439951320.86,0.6223,0.7179,0.3777,0.2821,16,8,5,2,1,21.94,24,44.4416,95.8751,43.5168,medium
349,36,1,2.7778,90000000000.0,50.0703,135063273439.88,312646466.3,1225654197.31,1082718617.03,642078852.82,583575344.49,440639764.21,0.5239,0.593,0.4761,0.407,16,5,6,2,3,26.77,31,54.4595,83.0089,67.413,high
350,60,1,1.6667,70000000000.0,88.079,131655308479.76,182854595.11,400999461.46,330702902.27,334658865.04,66340596.42,0.0,0.8346,1.0,0.1654,0.0,11,9,0,2,0,0.74,2,54.591,68.0723,9.0,low
351,24,1,4.1667,90000000000.0,51.8157,136634129219.54,474424059.79,1162265051.59,1030528850.14,1036146976.46,126118075.13,0.0,0.8915,1.0,0.1085,0.0,8,6,1,1,0,5.46,7,55.6838,102.7423,9.0,low
352,36,1,2.7778,90000000000.0,55.1754,139657830897.24,323282015.97,926011929.24,696924699.1,339106722.63,586905206.61,357817976.47,0.3662,0.4866,0.6338,0.5134,13,3,3,3,4,68.58,110,40.5873,116.2665,89.4944,high
353,60,1,1.6667,300000000000.0,54.1819,462545700523.95,642424584.06,1779028094.4,1308639813.75,599864842.24,1179163252.17,708774971.51,0.3372,0.4584,0.6628,0.5416,11,1,2,3,5,65.09,93,33.6363,62.8286,91.0509,high
354,30,1,3.3333,90000000000.0,49.473,134525729919.73,373682583.11,1129951736.05,1140908758.49,969271826.22,160679909.83,171636932.27,0.8578,0.8496,0.1422,0.1504,11,9,2,0,0,10.83,12,43.0139,160.9311,28.3213,low
355,36,1,2.7778,90000000000.0,85.4505,166905476566.56,386355269.83,665518413.88,551321086.81,513835275.56,151683138.32,37485811.25,0.7721,0.932,0.2279,0.068,7,4,2,1,0,16.1,33,50.5047,154.5206,28.519,low
356,24,1,4.1667,160000000000.0,67.5461,268073812126.54,930811847.66,1308592472.81,871275694.9,702264236.07,606328236.74,169011458.83,0.5367,0.806,0.4633,0.194,6,2,1,2,1,35.1,54,40.7659,37.5883,53.8479,medium
357,16,2,12.5,120000000000.0,49.393,179271634926.75,1867412863.82,3652555375.41,3119527786.84,1849462321.2,1803093054.21,1270065465.64,0.5063,0.5929,0.4937,0.4071,7,3,2,1,1,36.33,64,46.6716,53.6103,61.9163,medium
358,16,1,6.25,90000000000.0,54.8389,139355040499.1,725807502.6,1527407156.46,1333926461.55,750314815.45,777092341.01,583611646.1,0.4912,0.5625,0.5088,0.4375,7,1,3,1,2,24.94,55,48.2134,134.2818,88.0417,high
359,48,1,2.0833,160000000000.0,37.6793,220286949354.79,382442620.41,890668916.71,759775357.66,444593382.77,446075533.94,315181974.89,0.4992,0.5852,0.5008,0.4148,7,3,2,1,1,11.72,43,29.5715,71.9063,56.9887,medium
360,12,2,16.6667,220000000000.0,53.153,336936500722.7,4679673621.15,15857326957.38,14058376329.93,13815307425.93,2042019531.45,243068904.01,0.8712,0.9827,0.1288,0.0173,13,11,1,1,0,5.05,9,47.6882,81.51,9.0,low
361,16,1,6.25,300000000000.0,60.1192,480357718222.3,2501863115.74,9393596948.69,7346535160.16,2446308297.3,6947288651.39,4900226862.86,0.2604,0.333,0.7396,0.667,13,3,3,3,4,70.83,80,38.5856,71.1391,92.6716,high
362,48,1,2.0833,90000000000.0,70.2355,153211947140.47,265992963.79,396050709.49,392388436.15,114918310.26,281132399.23,277470125.89,0.2902,0.2929,0.7098,0.7071,7,1,3,0,3,78.46,129,40.0023,47.1539,100.0,high
363,48,1,2.0833,120000000000.0,41.7539,170104686176.13,295320635.72,1210461175.4,1058760583.0,1037777018.08,172684157.33,20983564.93,0.8573,0.9802,0.1427,0.0198,15,12,1,2,0,1.96,4,46.0083,125.1479,9.0,low
364,20,1,5.0,90000000000.0,37.2475,123522767320.72,514678197.17,1749134579.82,1495559512.76,1426209416.35,322925163.47,69350096.41,0.8154,0.9536,0.1846,0.0464,15,11,2,2,0,3.01,6,27.9561,57.4482,9.0893,low
365,30,1,3.3333,160000000000.0,74.5788,279326059944.96,775905722.07,2276984672.7,2039091726.82,1774385676.89,502598995.81,264706049.93,0.7793,0.8702,0.2207,0.1298,14,11,1,1,1,6.09,13,42.4566,107.7053,25.5428,low
366,36,2,5.5556,160000000000.0,67.9321,268691394513.48,1243941641.27,1852644051.79,1596354157.35,844997181.86,1007646869.92,751356975.49,0.4561,0.5293,0.5439,0.4707,6,1,2,1,2,48.74,113,35.4478,69.3187,80.9831,high
367,20,2,10.0,160000000000.0,37.6405,220224800391.15,1835206669.93,4383015794.18,3810906544.19,2923733348.57,1459282445.6,887173195.61,0.6671,0.7672,0.3329,0.2328,8,4,2,1,1,39.16,50,52.5731,119.871,45.7654,medium
368,24,1,4.1667,160000000000.0,65.1624,264259867471.78,917568984.28,2369118307.81,1947228972.62,1931750909.28,437367398.53,15478063.35,0.8154,0.9921,0.1846,0.0079,11,9,0,2,0,0.79,1,53.2485,122.8257,9.0,low
369,16,1,6.25,220000000000.0,65.0225,363049575395.56,1890883205.19,7002351982.1,5793781341.71,5313745557.49,1688606424.61,480035784.23,0.7589,0.9171,0.2411,0.0829,12,6,4,2,0,14.23,23,60.2169,40.6505,28.8242,low
370,20,1,5.0,70000000000.0,48.4361,103905301062.1,432938754.43,797632161.28,718263778.51,705571666.53,92060494.76,12692111.98,0.8846,0.9823,0.1154,0.0177,8,7,0,1,0,1.59,0,38.6074,110.7342,9.0,low
371,48,1,2.0833,220000000000.0,53.728,338201503567.12,587155388.14,2834176574.16,2652375595.82,2221187480.86,612989093.3,431188114.96,0.7837,0.8374,0.2163,0.1626,15,9,5,1,0,5.89,20,37.7843,98.9796,28.7831,low
372,30,2,6.6667,220000000000.0,49.6027,329126014725.08,1828477859.58,7742115027.75,6821367992.64,6463603926.79,1278511100.96,357764065.85,0.8349,0.9476,0.1651,0.0524,15,13,0,2,0,0.57,3,59.2708,108.2051,10.0552,low
373,60,1,1.6667,300000000000.0,73.3855,520156647370.26,722439788.01,2311557689.23,2062763034.85,1163301645.45,1148256043.78,899461389.39,0.5033,0.564,0.4967,0.436,16,4,6,2,4,23.21,66,65.3523,41.4706,76.3228,high
374,24,1,4.1667,300000000000.0,55.9541,467862212180.02,1624521570.07,6569952133.23,5633572629.83,5734866867.04,835085266.19,0.0,0.8729,1.0,0.1271,0.0,14,12,0,2,0,0.26,1,49.4565,105.9326,9.0,low
375,16,2,12.5,160000000000.0,46.8071,234891321065.08,2446784594.43,10306792342.36,8895640781.35,8810570722.65,1496221619.71,85070058.7,0.8548,0.9904,0.1452,0.0096,14,12,0,2,0,1.36,1,46.4036,80.5413,9.0,low
376,20,1,5.0,160000000000.0,63.7868,262058810359.81,1091911709.83,3462637492.05,3276938723.85,3141520877.75,321116614.3,135417846.1,0.9073,0.9587,0.0927,0.0413,15,11,3,1,0,4.54,13,40.0588,147.2976,22.146,low
377,24,1,4.1667,120000000000.0,46.2727,175527226793.33,609469537.48,1353794841.37,1006176846.87,887254922.94,466539918.43,118921923.93,0.6554,0.8818,0.3446,0.1182,8,3,3,2,0,19.63,23,53.4739,100.938,38.7032,medium
378,24,1,4.1667,90000000000.0,23.1474,110832696513.89,384835751.78,1618090087.4,1671104919.52,298124294.55,1319965792.85,1372980624.97,0.1842,0.1784,0.8158,0.8216,13,2,3,0,8,62.2,85,34.0265,107.1273,100.0,high
379,30,1,3.3333,160000000000.0,37.446,219913614113.43,610871150.32,2220996855.68,1792876049.93,1832949455.86,388047399.82,0.0,0.8253,1.0,0.1747,0.0,10,7,1,2,0,9.88,13,51.4803,61.0561,13.2347,low
380,24,1,4.1667,70000000000.0,46.3616,102453129096.77,355740031.59,990985814.79,896099464.24,887720269.65,103265545.13,8379194.58,0.8958,0.9906,0.1042,0.0094,8,7,0,1,0,1.29,1,61.4504,102.632,9.0,low
381,30,1,3.3333,160000000000.0,44.1844,230695086873.9,640819685.76,2598819107.39,2101159917.52,1484088082.71,1114731024.68,617071834.81,0.5711,0.7063,0.4289,0.2937,14,7,3,3,1,25.58,57,33.4679,40.5256,57.1915,medium
382,30,1,3.3333,160000000000.0,33.993,214388837371.47,595524548.25,2157212964.95,1734416635.2,769925270.9,1387287694.06,964491364.31,0.3569,0.4439,0.6431,0.5561,14,3,5,3,3,57.07,92,27.9647,96.4437,85.9808,high
383,30,1,3.3333,90000000000.0,44.9548,130459276628.97,362386879.52,1210018461.74,1104324178.09,872465823.16,337552638.58,231858354.93,0.721,0.79,0.279,0.21,12,8,3,1,0,16.98,28,36.7634,85.5978,34.5213,low
384,60,1,1.6667,160000000000.0,50.738,241180723804.37,334973227.51,676727787.2,592707437.26,587664916.07,89062871.12,5042521.19,0.8684,0.9915,0.1316,0.0085,9,6,2,1,0,9.77,19,47.5211,128.334,9.0,low
385,20,1,5.0,220000000000.0,56.5097,344321415269.26,1434672563.62,5095596779.57,4414784743.14,4099888582.18,995708197.39,314896160.96,0.8046,0.9287,0.1954,0.0713,16,11,3,2,0,9.94,16,39.8779,61.6223,23.2818,low
386,30,1,3.3333,90000000000.0,32.2164,118994724755.12,330540902.1,1159933411.69,1038288549.21,969191234.36,190742177.33,69097314.85,0.8356,0.9335,0.1644,0.0665,12,9,1,1,1,10.65,19,60.6249,90.5053,24.1008,low
387,12,1,8.3333,300000000000.0,28.5705,385711544507.32,2678552392.41,12867030535.0,12028412758.34,12001302333.36,865728201.65,27110424.99,0.9327,0.9977,0.0673,0.0023,16,14,1,1,0,3.52,6,53.0651,119.6637,9.0,low
388,24,1,4.1667,70000000000.0,42.0513,99435898561.68,345263536.67,1095830317.1,999028505.37,963494767.51,132335549.59,35533737.87,0.8792,0.9644,0.1208,0.0356,9,8,0,1,0,0.26,3,48.7771,78.4201,9.0,low
389,24,1,4.1667,90000000000.0,48.3514,133516240260.94,463598056.46,1837391333.35,1703406997.1,1691436751.01,145954582.35,11970246.09,0.9206,0.993,0.0794,0.007,12,11,0,1,0,1.35,2,45.9118,64.3959,9.0,low
390,24,1,4.1667,300000000000.0,87.0521,561156247104.44,1948459191.33,2309465686.04,1540258899.66,1335783800.02,973681886.03,204475099.65,0.5784,0.8672,0.4216,0.1328,6,3,1,2,0,21.65,30,45.8095,117.3979,47.5012,medium
391,36,1,2.7778,160000000000.0,64.9922,263987454045.94,611082069.55,957209211.84,832974095.45,261262659.67,695946552.17,571711435.78,0.2729,0.3137,0.7271,0.6863,7,1,2,1,3,99.32,109,44.3795,88.5206,100.0,high
392,36,1,2.7778,300000000000.0,43.6836,431050794775.2,997802765.68,3219090624.1,2868357770.08,2228930568.53,990160055.57,639427201.55,0.6924,0.7771,0.3076,0.2229,10,4,3,1,2,28.52,42,46.8903,140.1931,45.3569,medium
393,48,1,2.0833,220000000000.0,31.9694,290332594346.87,504049642.96,1356985732.78,1394178149.02,1350200804.12,6784928.66,43977344.9,0.995,0.9685,0.005,0.0315,7,6,1,0,0,0.98,3,41.7267,116.048,9.0,low
394,30,1,3.3333,120000000000.0,58.2726,189927136902.19,527575380.28,1779367183.84,1650301594.63,1675682481.49,103684702.34,0.0,0.9417,1.0,0.0583,0.0,12,10,1,1,0,0.59,7,62.2729,53.0193,9.0,low
395,30,1,3.3333,120000000000.0,64.4256,197310679271.59,548085220.2,1297675866.31,1061330289.65,930480933.76,367194932.55,130849355.89,0.717,0.8767,0.283,0.1233,11,7,2,2,0,10.06,19,47.3105,110.5335,33.8997,low
396,20,1,5.0,220000000000.0,60.0914,352201092387.05,1467504551.61,4076627769.11,3603881219.91,3359938850.93,716688918.18,243942368.98,0.8242,0.9323,0.1758,0.0677,10,8,1,1,0,6.51,16,38.8142,106.6148,12.3943,low
397,24,1,4.1667,120000000000.0,53.8333,184599903513.29,640971887.2,1306957169.07,1009782765.65,953773297.76,353183871.31,56009467.89,0.7298,0.9445,0.2702,0.0555,9,4,3,2,0,13.36,25,39.8913,143.2135,34.4032,low
398,60,1,1.6667,120000000000.0,52.5681,183081690500.22,254280125.69,434057249.31,363421563.42,335462920.39,98594328.92,27958643.03,0.7729,0.9231,0.2271,0.0769,7,4,2,1,0,15.62,34,59.3266,68.0907,17.1808,low
399,36,1,2.7778,70000000000.0,32.2579,92580525116.1,214306771.1,879960858.96,827131934.9,789678194.66,90282664.3,37453740.24,0.8974,0.9547,0.1026,0.0453,15,13,1,1,0,5.31,8,43.1457,47.8373,9.0,low
400,30,1,3.3333,90000000000.0,51.804,136623558781.34,379509885.5,1397303765.21,1170524832.12,421785848.32,975517916.89,748738983.8,0.3019,0.3603,0.6981,0.6397,16,4,4,3,5,31.27,91,67.0268,102.0329,96.0793,high
401,16,1,6.25,90000000000.0,29.199,116279121507.97,605620424.52,2585878201.75,2370416935.08,2275919309.19,309958892.56,94497625.89,0.8801,0.9601,0.1199,0.0399,14,12,1,1,0,4.21,9,37.4083,107.4184,9.0,low
402,24,1,4.1667,160000000000.0,41.502,226403131050.79,786121982.82,1730104654.42,1715339273.75,769997736.53,960106917.88,945341537.22,0.4451,0.4489,0.5549,0.5511,8,2,3,0,3,30.82,44,37.9175,83.495,79.8716,high
403,20,1,5.0,120000000000.0,57.0096,188411482822.03,785047845.09,3689066363.11,3592964815.76,2746946023.22,942120339.89,846018792.54,0.7446,0.7645,0.2554,0.2355,16,8,5,1,2,33.02,44,28.3826,40.1743,51.7969,medium
404,20,2,10.0,160000000000.0,40.2161,224345773846.27,1869548115.39,8338519557.2,7482413468.14,7555284835.22,783234721.98,0.0,0.9061,1.0,0.0939,0.0,14,11,2,1,0,2.63,8,57.9049,162.7558,9.0,low
405,12,1,8.3333,90000000000.0,96.433,176789714092.59,1227706347.87,3516676188.41,3544660093.38,1868834979.58,1647841208.84,1675825113.8,0.5314,0.5272,0.4686,0.4728,15,5,5,0,5,49.04,97,54.3578,123.9537,91.9782,high
406,36,1,2.7778,220000000000.0,79.6701,395274182461.19,914986533.47,2855391817.91,2355501094.22,2075097849.99,780293967.92,280403244.23,0.7267,0.881,0.2733,0.119,12,9,1,2,0,4.39,16,34.1932,109.155,29.01,low
407,24,2,8.3333,160000000000.0,25.8384,201341504775.19,1398204894.27,2877130198.18,2169389719.32,2064420245.6,812709952.58,104969473.72,0.7175,0.9516,0.2825,0.0484,8,4,2,2,0,18.57,29,39.0788,15.0,19.0398,low
408,16,2,12.5,220000000000.0,65.8332,364833024961.39,3800344010.01,8558763070.91,6974187454.68,6286322239.04,2272440831.86,687865215.64,0.7345,0.9014,0.2655,0.0986,10,7,1,2,0,6.2,11,45.8891,38.9894,19.1629,low
409,24,2,8.3333,120000000000.0,55.4926,186591150200.32,1295771876.39,3291558785.85,2654875732.36,2459273384.83,832285401.02,195602347.53,0.7471,0.9263,0.2529,0.0737,11,8,1,2,0,11.83,16,37.9151,31.2035,14.7252,low
410,16,1,6.25,120000000000.0,71.6157,205938840672.13,1072598128.5,1785885353.27,1518474262.3,1410831438.09,375053915.18,107642824.2,0.79,0.9291,0.21,0.0709,8,5,2,1,0,7.0,28,48.0329,135.4769,26.1505,low
411,36,1,2.7778,90000000000.0,46.7433,132068942816.84,305715145.41,1471017042.99,1237629490.56,1117083844.99,353933198.0,120545645.57,0.7594,0.9026,0.2406,0.0974,15,10,3,2,0,3.18,5,51.7863,42.2307,19.2653,low
412,20,1,5.0,160000000000.0,55.6468,249034944591.91,1037645602.47,3118290524.49,2483989573.09,1432468803.51,1685821720.98,1051520769.57,0.4594,0.5767,0.5406,0.4233,11,3,4,2,2,38.57,53,62.2454,118.6986,79.3968,high
413,60,1,1.6667,300000000000.0,59.0099,477029728424.85,662541289.48,2215446346.38,2026212598.61,1978696874.18,236749472.2,47515724.43,0.8931,0.9765,0.1069,0.0235,16,14,1,1,0,1.4,6,37.8527,47.3663,9.0,low
414,30,2,6.6667,70000000000.0,50.5462,105382331574.95,585457397.64,1967392387.23,1815488413.12,710467401.22,1256924986.01,1105021011.91,0.3611,0.3913,0.6389,0.6087,12,4,4,1,3,27.41,46,42.9052,46.6222,88.2827,high
415,30,1,3.3333,90000000000.0,23.4662,111119623745.68,308665621.52,545478900.94,373847772.94,267190890.85,278288010.09,106656882.08,0.4898,0.7147,0.5102,0.2853,6,2,1,2,1,13.42,21,32.3778,53.7023,57.02,medium
416,20,1,5.0,160000000000.0,44.5726,231316164442.61,963817351.84,2595962696.94,2425951360.78,2262342747.79,333619949.16,163608613.0,0.8715,0.9326,0.1285,0.0674,10,7,2,1,0,7.71,18,52.8077,67.6271,16.4662,low
417,30,1,3.3333,120000000000.0,49.8081,179769686958.25,499360241.55,819342328.85,703144917.54,690011951.83,129330377.02,13132965.71,0.8422,0.9813,0.1578,0.0187,6,5,0,1,0,0.09,1,38.2819,80.0913,9.1703,low
418,36,1,2.7778,70000000000.0,73.3817,121367165977.73,280942513.84,367101541.83,300495789.63,298959729.6,68141812.24,1536060.03,0.8144,0.9949,0.1856,0.0051,6,5,0,1,0,0.68,1,46.4344,169.0844,13.5754,low
419,48,1,2.0833,120000000000.0,49.5167,179420043502.02,311493131.08,703179158.59,635571782.87,505775944.65,197403213.94,129795838.22,0.7193,0.7958,0.2807,0.2042,8,5,2,1,0,20.19,34,53.2281,152.9324,38.0624,medium
420,30,1,3.3333,120000000000.0,34.0562,160867406584.33,446853907.18,2011320731.45,1602158518.46,259029798.48,1752290932.97,1343128719.99,0.1288,0.1617,0.8712,0.8383,13,2,3,3,5,110.65,179,37.8726,145.5347,100.0,high
421,20,1,5.0,70000000000.0,60.2735,112191430804.62,467464295.02,1070197117.83,848065169.27,626605594.29,443591523.54,221459574.99,0.5855,0.7389,0.4145,0.2611,11,6,3,2,0,10.85,17,49.6734,82.4758,49.6664,medium
422,30,1,3.3333,120000000000.0,59.8677,191841296080.07,532892489.11,2129377271.81,1667687003.71,956029772.92,1173347498.89,711657230.79,0.449,0.5733,0.551,0.4267,13,2,4,3,4,31.37,51,40.6121,126.0654,83.0242,high
423,60,1,1.6667,160000000000.0,31.859,210974456820.16,293020078.92,529569667.27,547823779.42,500681120.54,28888546.73,47142658.88,0.9454,0.9139,0.0546,0.0861,6,5,1,0,0,7.54,16,41.1074,78.0846,16.2412,low
424,20,1,5.0,90000000000.0,42.6382,128374374530.06,534893227.21,1871482225.28,1633604429.73,1543325992.89,328156232.4,90278436.85,0.8247,0.9447,0.1753,0.0553,13,10,1,2,0,10.4,19,55.8392,103.9453,22.0172,low
425,36,1,2.7778,120000000000.0,38.3412,166009407704.81,384281036.35,1488270081.21,1357585874.41,1337468504.8,150801576.41,20117369.6,0.8987,0.9852,0.1013,0.0148,13,11,1,1,0,4.4,7,55.6074,146.1698,9.0,low
426,24,1,4.1667,160000000000.0,76.1376,281820184638.37,978542307.77,2620788221.77,2296269532.78,2265508226.73,355279995.04,30761306.05,0.8644,0.9866,0.1356,0.0134,13,10,1,2,0,9.6,18,24.1766,82.3081,12.6024,low
427,48,1,2.0833,160000000000.0,63.0974,260955888261.92,453048417.12,1024898317.06,775432060.03,727359886.19,297538430.87,48072173.84,0.7097,0.938,0.2903,0.062,8,4,2,2,0,18.25,21,58.9808,80.3311,24.7193,low
428,20,2,10.0,160000000000.0,39.8073,223691713094.7,1864097609.12,5122236924.35,4433987276.64,717945655.34,4404291269.01,3716041621.31,0.1402,0.1619,0.8598,0.8381,8,1,2,1,4,54.82,124,37.4673,71.1567,100.0,high
429,48,1,2.0833,120000000000.0,66.7304,200076441333.26,347354932.87,1076092577.57,956764517.64,746235460.78,329857116.78,210529056.85,0.6935,0.78,0.3065,0.22,11,7,3,1,0,10.61,31,48.1528,104.4363,42.5607,medium
430,36,1,2.7778,90000000000.0,60.6994,144629448999.54,334790391.2,1075490631.35,879151394.72,514973563.27,560517068.08,364177831.45,0.4788,0.5858,0.5212,0.4142,15,6,5,3,1,30.13,60,45.0006,126.959,69.3069,high
431,30,1,3.3333,90000000000.0,55.6276,140064797862.92,389068882.95,1148456566.2,930492700.1,838609254.79,309847311.41,91883445.31,0.7302,0.9013,0.2698,0.0987,12,6,4,2,0,8.44,11,47.3008,118.3804,31.5142,low
432,20,1,5.0,120000000000.0,30.3395,156407389162.61,651697454.84,1921390403.82,1741728183.87,1402485530.14,518904873.68,339242653.73,0.7299,0.8052,0.2701,0.1948,8,4,3,1,0,12.13,27,45.5601,52.0405,39.877,medium
433,16,1,6.25,220000000000.0,46.6594,322650732471.63,1680472564.96,6838834331.98,6363572632.13,6250450257.6,588384074.38,113122374.54,0.914,0.9822,0.086,0.0178,12,11,0,1,0,1.1,2,43.3741,99.0264,9.0,low
434,12,1,8.3333,220000000000.0,41.5414,311390973640.78,2162437316.95,9672494017.43,8969416198.83,3393975770.89,6278518246.55,5575440427.94,0.3509,0.3784,0.6491,0.6216,15,3,6,1,5,54.78,69,49.7071,88.387,92.9608,high
435,48,1,2.0833,120000000000.0,45.1967,174236034470.13,302493115.4,1174369241.28,1032465251.47,802175247.27,372193994.01,230290004.19,0.6831,0.777,0.3169,0.223,14,6,5,2,1,10.32,12,46.3453,75.2469,35.4369,medium
436,24,1,4.1667,90000000000.0,33.5279,120175145535.2,417274810.89,1422999678.89,1321339946.99,1329084937.3,93914741.58,0.0,0.934,1.0,0.066,0.0,10,9,0,1,0,1.53,2,42.3527,98.9311,9.0,low
437,60,1,1.6667,120000000000.0,56.6681,188001744835.44,261113534.49,929064855.83,842053534.43,802955268.17,126109587.66,39098266.26,0.8643,0.9536,0.1357,0.0464,12,10,1,1,0,0.96,3,49.6519,144.4898,9.0,low
438,20,1,5.0,120000000000.0,46.0516,175261945309.37,730258105.46,962882802.38,831878500.9,734127656.41,228755145.97,97750844.49,0.7624,0.8825,0.2376,0.1175,6,4,1,1,0,2.21,7,35.11,179.1482,27.8579,low
439,30,1,3.3333,160000000000.0,18.0,188800000000.0,524444444.44,2420532776.68,1773585347.51,1425246742.99,995286033.69,348338604.52,0.5888,0.8036,0.4112,0.1964,11,3,4,3,1,36.37,55,41.8842,113.1148,54.411,medium
440,30,1,3.3333,120000000000.0,18.0,141600000000.0,393333333.33,1931181009.63,1616082719.66,1391193201.65,539987807.98,224889518.01,0.7204,0.8608,0.2796,0.1392,15,9,4,2,0,13.04,17,48.4459,49.1543,30.4156,low
441,20,1,5.0,220000000000.0,42.6779,313891476592.81,1307881152.47,4202923859.5,3421418389.0,2839987929.04,1362935930.46,581430459.96,0.6757,0.8301,0.3243,0.1699,10,5,3,2,0,18.23,27,35.7115,115.8109,41.4734,medium
442,20,1,5.0,90000000000.0,29.4658,116519222882.74,485496762.01,1438596552.65,1323540133.31,781350223.47,657246329.18,542189909.84,0.5431,0.5903,0.4569,0.4097,9,3,2,1,3,59.11,69,52.7781,80.3428,82.1887,high
443,16,1,6.25,90000000000.0,56.2887,140659790683.61,732603076.48,2577356710.46,2479565376.26,1670543622.88,906813087.58,809021753.38,0.6482,0.6737,0.3518,0.3263,14,5,5,1,3,18.19,50,44.7728,54.2945,65.1047,high
444,16,2,12.5,220000000000.0,69.5242,372953202448.3,3884929192.17,9617439888.7,8730721059.98,8251113585.57,1366326303.13,479607474.4,0.8579,0.9451,0.1421,0.0549,12,10,1,1,0,2.99,5,46.4252,116.756,11.9985,low
445,24,1,4.1667,90000000000.0,65.3056,148775084303.7,516580153.83,891596818.04,865206286.46,831258156.35,60338661.69,33948130.11,0.9323,0.9608,0.0677,0.0392,8,7,1,0,0,5.8,7,58.956,78.6411,9.0,low
446,30,1,3.3333,70000000000.0,36.1173,95282091154.44,264672475.43,925446322.07,836677708.93,444451635.07,480994687.0,392226073.86,0.4803,0.5312,0.5197,0.4688,12,5,4,1,2,16.37,49,34.6424,32.8591,65.2244,high
447,12,1,8.3333,160000000000.0,69.4638,271142066789.85,1882931019.37,6448181397.55,6225811820.59,6062182511.51,385998886.04,163629309.08,0.9401,0.9737,0.0599,0.0263,12,11,1,0,0,4.39,8,39.6544,129.6015,9.0,low
448,20,1,5.0,70000000000.0,51.8734,106311384801.41,442964103.34,1204501350.3,789280795.26,655396024.41,549105325.88,133884770.85,0.5441,0.8304,0.4559,0.1696,9,3,2,3,1,20.34,56,55.3411,64.1132,51.8019,medium
449,20,2,10.0,160000000000.0,48.4693,237550802709.02,1979590022.58,6697415278.44,6170306593.44,5937462813.73,759952464.71,232843779.71,0.8865,0.9623,0.1135,0.0377,14,10,3,1,0,11.54,14,28.7658,140.9142,25.5569,low
450,20,1,5.0,220000000000.0,42.6267,313778680643.51,1307411169.35,4215326636.19,3566131683.19,728269393.46,3487057242.73,2837862289.73,0.1728,0.2042,0.8272,0.7958,11,0,3,2,6,62.89,76,43.9331,56.1257,100.0,high
451,30,2,6.6667,70000000000.0,43.0004,100100266225.5,556112590.14,1831376501.07,1582601327.51,1524055200.47,307321300.6,58546127.04,0.8322,0.963,0.1678,0.037,10,7,2,1,0,4.24,16,23.9388,59.4362,9.0,low
452,60,1,1.6667,90000000000.0,45.7663,131189675210.76,182207882.24,807829181.13,690544086.47,607887190.87,199941990.26,82656895.61,0.7525,0.8803,0.2475,0.1197,16,10,3,2,1,20.57,28,49.3347,74.1427,34.0626,low
453,30,1,3.3333,70000000000.0,52.5178,106762492941.65,296562480.39,948380412.67,845367688.33,804983855.08,143396557.59,40383833.25,0.8488,0.9522,0.1512,0.0478,11,9,1,1,0,1.73,5,58.7935,100.7545,9.0,low
454,48,1,2.0833,90000000000.0,32.424,119181569196.1,206912446.52,291337166.58,247841314.58,110631683.66,180705482.92,137209630.91,0.3797,0.4464,0.6203,0.5536,6,2,2,1,1,65.95,82,34.2838,172.6873,82.8578,high
455,20,1,5.0,90000000000.0,47.7842,133005781800.15,554190757.5,1801944408.38,1457743444.59,1266078253.95,535866154.43,191665190.64,0.7026,0.8685,0.2974,0.1315,11,5,4,2,0,10.42,29,37.3478,58.6779,33.2393,low
456,30,3,10.0,70000000000.0,88.8826,132217854123.44,1101815451.03,3528398101.64,2927946817.15,1879275008.49,1649123093.15,1048671808.66,0.5326,0.6418,0.4674,0.3582,15,6,4,3,2,12.56,41,46.8143,76.8398,58.502,medium
457,24,1,4.1667,90000000000.0,50.5504,135495369777.26,470470033.95,1246184428.58,1221066758.66,1074864244.83,171320183.75,146202513.83,0.8625,0.8803,0.1375,0.1197,9,5,3,0,1,6.66,27,42.3354,68.5043,32.0,low
458,16,1,6.25,70000000000.0,30.997,91697885005.72,477593151.07,1194229578.53,1008885383.63,993753812.12,200475766.41,15131571.51,0.8321,0.985,0.1679,0.015,8,6,1,1,0,0.91,5,36.004,100.4656,9.0,low
459,30,1,3.3333,160000000000.0,74.419,279070410062.97,775195583.51,1506529007.64,1324237515.99,1281993061.88,224535945.75,42244454.1,0.851,0.9681,0.149,0.0319,9,8,0,1,0,0.36,2,44.7791,74.0215,9.0,low
460,30,2,6.6667,220000000000.0,49.8369,329641196956.61,1831339983.09,7980532433.0,7530498819.07,4076085785.43,3904446647.56,3454413033.64,0.5108,0.5413,0.4892,0.4587,14,4,4,1,5,36.21,81,45.1914,78.8801,77.1095,high
461,12,2,16.6667,120000000000.0,72.5165,207019774155.03,2875274641.04,6192149645.63,4890051909.28,4418974102.55,1773175543.08,471077806.73,0.7136,0.9037,0.2864,0.0963,11,8,1,2,0,10.27,12,56.903,79.7154,17.165,low
462,30,1,3.3333,70000000000.0,28.472,89930394350.69,249806650.97,944768028.44,728171837.31,454991892.63,489776135.81,273179944.69,0.4816,0.6248,0.5184,0.3752,13,6,3,3,1,16.46,46,53.2004,128.3866,69.1152,high
463,30,1,3.3333,160000000000.0,38.8725,222196049190.12,617211247.75,1536062227.26,1550498978.2,1528381916.12,7680311.14,22117062.08,0.995,0.9857,0.005,0.0143,8,7,1,0,0,0.68,3,44.2312,89.6809,9.0,low
464,20,1,5.0,300000000000.0,59.9042,479712726890.26,1998803028.71,4992436792.14,3967829615.74,3937946196.7,1054490595.44,29883419.04,0.7888,0.9925,0.2112,0.0075,11,8,1,2,0,2.88,14,34.4846,126.3342,10.6866,low
465,24,1,4.1667,120000000000.0,46.4023,175682704804.4,610009391.68,2494032874.61,2367736963.78,2256068202.61,237964672.0,111668761.17,0.9046,0.9528,0.0954,0.0472,14,12,1,1,0,0.64,7,50.8356,63.0285,9.0,low
466,60,1,1.6667,160000000000.0,18.0,188800000000.0,262222222.22,782455630.54,781825993.71,753847266.23,28608364.31,27978727.48,0.9634,0.9642,0.0366,0.0358,11,10,1,0,0,0.97,6,59.8208,185.0,9.0,low
467,48,1,2.0833,90000000000.0,59.226,143303357460.7,248790551.15,600378517.81,535020619.03,523628918.33,76749599.48,11391700.71,0.8722,0.9787,0.1278,0.0213,8,7,0,1,0,1.4,0,36.1209,89.2141,9.0,low
468,24,1,4.1667,300000000000.0,50.5469,451640842228.87,1568197368.85,5093940137.54,3913963789.8,1523881373.62,3570058763.92,2390082416.17,0.2992,0.3893,0.7008,0.6107,12,4,3,3,2,26.87,47,39.2879,47.2883,83.524,high
469,24,1,4.1667,160000000000.0,63.3537,261365948615.57,907520654.92,3607669033.74,3085589011.92,2693770160.46,913898873.28,391818851.47,0.7467,0.873,0.2533,0.127,16,9,4,2,1,18.15,21,50.8823,42.1983,37.6125,medium
470,24,1,4.1667,120000000000.0,32.9543,159545197115.99,553976378.87,2026199968.72,1688731506.64,692857858.81,1333342109.9,995873647.83,0.3419,0.4103,0.6581,0.5897,13,2,4,2,5,68.14,72,49.8083,93.2578,93.8532,high
471,20,1,5.0,70000000000.0,64.8628,115403967148.31,480849863.12,1364070910.13,1061732986.55,172393092.0,1191677818.13,889339894.55,0.1264,0.1624,0.8736,0.8376,10,0,2,2,6,106.52,127,56.4732,66.5364,100.0,high
472,20,1,5.0,120000000000.0,34.6012,161521497416.4,673006239.23,2176365456.36,2181999240.37,2083356976.13,93008480.23,98642264.24,0.9573,0.9548,0.0427,0.0452,9,8,1,0,0,4.32,6,51.3876,15.0,10.0216,low
473,24,1,4.1667,300000000000.0,23.9162,371748667898.81,1290793985.76,3773052129.95,3509398765.89,3584868066.33,188184063.62,0.0,0.9501,1.0,0.0499,0.0,10,8,1,1,0,4.59,9,38.367,63.4065,9.0,low
474,30,1,3.3333,160000000000.0,58.7911,254065810874.65,705738363.54,1551887218.56,1125527671.72,954771552.95,597115665.62,170756118.77,0.6152,0.8483,0.3848,0.1517,8,5,1,2,0,8.12,14,50.1226,111.9501,31.2184,low
475,30,1,3.3333,120000000000.0,53.248,183897551455.78,510826531.82,1748159251.47,1667702696.94,1607769928.19,140389323.28,59932768.75,0.9197,0.9641,0.0803,0.0359,15,12,2,1,0,0.27,2,58.2448,94.7077,9.0,low
476,30,1,3.3333,220000000000.0,53.5406,337789414486.26,938303929.13,1536222344.84,1056301190.16,788544126.24,747678218.6,267757063.92,0.5133,0.7465,0.4867,0.2535,7,3,2,2,0,18.33,33,30.1176,97.6038,42.8368,medium
477,12,2,16.6667,120000000000.0,20.8576,145029178363.05,2014294143.93,4374164920.59,3723842358.44,1473943292.27,2900221628.32,2249899066.17,0.337,0.3958,0.663,0.6042,6,1,2,1,2,67.67,93,50.4836,119.5586,99.9516,high
478,20,1,5.0,120000000000.0,53.509,184210856108.53,767545233.79,1766393222.06,1786066733.44,1505995431.44,260397790.62,280071302.0,0.8526,0.8432,0.1474,0.1568,8,6,2,0,0,9.92,13,25.9883,121.7296,26.6287,low
479,16,1,6.25,160000000000.0,54.6395,247423247527.22,1288662747.54,3478619347.51,3219698763.85,2646546249.94,832073097.56,573152513.91,0.7608,0.822,0.2392,0.178,12,8,2,1,1,3.2,16,37.7658,85.3981,28.5071,low
480,20,1,5.0,160000000000.0,18.0,188800000000.0,786666666.67,2058321051.61,1607305352.68,1622232440.63,436088610.98,0.0,0.7881,1.0,0.2119,0.0,9,7,0,2,0,1.65,1,44.0719,99.8246,9.0,low
481,12,1,8.3333,120000000000.0,46.6412,175969439195.51,1222009994.41,2616585198.63,1819543926.25,1091247422.65,1525337775.99,728296503.6,0.4171,0.5997,0.5829,0.4003,7,2,2,2,1,14.58,56,37.3672,102.476,62.6215,medium
482,16,1,6.25,90000000000.0,36.5553,122899763578.91,640102935.31,3002470397.5,2446111732.77,2125632735.65,876837661.85,320478997.12,0.708,0.869,0.292,0.131,13,7,4,2,0,9.04,11,50.5124,153.3678,38.1429,medium
483,24,1,4.1667,120000000000.0,58.6402,190368197506.18,661000685.79,2605490359.6,2207633930.6,2047864128.92,557626230.68,159769801.68,0.786,0.9276,0.214,0.0724,15,10,3,2,0,11.96,15,58.3117,108.2705,28.9492,low
484,48,1,2.0833,120000000000.0,77.7934,213352089873.8,370402933.81,1072008286.22,1009413088.88,999258173.2,72750113.02,10154915.68,0.9321,0.9899,0.0679,0.0101,12,9,2,1,0,11.04,16,52.0297,32.8179,9.9461,low
485,24,2,8.3333,90000000000.0,39.5921,125632905096.98,872450729.84,4163228712.24,3990709144.58,3797400742.41,365827969.83,193308402.18,0.9121,0.9516,0.0879,0.0484,14,13,0,1,0,1.68,1,44.4364,109.8017,9.0,low
486,24,1,4.1667,70000000000.0,42.6123,99828616021.93,346627138.97,1877820303.37,1693211206.96,1639962693.86,237857609.51,53248513.09,0.8733,0.9686,0.1267,0.0314,16,13,1,2,0,2.69,9,40.3015,121.8609,9.0,low
487,30,1,3.3333,160000000000.0,63.442,261507147320.87,726408742.56,2350294612.26,2108747008.21,1998607362.8,351687249.45,110139645.41,0.8504,0.9478,0.1496,0.0522,15,13,1,1,0,1.04,9,38.509,81.3486,16.0312,low
488,12,1,8.3333,120000000000.0,88.0326,225639083210.6,1566938077.85,5642233146.77,4570910169.05,3196329168.83,2445903977.94,1374581000.22,0.5665,0.6993,0.4335,0.3007,16,5,5,3,3,39.01,65,55.2275,108.9313,55.305,medium
489,60,1,1.6667,160000000000.0,51.0357,241657085755.08,335634841.33,1403615210.63,1285730796.36,1210219375.2,193395835.43,75511421.16,0.8622,0.9413,0.1378,0.0587,15,13,1,1,0,0.73,5,33.8833,22.7456,9.1337,low
490,60,1,1.6667,220000000000.0,37.7373,303022138927.71,420864081.84,1229688567.87,1020020004.37,949107153.73,280581414.15,70912850.64,0.7718,0.9305,0.2282,0.0695,10,7,1,2,0,2.15,8,39.3609,61.0735,12.2603,low
491,16,1,6.25,300000000000.0,63.3778,490133479768.21,2552778540.46,6342209284.85,6348984730.9,5248880692.05,1093328592.8,1100104038.85,0.8276,0.8267,0.1724,0.1733,12,7,4,0,1,9.69,16,31.2521,185.0,40.8137,medium
492,30,1,3.3333,90000000000.0,58.6828,142814517485.98,396706993.02,608275263.95,420683066.09,321154405.47,287120858.48,99528660.62,0.528,0.7634,0.472,0.2366,7,3,2,2,0,10.31,16,41.3084,83.7482,41.1498,medium
493,30,1,3.3333,120000000000.0,53.4846,184181536500.3,511615379.17,2021075893.35,1808956356.76,1852532765.99,168543127.36,0.0,0.9166,1.0,0.0834,0.0,16,13,1,2,0,5.92,9,47.2685,89.5196,9.0,low
494,20,1,5.0,90000000000.0,53.1085,137797682885.71,574157012.02,1100014715.4,849886879.45,734235517.46,365779197.93,115651361.98,0.6675,0.8639,0.3325,0.1361,9,4,2,2,1,18.26,26,28.8983,37.8868,38.0945,medium
495,30,1,3.3333,120000000000.0,44.8175,173781059173.76,482725164.37,1282356869.19,1165225235.4,835023735.48,447333133.7,330201499.92,0.6512,0.7166,0.3488,0.2834,12,6,3,1,2,33.79,50,44.6673,101.0673,63.7751,medium
496,30,1,3.3333,160000000000.0,72.6019,276163042128.15,767119561.47,1602080558.59,1451562945.12,1321249611.56,280830947.03,130313333.56,0.8247,0.9102,0.1753,0.0898,9,7,1,1,0,9.95,14,60.3117,59.2647,9.0,low
497,30,1,3.3333,120000000000.0,30.9571,157148472818.44,436523535.61,1274542014.66,1153178446.21,1139976578.49,134565436.17,13201867.72,0.8944,0.9886,0.1056,0.0114,11,9,1,1,0,0.05,9,40.9541,83.9202,9.0,low
498,12,1,8.3333,220000000000.0,18.0,259600000000.0,1802777777.78,3985308946.81,3375463276.29,1375342887.59,2609966059.22,2000120388.7,0.3451,0.4075,0.6549,0.5925,6,2,2,1,1,25.18,77,46.5136,57.3153,75.92,high
499,20,1,5.0,220000000000.0,79.5102,394922452299.07,1645510217.91,5293822468.74,4666462357.4,4580233590.36,713588878.39,86228767.04,0.8652,0.9815,0.1348,0.0185,16,13,1,2,0,8.15,13,41.7102,82.4244,14.9739,low
500,48,1,2.0833,160000000000.0,58.9695,254351219623.46,441581978.51,1411087183.76,1082455525.36,410423356.89,1000663826.87,672032168.47,0.2909,0.3792,0.7091,0.6208,13,2,4,3,4,32.07,110,26.5895,50.1024,86.6673,high
501,20,1,5.0,120000000000.0,67.5554,201066425076.21,837776771.15,1511793080.59,1522419593.93,1389717120.02,122075960.57,132702473.91,0.9193,0.9128,0.0807,0.0872,9,7,2,0,0,11.85,17,44.0837,59.0623,17.6457,low
502,30,1,3.3333,220000000000.0,24.3299,273525882885.13,759794119.13,4166620195.62,3709063810.47,3597914039.26,568706156.36,111149771.2,0.8635,0.97,0.1365,0.03,14,12,0,2,0,0.45,2,23.842,129.1512,10.4198,low
503,20,1,5.0,120000000000.0,54.1805,185016604097.19,770902517.07,2116945923.5,1733116153.88,1569400453.85,547545469.65,163715700.03,0.7414,0.9055,0.2586,0.0945,10,7,1,2,0,3.46,11,53.0161,99.4722,11.1843,low
504,16,1,6.25,300000000000.0,57.9932,473979660543.4,2468644065.33,8621593991.26,7124781617.01,7149596617.02,1471997374.24,0.0,0.8293,1.0,0.1707,0.0,14,12,0,2,0,1.88,3,41.8515,53.6286,11.9531,low
505,36,2,5.5556,120000000000.0,52.2419,182690313420.4,845788488.06,3132419339.7,2945166063.01,2778182844.04,354236495.67,166983218.97,0.8869,0.9433,0.1131,0.0567,12,9,2,1,0,8.08,13,51.1801,75.3219,9.0,low
506,20,1,5.0,160000000000.0,45.345,232551973754.08,968966557.31,3954318171.5,3887325074.33,2850890281.82,1103427889.68,1036434792.52,0.721,0.7334,0.279,0.2666,12,6,4,0,2,26.8,57,56.5111,54.7403,54.1812,medium
507,12,1,8.3333,90000000000.0,55.1627,139646448339.9,969767002.36,2347388280.98,2018499156.81,1410783679.3,936604601.68,607715477.51,0.601,0.6989,0.399,0.3011,8,3,3,1,1,11.55,42,37.8318,81.2329,62.404,medium
508,30,1,3.3333,90000000000.0,41.1114,127000215176.84,352778375.49,1445195346.77,1153215812.29,273195694.61,1171999652.15,880020117.68,0.189,0.2369,0.811,0.7631,16,1,5,3,7,110.88,157,57.5772,126.2896,100.0,high
509,16,1,6.25,90000000000.0,68.989,152090055499.63,792135705.73,1238844143.85,1020569589.78,958406829.76,280437314.09,62162760.02,0.7736,0.9391,0.2264,0.0609,7,5,1,1,0,10.1,15,64.9502,48.9095,18.4062,low
510,16,1,6.25,70000000000.0,62.2986,113609052777.79,591713816.55,832465925.48,685194125.19,619869998.72,212595926.76,65324126.47,0.7446,0.9047,0.2554,0.0953,6,3,2,1,0,19.57,30,43.7949,113.488,35.0338,medium
511,16,1,6.25,90000000000.0,46.4214,131779251487.89,686350268.17,2040910195.92,1655231049.66,1221999611.67,818910584.25,433231437.99,0.5988,0.7383,0.4012,0.2617,10,6,2,2,0,11.97,31,45.1585,62.2597,42.508,medium
512,20,1,5.0,220000000000.0,61.746,355841115318.85,1482671313.83,2594772760.76,2175558310.0,1405707656.76,1189065104.0,769850653.24,0.5417,0.6461,0.4583,0.3539,7,3,2,1,1,27.68,54,63.9918,112.443,64.4473,medium
513,30,1,3.3333,120000000000.0,32.1687,158602466750.64,440562407.64,1874469076.55,1766967836.7,1712076361.55,162392715.0,54891475.14,0.9134,0.9689,0.0866,0.0311,15,14,0,1,0,0.75,2,41.0032,29.7718,9.0,low
514,24,1,4.1667,90000000000.0,54.7092,139238302967.02,483466329.75,1919913584.71,1685075770.38,1701787816.08,218125768.63,0.0,0.8864,1.0,0.1136,0.0,16,13,1,2,0,0.92,4,57.5006,112.7607,9.0,low
515,60,1,1.6667,70000000000.0,44.9425,101459761899.07,140916335.97,288951241.01,291217278.13,274125158.13,14826082.88,17092120.0,0.9487,0.9413,0.0513,0.0587,6,5,1,0,0,0.01,3,51.7285,56.0384,9.0,low
516,30,2,6.6667,220000000000.0,52.1545,334739915431.77,1859666196.84,3197078882.55,2759261603.47,2830401143.28,366677739.27,0.0,0.8853,1.0,0.1147,0.0,8,7,0,1,0,0.51,1,50.6047,109.6437,9.0,low
517,30,1,3.3333,120000000000.0,50.9586,181150271736.62,503195199.27,1414019097.0,1287891222.25,760856971.64,653162125.36,527034250.61,0.5381,0.5908,0.4619,0.4092,12,5,4,1,2,20.88,53,49.4,101.4415,61.8306,medium
518,12,1,8.3333,120000000000.0,78.4705,214164641534.86,1487254455.1,3376262067.38,2935814960.09,2839313166.14,536948901.23,96501793.94,0.841,0.9671,0.159,0.0329,10,8,1,1,0,2.23,16,56.5825,40.5628,11.0246,low
519,16,2,12.5,120000000000.0,35.4425,162531005303.35,1693031305.24,3265669644.4,2755899809.66,2066637100.19,1199032544.21,689262709.47,0.6328,0.7499,0.3672,0.2501,6,3,2,1,0,9.6,23,28.6334,46.7399,46.0286,medium
520,20,2,10.0,120000000000.0,42.3158,170778986342.65,1423158219.52,6388864808.56,5434340826.6,5231476538.5,1157388270.05,202864288.1,0.8188,0.9627,0.1812,0.0373,16,12,2,2,0,11.36,17,49.88,112.4969,17.0341,low
521,16,2,12.5,220000000000.0,54.3191,339502095840.82,3536480165.01,14237333962.6,11512170158.67,10157399177.62,4079934784.98,1354770981.05,0.7134,0.8823,0.2866,0.1177,12,9,1,2,0,7.43,11,57.1011,65.4496,28.4559,low
522,36,1,2.7778,220000000000.0,86.9332,411253113292.84,951974799.29,2240906821.93,1829661259.32,1712041635.72,528865186.21,117619623.6,0.764,0.9357,0.236,0.0643,10,7,1,2,0,4.54,6,57.8861,145.2555,14.3696,low
523,20,1,5.0,90000000000.0,72.1493,154934388892.32,645559953.72,2288714675.53,1766439689.25,785454037.51,1503260638.02,980985651.74,0.3432,0.4447,0.6568,0.5553,14,3,4,3,4,43.03,94,50.4229,89.2137,81.0913,high
524,30,1,3.3333,90000000000.0,32.778,119500221129.31,331945058.69,1494955471.76,1332573518.93,1311664437.86,183291033.89,20909081.07,0.8774,0.9843,0.1226,0.0157,16,14,0,2,0,1.93,1,58.9849,63.7863,9.0,low
525,24,1,4.1667,160000000000.0,57.701,252321623861.89,876116749.52,2070443157.45,1807740556.43,1468993325.46,601449831.99,338747230.97,0.7095,0.8126,0.2905,0.1874,11,7,3,1,0,15.35,21,38.2549,66.517,38.9531,medium
526,30,2,6.6667,120000000000.0,38.8004,166560482997.1,925336016.65,2398788744.61,2376134535.52,2018531807.45,380256937.16,357602728.07,0.8415,0.8495,0.1585,0.1505,9,5,3,0,1,18.25,29,37.6963,80.4597,38.5825,medium
527,12,1,8.3333,70000000000.0,52.7933,106955341893.65,742745429.82,1574212975.14,1326157983.56,1253918315.96,320294659.18,72239667.59,0.7965,0.9455,0.2035,0.0545,8,7,0,1,0,1.59,0,50.4942,139.5258,9.0516,low
528,60,1,1.6667,220000000000.0,82.2384,400924553910.61,556839658.21,1025732162.45,732991020.66,430571539.08,595160623.37,302419481.58,0.4198,0.5874,0.5802,0.4126,7,1,2,2,2,30.36,82,51.072,82.4747,76.3445,high
529,30,2,6.6667,160000000000.0,65.7528,265204433691.31,1473357964.95,2905051889.91,2227128502.79,1899944797.59,1005107092.32,327183705.21,0.654,0.8531,0.346,0.1469,9,6,1,2,0,9.15,11,45.8684,121.6459,24.1605,low
530,30,2,6.6667,300000000000.0,68.6667,506000057081.99,2811111428.23,6519750979.9,4666994581.96,3880398264.01,2639352715.89,786596317.95,0.5952,0.8315,0.4048,0.1685,11,3,4,3,1,25.94,51,43.2018,131.8608,47.2624,medium
531,36,2,5.5556,120000000000.0,34.5709,161485028625.21,747615873.26,2625594721.43,2239547054.68,2035015319.16,590579402.27,204531735.52,0.7751,0.9087,0.2249,0.0913,13,6,4,2,1,19.22,21,58.1461,76.171,37.6825,medium
532,36,1,2.7778,160000000000.0,45.1155,232184790685.06,537464793.25,2108306468.04,1820030128.45,1807061586.17,301244881.87,12968542.28,0.8571,0.9929,0.1429,0.0071,13,11,0,2,0,1.24,0,56.2352,124.3538,9.0,low
533,16,1,6.25,90000000000.0,68.3401,151506065187.97,789094089.52,1696408593.75,1251405277.64,579231144.39,1117177449.36,672174133.25,0.3414,0.4629,0.6586,0.5371,8,1,3,2,2,29.62,67,37.5135,90.5021,86.9756,high
534,16,1,6.25,120000000000.0,78.1832,213819887656.24,1113645248.21,3704264981.19,3287030509.71,3347399725.56,356865255.63,0.0,0.9037,1.0,0.0963,0.0,14,12,0,2,0,1.88,0,43.8206,93.4599,9.0,low
535,16,1,6.25,160000000000.0,45.3095,232495122653.55,1210912097.15,4107298166.6,3614158210.45,1934184266.82,2173113899.78,1679973943.63,0.4709,0.5352,0.5291,0.4648,11,3,4,1,3,68.65,95,45.4672,119.0904,77.2371,high
536,16,1,6.25,160000000000.0,45.9839,233574284049.53,1216532729.42,3079625123.11,2782340676.52,2408292541.96,671332581.15,374048134.55,0.782,0.8656,0.218,0.1344,10,6,3,1,0,8.71,33,49.5544,103.5808,40.2822,medium
537,12,1,8.3333,120000000000.0,50.9505,181140585787.92,1257920734.64,2685343357.23,1872151108.54,1736950344.77,948393012.46,135200763.76,0.6468,0.9278,0.3532,0.0722,7,4,1,2,0,11.34,27,36.2401,109.215,22.7259,low
538,20,1,5.0,160000000000.0,24.3027,198884390283.99,828684959.52,3253049025.77,2697096463.88,2074029947.74,1179019078.03,623066516.14,0.6376,0.769,0.3624,0.231,13,6,5,2,0,12.32,16,35.2814,100.217,39.3842,medium
539,30,1,3.3333,90000000000.0,42.2173,127995566274.19,355543239.65,920977288.4,798508227.75,789925533.37,131051755.03,8582694.38,0.8577,0.9893,0.1423,0.0107,8,5,2,1,0,10.3,17,39.7958,147.8436,17.0451,low
540,24,2,8.3333,160000000000.0,43.8486,230157796656.0,1598318032.33,2916216476.22,2466614519.86,1436818076.29,1479398399.93,1029796443.57,0.4927,0.5825,0.5073,0.4175,7,3,2,1,1,12.07,54,60.2034,121.7889,62.645,medium
541,16,1,6.25,120000000000.0,50.104,180124828776.39,938150149.88,1654945518.8,1386679848.25,839918305.52,815027213.28,546761542.73,0.5075,0.6057,0.4925,0.3943,6,2,2,1,1,18.53,59,43.1203,57.674,63.2468,medium
542,20,2,10.0,220000000000.0,35.1862,297409623633.89,2478413530.28,11846316594.34,10454866794.76,4560446063.41,7285870530.93,5894420731.35,0.385,0.4362,0.615,0.5638,14,4,4,2,4,46.08,73,42.5792,78.8378,81.0291,high
543,20,1,5.0,90000000000.0,75.4016,157861430223.59,657755959.26,922157637.73,788388610.78,784904440.8,137253196.93,3484169.98,0.8512,0.9956,0.1488,0.0044,6,5,0,1,0,1.14,2,63.9333,155.0709,9.0,low
544,12,1,8.3333,160000000000.0,53.1511,245041803147.27,1701679188.52,7742393367.27,6903979528.17,6474345231.49,1268048135.78,429634296.68,0.8362,0.9378,0.1638,0.0622,15,12,1,2,0,7.88,19,46.9743,92.9631,16.4043,low
545,24,1,4.1667,90000000000.0,47.7037,132933307976.72,461573986.03,887378965.13,914854302.87,759513311.78,127865653.35,155340991.08,0.8559,0.8302,0.1441,0.1698,8,5,2,0,1,22.12,29,39.5282,106.5422,33.7069,low
546,16,1,6.25,120000000000.0,43.6071,172328482926.08,897544181.91,1652351748.3,1623629280.95,834864005.62,817487742.68,788765275.33,0.5053,0.5142,0.4947,0.4858,8,4,2,0,2,40.33,56,34.4145,118.0792,69.293,high
547,12,1,8.3333,300000000000.0,56.339,469016972275.29,3257062307.47,5835910305.58,4313960653.02,2124675989.8,3711234315.78,2189284663.22,0.3641,0.4925,0.6359,0.5075,7,2,2,2,1,69.85,100,45.8386,116.0955,85.1494,high
548,24,1,4.1667,160000000000.0,72.8098,276495687882.36,960054471.81,3242577761.74,2570482686.98,1558474438.05,1684103323.69,1012008248.93,0.4806,0.6063,0.5194,0.3937,15,7,3,3,2,23.09,36,52.7867,41.7454,63.0701,medium
549,60,1,1.6667,120000000000.0,35.5336,162640329021.29,225889345.86,638876097.4,488321660.34,498794055.19,140082042.21,0.0,0.7807,1.0,0.2193,0.0,8,5,1,2,0,9.83,13,70.6983,149.0842,23.9096,low
550,24,1,4.1667,300000000000.0,51.2741,453822325751.13,1575771964.41,6608830499.37,5795543403.84,3469008751.38,3139821747.99,2326534652.46,0.5249,0.5986,0.4751,0.4014,15,6,6,2,1,33.01,36,34.7417,133.6355,62.6267,medium
551,24,1,4.1667,70000000000.0,52.6276,106839324829.49,370969877.88,1144824667.69,1052021234.37,1056747306.77,88077360.92,0.0,0.9231,1.0,0.0769,0.0,13,11,1,1,0,5.52,8,39.5752,110.4255,9.0,low
552,16,1,6.25,90000000000.0,18.0,106200000000.0,553125000.0,1521266517.18,1560190684.83,1513660184.6,7606332.59,46530500.24,0.995,0.9702,0.005,0.0298,7,6,1,0,0,1.43,4,43.2217,131.5773,9.0,low
553,30,3,10.0,160000000000.0,55.7329,249172653133.92,2076438776.12,6297552112.62,5178719420.14,5189442896.15,1108109216.47,0.0,0.824,1.0,0.176,0.0,11,9,0,2,0,0.78,3,40.8359,80.8118,9.0,low
554,30,1,3.3333,120000000000.0,33.2205,159864593811.03,444068316.14,1348813550.67,1205102058.74,857901109.09,490912441.58,347200949.65,0.636,0.7119,0.364,0.2881,12,6,4,1,1,10.36,15,48.4892,141.0302,52.0138,medium
555,30,1,3.3333,70000000000.0,43.4876,100441309358.05,279003637.11,757416646.76,699293479.43,565397600.24,192019046.52,133895879.19,0.7465,0.8085,0.2535,0.1915,12,7,3,1,1,12.31,24,52.2365,86.4242,37.2333,medium
556,16,1,6.25,160000000000.0,82.9004,292640704062.34,1524170333.66,4958673294.52,4194718200.55,3356356975.44,1602316319.08,838361225.11,0.6769,0.8001,0.3231,0.1999,14,7,5,2,0,5.17,22,41.6875,57.2097,40.2089,medium
557,30,1,3.3333,220000000000.0,50.7685,331690651904.23,921362921.96,3459143889.34,2748371024.73,2054452861.16,1404691028.18,693918163.57,0.5939,0.7475,0.4061,0.2525,15,5,5,3,2,22.46,34,20.0,80.2557,57.3904,medium
558,24,1,4.1667,90000000000.0,81.3983,163258510099.07,566869826.73,860461557.69,639975082.49,126635170.92,733826386.77,513339911.57,0.1472,0.1979,0.8528,0.8021,8,1,2,2,3,52.87,129,37.2271,71.0421,100.0,high
559,16,2,12.5,300000000000.0,62.0786,486235925092.15,5064957553.04,20699112948.61,18498142060.35,16301599234.0,4397513714.62,2196542826.36,0.7876,0.8813,0.2124,0.1187,15,12,1,2,0,2.18,14,56.2351,90.3325,19.0158,low
560,36,1,2.7778,160000000000.0,55.4405,248704801261.12,575705558.47,774537536.41,662509976.89,635330857.49,139206678.91,27179119.4,0.8203,0.959,0.1797,0.041,6,4,1,1,0,10.82,17,51.7342,68.731,12.7927,low
561,12,2,16.6667,160000000000.0,55.9501,249520123387.92,3465557269.28,5934183559.47,6065513201.51,5904512641.68,29670917.8,161000559.84,0.995,0.9735,0.005,0.0265,8,7,1,0,0,0.71,8,34.9793,139.4779,9.0,low
562,30,1,3.3333,120000000000.0,34.739,161686749119.31,449129858.66,1438811316.97,1332161771.59,1164239799.22,274571517.75,167921972.37,0.8092,0.8739,0.1908,0.1261,12,8,2,1,1,10.2,12,53.6833,144.4205,25.5246,low
563,12,1,8.3333,300000000000.0,49.6227,448868051422.88,3117139245.99,8274580438.94,7548784769.22,5723364795.23,2551215643.72,1825419973.99,0.6917,0.7582,0.3083,0.2418,11,5,3,1,2,38.1,40,37.9151,106.7421,60.3862,medium
564,20,2,10.0,90000000000.0,62.8928,146603548975.8,1221696241.47,3866268380.92,2982351770.85,1777294845.45,2088973535.47,1205056925.4,0.4597,0.5959,0.5403,0.4041,10,3,3,2,2,18.05,26,44.2389,86.7728,62.0649,medium
565,60,2,3.3333,160000000000.0,58.061,252897593022.29,702493313.95,1487023172.78,1048014528.29,663961771.27,823061401.51,384052757.02,0.4465,0.6335,0.5535,0.3665,7,2,2,2,1,16.43,43,42.563,103.1869,61.1386,medium
566,16,1,6.25,120000000000.0,80.7177,216861258114.77,1129485719.35,4668715722.64,4249824118.72,4115835081.06,552880641.58,133989037.66,0.8816,0.9685,0.1184,0.0315,16,13,2,1,0,1.3,3,31.2264,90.8476,9.0,low
567,24,1,4.1667,160000000000.0,56.8295,250927173786.03,871274908.98,2829949544.81,2455728406.83,2292042124.25,537907420.57,163686282.59,0.8099,0.9333,0.1901,0.0667,15,11,2,2,0,9.36,13,41.4992,69.8725,16.9183,low
568,20,1,5.0,300000000000.0,73.0638,519191429734.36,2163297623.89,3755631859.47,3810344104.24,3605967168.7,149664690.78,204376935.55,0.9601,0.9464,0.0399,0.0536,7,6,1,0,0,0.4,9,57.2644,107.8745,9.0,low
569,30,1,3.3333,90000000000.0,61.4778,145330036222.28,403694545.06,632679719.89,536901203.62,483106423.5,149573296.38,53794780.11,0.7636,0.8998,0.2364,0.1002,8,4,3,1,0,20.24,25,39.0015,71.9018,33.2852,low
570,30,1,3.3333,160000000000.0,54.6905,247504843418.98,687513453.94,2572435271.29,2302794117.12,2051327550.87,521107720.41,251466566.25,0.7974,0.8908,0.2026,0.1092,12,9,2,1,0,3.04,18,47.3625,64.3295,18.0195,low
571,16,1,6.25,70000000000.0,84.6869,129280840797.11,673337712.48,1571669202.07,1389691732.52,581428179.13,990241022.95,808263553.4,0.3699,0.4184,0.6301,0.5816,10,3,4,1,2,56.61,66,46.716,54.3625,95.2122,high
572,30,1,3.3333,220000000000.0,55.795,342749087233.16,952080797.87,2226039970.59,2058423514.49,1666783463.56,559256507.03,391640050.92,0.7488,0.8097,0.2512,0.1903,10,5,4,1,0,12.73,16,40.6858,106.0439,40.5395,medium
573,36,1,2.7778,120000000000.0,47.5537,177064486280.84,409871496.02,1867681610.86,1601137491.42,1574578139.35,293103471.51,26559352.07,0.8431,0.9834,0.1569,0.0166,15,12,1,2,0,0.25,6,53.343,113.7413,9.0,low
574,36,1,2.7778,120000000000.0,61.3709,193645132751.84,448252622.11,771025662.65,580809466.05,522931524.15,248094138.51,57877941.9,0.6782,0.9003,0.3218,0.0997,8,4,2,2,0,20.5,35,56.098,38.1446,25.0989,low
575,20,1,5.0,120000000000.0,49.479,179374801958.39,747395008.16,2384896692.08,1717132303.49,1299754154.08,1085142538.0,417378149.42,0.545,0.7569,0.455,0.2431,12,4,4,3,1,39.13,49,56.9679,116.2481,53.9744,medium
576,12,1,8.3333,220000000000.0,58.6741,349083100309.54,2424188196.59,3372080196.9,3414722951.14,3032083820.54,339996376.36,382639130.6,0.8992,0.8879,0.1008,0.1121,6,5,1,0,0,6.07,16,47.356,108.7842,28.3038,low
577,16,1,6.25,120000000000.0,53.8103,184572303391.69,961314080.17,3364350479.9,3090731940.55,2828060311.95,536290167.95,262671628.6,0.8406,0.915,0.1594,0.085,14,9,3,1,1,8.24,12,37.3519,21.4252,21.0745,low
578,36,1,2.7778,220000000000.0,63.3709,359416077862.84,831981661.72,3241515854.34,3275836159.58,2815337054.65,426178799.69,460499104.93,0.8685,0.8594,0.1315,0.1406,15,12,2,0,1,3.51,6,50.5908,74.9531,20.0364,low
579,16,1,6.25,120000000000.0,18.0,141600000000.0,737500000.0,2465996403.14,1978301200.6,1802754692.13,663241711.01,175546508.46,0.731,0.9113,0.269,0.0887,10,4,4,2,0,17.97,29,57.1161,85.5718,31.8471,low
580,36,1,2.7778,90000000000.0,67.9155,151123963707.77,349823990.06,1129039456.57,1086551567.26,1034458753.68,94580702.89,52092813.58,0.9162,0.9521,0.0838,0.0479,15,13,1,1,0,2.4,8,49.9576,138.9713,9.0,low
581,36,2,5.5556,160000000000.0,18.0,188800000000.0,874074074.07,3413833457.05,2739192476.25,2322294668.43,1091538788.62,416897807.82,0.6803,0.8478,0.3197,0.1522,11,6,3,2,0,10.93,17,43.4738,146.7403,33.1744,low
582,30,1,3.3333,220000000000.0,69.0416,371891429851.48,1033031749.59,3005088136.06,2310177521.74,1533915268.12,1471172867.94,776262253.62,0.5104,0.664,0.4896,0.336,12,5,2,3,2,30.58,48,37.7258,133.9469,64.0606,medium
583,36,1,2.7778,220000000000.0,61.2294,354704639541.75,821075554.49,1477939520.37,1276727898.32,1122444627.01,355494893.36,154283271.32,0.7595,0.8792,0.2405,0.1208,8,6,1,1,0,6.25,8,43.2095,67.5092,24.3368,low
584,36,1,2.7778,70000000000.0,44.8687,101408090776.03,234740950.87,814693305.71,773110518.98,589496555.76,225196749.95,183613963.22,0.7236,0.7625,0.2764,0.2375,13,8,4,1,0,14.76,17,36.2211,58.3271,29.6619,low
585,20,1,5.0,120000000000.0,52.8947,183473698403.01,764473743.35,1814001564.55,1380332060.11,1350284383.97,463717180.58,30047676.14,0.7444,0.9782,0.2556,0.0218,9,6,1,2,0,9.44,18,45.4395,94.1708,18.1564,low
586,30,1,3.3333,120000000000.0,29.7647,155717589295.04,432548859.15,711660791.11,699788940.53,277549772.88,434111018.24,422239167.66,0.39,0.3966,0.61,0.6034,6,2,2,0,2,40.34,103,46.4804,87.5938,96.3093,high
587,36,1,2.7778,220000000000.0,39.9211,307826356277.68,712561009.9,1432051513.37,1416844134.4,1071002790.2,361048723.17,345841344.2,0.7479,0.7559,0.2521,0.2441,8,3,3,0,2,21.97,40,40.1638,44.6708,54.6326,medium
588,36,3,8.3333,90000000000.0,63.1988,146878964150.46,1019992806.6,3234660779.62,2455514766.15,400649651.56,2834011128.06,2054865114.59,0.1239,0.1632,0.8761,0.8368,14,1,3,3,7,40.73,98,20.0,86.5461,100.0,high
589,16,2,12.5,120000000000.0,62.5004,195000534078.2,2031255563.31,8334946922.29,8641737198.0,7941146432.13,393800490.17,700590765.88,0.9528,0.9189,0.0472,0.0811,16,13,2,0,1,10.45,14,59.3552,81.3795,25.637,low
590,30,2,6.6667,90000000000.0,105.0,184500000000.0,1025000000.0,1928822972.68,1705613085.98,1406349883.94,522473088.74,299263202.04,0.7291,0.8245,0.2709,0.1755,11,6,3,1,1,9.47,32,34.5728,102.1592,39.6995,medium
591,60,1,1.6667,160000000000.0,59.4198,255071708477.51,354266261.77,877314782.55,823581459.69,657376822.03,219937960.53,166204637.67,0.7493,0.7982,0.2507,0.2018,11,6,4,1,0,6.07,8,23.8009,126.5357,42.7273,medium
592,24,2,8.3333,220000000000.0,77.5306,390567348623.93,2712273254.33,7912606907.55,8000034313.23,7873043873.02,39563034.54,126990440.21,0.995,0.9841,0.005,0.0159,11,10,1,0,0,4.73,7,60.6011,100.1904,9.0,low
593,12,1,8.3333,160000000000.0,82.9993,292798946231.06,2033326015.49,4378840361.44,3867087556.38,2831321738.98,1547518622.45,1035765817.4,0.6466,0.7322,0.3534,0.2678,11,6,4,1,0,20.73,24,38.5172,83.7533,51.2354,medium
594,20,2,10.0,90000000000.0,49.034,134130602290.94,1117755019.09,3340692029.48,2950870259.81,2918578122.53,422113906.95,32292137.28,0.8736,0.9891,0.1264,0.0109,9,8,0,1,0,1.52,3,51.191,117.7514,9.0,low
595,20,1,5.0,220000000000.0,20.0751,264165228390.14,1100688451.63,4876329990.24,4256130902.77,3973102271.23,903227719.01,283028631.54,0.8148,0.9335,0.1852,0.0665,15,13,0,2,0,1.38,3,40.8385,59.3641,9.0,low
596,36,1,2.7778,120000000000.0,27.3999,152879895289.06,353888646.5,642963723.98,438322791.58,323756203.27,319207520.71,114566588.31,0.5035,0.7386,0.4965,0.2614,6,2,1,2,1,31.91,59,41.0581,125.7049,56.5212,medium
597,12,1,8.3333,120000000000.0,69.1102,202932236919.44,1409251645.27,1805476442.99,1512230395.27,1210140022.13,595336420.86,302090373.14,0.6703,0.8002,0.3297,0.1998,6,3,2,1,0,16.57,21,44.3223,92.0725,46.3804,medium
598,12,1,8.3333,120000000000.0,49.519,179422790006.27,1245991597.27,5178657210.75,4349780124.45,3913268705.22,1265388505.54,436511419.23,0.7557,0.8996,0.2443,0.1004,15,11,2,2,0,9.01,11,47.279,20.1497,28.164,low
599,48,1,2.0833,160000000000.0,59.1851,254696189103.76,442180883.86,1949846242.89,2015487094.83,1940097011.68,9749231.21,75390083.15,0.995,0.9626,0.005,0.0374,14,12,2,0,0,3.58,6,36.0687,36.1502,9.0,low
600,30,1,3.3333,220000000000.0,60.1266,352278588550.0,978551634.86,2207282016.02,1928924300.03,1919336335.54,287945680.48,9587964.49,0.8695,0.995,0.1305,0.005,8,7,0,1,0,0.65,2,58.1073,161.9622,9.0,low
601,36,1,2.7778,70000000000.0,42.3151,99620570300.51,230603171.99,336667658.05,284735672.83,266950592.59,69717065.46,17785080.25,0.7929,0.9375,0.2071,0.0625,6,4,1,1,0,5.16,9,50.1816,39.7902,16.4858,low
602,20,1,5.0,70000000000.0,65.4501,115815097598.28,482562906.66,867608617.4,867209367.21,627419671.24,240188946.16,239789695.97,0.7232,0.7235,0.2768,0.2765,9,4,3,0,2,17.84,59,55.459,28.66,67.0781,high
603,24,1,4.1667,90000000000.0,44.0511,129646010893.69,450159760.05,1887681054.05,1571421269.74,1044259552.48,843421501.57,527161717.26,0.5532,0.6645,0.4468,0.3355,16,4,6,3,3,21.29,40,50.4265,61.8458,63.6156,medium
604,36,1,2.7778,300000000000.0,53.9121,461736349855.76,1068834143.18,2281615041.77,1736430590.93,1678341597.87,603273443.9,58088993.06,0.7356,0.9665,0.2644,0.0335,8,5,1,2,0,3.97,7,43.078,57.4977,9.7199,low
605,30,1,3.3333,120000000000.0,30.9977,157197263127.13,436659064.24,1792447516.25,1508488994.61,1057824347.03,734623169.22,450664647.58,0.5902,0.7012,0.4098,0.2988,12,6,3,2,1,17.75,65,60.558,111.2962,51.7669,medium
606,24,1,4.1667,160000000000.0,52.736,244377632042.51,848533444.59,2695755361.91,2417275443.3,1873748490.61,822006871.29,543526952.69,0.6951,0.7751,0.3049,0.2249,12,6,3,1,2,30.27,35,31.3577,53.631,56.7663,medium
607,16,1,6.25,300000000000.0,62.1964,486589237500.94,2534318945.32,3448778703.66,2379313184.41,650287857.93,2798490845.74,1729025326.49,0.1886,0.2733,0.8114,0.7267,6,0,1,2,3,64.87,113,50.1128,71.6845,100.0,high
608,48,1,2.0833,90000000000.0,41.9104,127719361450.03,221735002.52,435343168.86,366727786.38,143987337.59,291355831.28,222740448.8,0.3307,0.3926,0.6693,0.6074,8,2,2,1,3,40.22,54,43.8961,51.5776,86.156,high
609,20,1,5.0,90000000000.0,73.6182,156256394280.79,651068309.5,1859484698.99,1533922459.45,622559508.6,1236925190.4,911362950.85,0.3348,0.4059,0.6652,0.5941,12,2,4,2,4,58.79,133,58.9901,108.4179,100.0,high
610,12,2,16.6667,90000000000.0,63.5877,147228962194.26,2044846697.14,6684553528.59,5863168156.56,5107012558.17,1577540970.42,756155598.38,0.764,0.871,0.236,0.129,13,7,4,2,0,12.58,17,44.8306,112.5364,35.5051,medium
611,30,1,3.3333,220000000000.0,55.4922,342082746367.28,950229851.02,1862971204.44,1486903003.63,1241157710.41,621813494.03,245745293.22,0.6662,0.8347,0.3338,0.1653,9,4,2,2,1,8.76,23,38.4798,104.7671,41.1178,medium
612,16,1,6.25,120000000000.0,27.6969,153236251713.55,798105477.67,3221578027.52,2885837871.97,2793344928.02,428233099.5,92492943.95,0.8671,0.9679,0.1329,0.0321,14,12,1,1,0,0.12,6,55.5176,137.6976,10.9056,low
613,24,2,8.3333,120000000000.0,80.4161,216499354394.59,1503467738.85,4923095351.72,4428132906.17,3733405140.24,1189690211.48,694727765.93,0.7583,0.8431,0.2417,0.1569,15,9,3,2,1,9.42,18,42.0158,86.0337,33.776,low
614,36,1,2.7778,90000000000.0,44.9734,130476037772.91,302027865.22,502165393.32,425794696.86,279979561.46,222185831.85,145815135.4,0.5575,0.6575,0.4425,0.3425,6,2,2,1,1,34.94,50,45.2379,17.7021,71.3009,high
615,30,1,3.3333,90000000000.0,49.4264,134483784829.92,373566068.97,1484967007.34,1236639202.68,646896321.34,838070686.0,589742881.34,0.4356,0.5231,0.5644,0.4769,14,3,4,2,5,65.29,96,52.1878,111.295,90.7236,high
616,20,1,5.0,300000000000.0,40.6785,422035511765.2,1758481299.02,7102443598.1,5893942219.36,5871873145.78,1230570452.32,22069073.58,0.8267,0.9963,0.1733,0.0037,14,12,0,2,0,1.51,3,53.3027,63.3093,9.0,low
617,24,1,4.1667,90000000000.0,83.3775,165039716473.68,573054571.09,1373603506.11,1042840299.57,923551343.46,450052162.66,119288956.12,0.6724,0.8856,0.3276,0.1144,9,6,1,2,0,7.07,9,41.6657,88.7984,26.8393,low
618,60,1,1.6667,90000000000.0,59.4367,143493063384.02,199295921.37,881590666.89,812368941.75,808467470.15,73123196.73,3901471.6,0.9171,0.9952,0.0829,0.0048,16,14,1,1,0,1.57,3,28.4089,33.9759,9.0,low
619,60,1,1.6667,120000000000.0,60.9924,193190881558.56,268320668.83,732510050.14,586074430.21,550597662.56,181912387.58,35476767.65,0.7517,0.9395,0.2483,0.0605,12,9,1,2,0,5.42,13,55.8515,91.9307,9.0,low
620,20,1,5.0,120000000000.0,34.3055,161166588133.81,671527450.56,2343269239.86,1942076251.96,1831045379.46,512223860.4,111030872.5,0.7814,0.9428,0.2186,0.0572,10,7,1,2,0,6.51,12,39.8056,134.7225,10.8859,low
621,36,1,2.7778,160000000000.0,63.3868,261418835125.04,605136192.42,1786618183.84,1513725116.43,1420327464.55,366290719.29,93397651.88,0.795,0.9383,0.205,0.0617,11,7,2,2,0,4.26,10,57.9301,103.958,15.3632,low
622,12,1,8.3333,220000000000.0,67.9367,369460810014.58,2565700069.55,4265310605.58,4397093106.78,3893936927.16,371373678.42,503156179.62,0.9129,0.8856,0.0871,0.1144,6,5,1,0,0,2.18,8,45.5726,64.3471,27.7971,low
623,16,1,6.25,220000000000.0,67.7865,369130290490.12,1922553596.3,3767277736.47,2755299227.58,2286982639.22,1480295097.25,468316588.36,0.6071,0.83,0.3929,0.17,8,4,2,2,0,17.39,32,66.3177,138.1147,40.9253,medium
624,24,1,4.1667,90000000000.0,68.7982,151918384554.99,527494390.82,1468773033.82,1293976289.12,1281935371.35,186837662.47,12040917.77,0.8728,0.9907,0.1272,0.0093,12,10,1,1,0,0.25,2,44.515,80.0907,9.0,low
625,30,1,3.3333,220000000000.0,47.8076,325176812974.3,903268924.93,3638804490.33,3081938374.42,2360605617.74,1278198872.59,721332756.68,0.6487,0.7659,0.3513,0.2341,15,7,5,2,1,18.44,30,45.9494,117.3798,45.3369,medium
626,60,1,1.6667,70000000000.0,19.1741,83421863506.99,115863699.32,728086231.92,672349633.1,667644183.64,60442048.28,4705449.45,0.917,0.993,0.083,0.007,15,14,0,1,0,0.1,1,38.7865,37.6405,9.0,low
627,30,1,3.3333,160000000000.0,37.518,220028739485.95,611190943.02,2271027823.53,1972108039.01,1876080223.32,394947600.21,96027815.69,0.8261,0.9513,0.1739,0.0487,14,10,2,2,0,7.05,18,50.2005,103.3223,9.0,low
628,24,1,4.1667,120000000000.0,67.9655,201558634899.68,699856371.18,1847857350.02,1713732076.63,1619462588.0,228394762.01,94269488.63,0.8764,0.945,0.1236,0.055,13,12,0,1,0,1.36,2,32.1615,76.573,9.0,low
629,24,1,4.1667,70000000000.0,54.596,108217188277.21,375754125.96,1289616324.63,1076117377.81,857914933.75,431701390.88,218202444.05,0.6652,0.7972,0.3348,0.2028,14,6,4,2,2,23.78,31,53.0169,161.8746,60.1255,medium
630,30,1,3.3333,90000000000.0,102.8715,182584368043.77,507178800.12,1274885924.4,1280846575.93,1116577348.13,158308576.27,164269227.79,0.8758,0.8717,0.1242,0.1283,14,11,2,0,1,12.42,18,43.779,117.5346,30.2573,low
631,30,1,3.3333,160000000000.0,40.6472,225035445939.91,625098460.94,2326892363.76,2060401768.26,2003281772.96,323610590.79,57119995.3,0.8609,0.9723,0.1391,0.0277,12,10,1,1,0,2.5,4,38.7081,76.1483,9.0,low
632,30,1,3.3333,90000000000.0,73.9047,156514256235.58,434761822.88,1402862831.24,1237315132.68,1112907402.11,289955429.13,124407730.57,0.7933,0.8995,0.2067,0.1005,15,12,1,2,0,5.5,12,41.681,92.0375,22.3138,low
633,12,2,16.6667,120000000000.0,45.6787,174814387929.74,2427977610.14,3808750495.08,3272434903.33,1387677248.97,2421073246.11,1884757654.36,0.3643,0.4241,0.6357,0.5759,6,2,2,1,1,56.65,114,51.5616,101.1585,86.9782,high
634,20,2,10.0,160000000000.0,71.9621,275139437960.81,2292828649.67,6471961392.03,5298852889.77,3325338671.16,3146622720.86,1973514218.61,0.5138,0.6276,0.4862,0.3724,15,6,4,3,2,12.42,27,47.9001,154.0483,60.4769,medium
635,12,1,8.3333,160000000000.0,42.2676,227628095197.97,1580750661.1,3305991306.85,2919821659.88,2793613825.14,512377481.71,126207834.74,0.845,0.9568,0.155,0.0432,8,6,1,1,0,9.67,13,50.4334,97.1051,9.0,low
636,60,1,1.6667,160000000000.0,37.0418,219266839344.26,304537276.87,1384107958.07,1325658204.32,197298202.78,1186809755.29,1128360001.54,0.1425,0.1488,0.8575,0.8512,14,2,5,1,6,88.95,101,54.2462,131.8853,100.0,high
637,36,2,5.5556,90000000000.0,77.0754,159367894823.24,737814327.89,2444191513.84,1990231588.08,695134640.07,1749056873.78,1295096948.02,0.2844,0.3493,0.7156,0.6507,14,4,3,3,4,51.28,86,42.5767,154.9326,93.4701,high
638,30,1,3.3333,160000000000.0,40.2202,224352344251.14,623200956.25,1892913073.52,1732038574.64,699747417.28,1193165656.23,1032291157.36,0.3697,0.404,0.6303,0.596,11,3,4,1,3,70.57,114,46.7967,100.1469,91.458,high
639,60,1,1.6667,90000000000.0,82.8165,164534855921.74,228520633.22,698263924.66,603681486.17,280063935.92,418199988.74,323617550.25,0.4011,0.4639,0.5989,0.5361,14,3,5,2,4,33.6,96,35.4328,111.8437,85.4354,high
640,30,1,3.3333,160000000000.0,50.6564,241050316811.09,669584213.36,1330305932.72,1187246120.12,1036205868.71,294100064.01,151040251.4,0.7789,0.8728,0.2211,0.1272,8,6,1,1,0,3.29,16,42.2472,105.3939,28.0741,low
641,24,1,4.1667,220000000000.0,70.9335,376053641942.56,1305741812.3,2533616421.99,2511083851.77,2370666551.57,162949870.42,140417300.2,0.9357,0.9441,0.0643,0.0559,8,7,1,0,0,1.28,5,49.2821,15.0,9.0,low
642,20,1,5.0,90000000000.0,84.295,165865491850.86,691106216.05,1283917008.01,1264935239.76,1191082489.52,92834518.49,73852750.24,0.9277,0.9416,0.0723,0.0584,9,7,2,0,0,7.08,13,57.1636,69.4064,16.0346,low
643,48,1,2.0833,120000000000.0,72.3496,206819509456.02,359061648.36,991260080.34,942192017.18,924345400.02,66914680.33,17846617.17,0.9325,0.9811,0.0675,0.0189,13,12,0,1,0,0.19,0,31.286,79.9245,9.6394,low
644,20,1,5.0,90000000000.0,19.9659,107969312239.53,449872134.33,1439773903.31,1212400098.64,1108721112.14,331052791.17,103678986.5,0.7701,0.9145,0.2299,0.0855,11,6,3,2,0,16.72,30,46.5532,73.1605,28.8293,low
645,48,1,2.0833,90000000000.0,33.2216,119899441121.53,208158751.95,539225389.44,473756229.93,469614047.93,69611341.51,4142182.0,0.8709,0.9913,0.1291,0.0087,8,7,0,1,0,1.03,1,55.3586,72.4751,9.0,low
646,30,1,3.3333,70000000000.0,18.6498,83054825748.53,230707849.3,838523988.2,853117109.7,819063453.11,19460535.08,34053656.59,0.9768,0.9601,0.0232,0.0399,9,8,1,0,0,3.28,8,44.9793,170.735,9.0,low
647,48,3,6.25,160000000000.0,79.6659,287465439913.15,1497215832.88,4043488336.88,3526153643.72,3216556163.34,826932173.54,309597480.38,0.7955,0.9122,0.2045,0.0878,15,11,2,2,0,9.77,12,44.5777,167.4069,16.468,low
648,24,1,4.1667,120000000000.0,62.1984,194638119731.78,675826804.62,1883102374.87,1516667624.69,723105194.17,1159997180.7,793562430.52,0.384,0.4768,0.616,0.5232,14,4,3,3,4,61.0,63,32.8355,108.5837,84.2488,high
649,30,1,3.3333,220000000000.0,54.0985,339016605614.22,941712793.37,3613134017.33,2934413992.28,2031671531.01,1581462486.32,902742461.27,0.5623,0.6924,0.4377,0.3076,16,6,5,3,2,36.93,56,57.9299,34.42,57.9062,medium
650,60,2,3.3333,70000000000.0,62.2857,113600018579.69,315555607.17,1242357318.01,1134060972.41,958494344.87,283862973.13,175566627.54,0.7715,0.8452,0.2285,0.1548,16,13,2,1,0,4.58,19,52.496,99.2196,22.4057,low
651,30,1,3.3333,120000000000.0,38.5479,166257530668.92,461826474.08,1279713961.4,1270773057.93,1231562186.17,48151775.23,39210871.76,0.9624,0.9691,0.0376,0.0309,10,8,2,0,0,2.3,13,47.3631,129.7489,14.3314,low
652,24,1,4.1667,70000000000.0,82.0112,127407805195.78,442388212.49,765894747.33,650405743.65,647912713.51,117982033.82,2493030.14,0.846,0.9962,0.154,0.0038,7,6,0,1,0,0.77,0,47.8268,97.1941,9.0,low
653,36,1,2.7778,160000000000.0,87.4974,299995834768.62,694434802.71,2525685355.2,2234320270.97,1232926425.11,1292758930.09,1001393845.85,0.4882,0.5518,0.5118,0.4482,14,5,4,2,3,53.43,108,32.0446,57.2359,83.2494,high
654,30,1,3.3333,220000000000.0,19.4467,262782829944.02,729952305.4,3027114313.79,2490790720.94,889538905.95,2137575407.84,1601251814.99,0.2939,0.3571,0.7061,0.6429,15,4,4,3,4,25.05,72,40.7379,143.9918,91.9873,high
655,20,1,5.0,70000000000.0,33.5103,93457233097.35,389405137.91,1054534206.81,840218169.06,708392756.29,346141450.52,131825412.77,0.6718,0.8431,0.3282,0.1569,11,7,2,2,0,7.0,17,47.8834,29.1509,32.2169,low
656,20,1,5.0,220000000000.0,71.015,376233091407.94,1567637880.87,2096555694.16,2127625759.14,2086072915.69,10482778.47,41552843.45,0.995,0.9805,0.005,0.0195,6,5,1,0,0,1.13,7,44.2709,124.3563,9.0,low
657,24,1,4.1667,120000000000.0,65.3483,198417939986.18,688951180.51,1057255993.74,891867629.53,845611539.61,211644454.13,46256089.92,0.7998,0.9481,0.2002,0.0519,7,5,1,1,0,2.19,7,58.2023,65.0308,15.7045,low
658,60,1,1.6667,90000000000.0,66.4844,149835974107.86,208105519.59,343223555.67,303484204.38,206399244.29,136824311.38,97084960.09,0.6014,0.6801,0.3986,0.3199,8,3,2,1,2,18.44,37,37.421,94.4562,66.6608,high
659,12,1,8.3333,120000000000.0,32.8322,159398580377.6,1106934585.96,2014148854.87,1717000648.52,1592485897.71,421662957.16,124514750.82,0.7906,0.9275,0.2094,0.0725,6,4,1,1,0,4.08,19,29.8966,55.0438,13.6614,low
660,16,1,6.25,90000000000.0,62.2068,145986118448.62,760344366.92,1528982165.26,1317622608.22,1124535477.92,404446687.34,193087130.3,0.7355,0.8535,0.2645,0.1465,9,5,2,1,1,11.31,34,46.0761,41.9563,35.4023,medium
661,36,1,2.7778,70000000000.0,37.9701,96579035773.78,223562582.81,393522823.19,338429347.8,282382224.29,111140598.9,56047123.52,0.7176,0.8344,0.2824,0.1656,7,4,2,1,0,9.97,14,46.337,105.2732,37.0181,medium
662,36,2,5.5556,220000000000.0,67.0151,367433133849.36,1701079323.38,6208044920.45,5309121924.19,5321758127.86,886286792.59,0.0,0.8572,1.0,0.1428,0.0,13,11,0,2,0,1.1,0,30.3075,112.753,9.0,low
663,36,1,2.7778,70000000000.0,52.2082,106545741761.09,246633661.48,578514553.27,456386525.0,239194395.68,339320157.59,217192129.31,0.4135,0.5241,0.5865,0.4759,10,2,3,2,3,27.71,60,44.1591,138.2233,75.1796,high
664,48,1,2.0833,160000000000.0,58.866,254185669827.52,441294565.67,1226706709.3,1082922654.53,982503083.93,244203625.37,100419570.6,0.8009,0.9073,0.1991,0.0927,14,7,5,2,0,6.44,23,55.3772,73.3153,34.444,low
665,30,2,6.6667,160000000000.0,52.4056,243848967055.62,1354716483.64,4530811158.82,4091594899.3,4057818557.02,472992601.8,33776342.28,0.8956,0.9917,0.1044,0.0083,14,12,1,1,0,2.0,9,49.8879,126.7006,9.0,low
666,24,2,8.3333,220000000000.0,58.1793,347994528415.74,2416628669.55,6998053168.08,6247040704.12,5986906588.02,1011146580.06,260134116.09,0.8555,0.9584,0.1445,0.0416,10,8,1,1,0,4.16,9,45.929,27.8069,9.0,low
667,20,2,10.0,160000000000.0,61.3695,258191256300.4,2151593802.5,7796917845.78,6479924114.32,5322681772.0,2474236073.78,1157242342.32,0.6827,0.8214,0.3173,0.1786,14,10,1,2,1,3.63,12,66.0565,93.0197,25.2817,low
668,12,1,8.3333,90000000000.0,87.056,168350402499.72,1169100017.36,1344076924.88,1090590387.36,1049947370.23,294129554.64,40643017.12,0.7812,0.9627,0.2188,0.0373,6,4,1,1,0,11.44,16,36.022,103.2476,13.5604,low
669,20,1,5.0,120000000000.0,38.1466,165775922967.98,690733012.37,3133622276.59,2640321202.85,2382489477.17,751132799.42,257831725.68,0.7603,0.9023,0.2397,0.0977,13,8,2,2,1,7.22,28,53.3072,109.8525,31.326,low
670,20,1,5.0,160000000000.0,18.0,188800000000.0,786666666.67,3760174212.34,3597733643.79,2869362484.5,890811727.84,728371159.29,0.7631,0.7975,0.2369,0.2025,16,9,5,1,1,20.89,34,57.3036,74.5768,44.1,medium
671,20,1,5.0,120000000000.0,18.0,141600000000.0,590000000.0,1217127391.68,1051477817.56,775378115.96,441749275.72,276099701.6,0.6371,0.7374,0.3629,0.2626,6,3,1,1,1,18.1,33,27.5037,69.6296,56.7537,medium
672,36,1,2.7778,120000000000.0,47.1383,176565929368.95,408717429.09,552494076.12,565730653.2,417222246.72,135271829.4,148508406.47,0.7552,0.7375,0.2448,0.2625,6,4,2,0,0,12.09,25,55.2555,92.7634,37.3829,medium
673,16,1,6.25,120000000000.0,47.2572,176708642149.33,920357511.19,2071660293.45,2131886232.82,1692039419.41,379620874.03,439846813.41,0.8168,0.7937,0.1832,0.2063,8,5,2,0,1,21.79,30,51.6139,107.4731,35.2997,medium
674,12,2,16.6667,120000000000.0,73.028,207633568744.23,2883799565.89,4853197562.34,4023235756.13,3867280445.27,985917117.07,155955310.86,0.7969,0.9612,0.2031,0.0388,7,5,1,1,0,3.68,19,30.4375,116.9865,9.8976,low
675,48,2,4.1667,90000000000.0,75.2931,157763759487.0,547790831.55,1063964325.45,909956194.27,867293133.28,196671192.17,42663060.99,0.8152,0.9531,0.1848,0.0469,9,7,1,1,0,1.13,9,57.8548,95.35,9.0,low
676,30,1,3.3333,220000000000.0,62.063,356538556972.63,990384880.48,3691585650.64,3407147542.2,3216675323.11,474910327.54,190472219.09,0.8714,0.9441,0.1286,0.0559,15,13,1,1,0,1.38,5,44.547,106.3645,14.9128,low
677,16,1,6.25,120000000000.0,52.2443,182693179316.9,951526975.61,3036331508.12,2895697745.3,2911186412.07,125145096.05,0.0,0.9588,1.0,0.0412,0.0,13,11,1,1,0,1.72,5,33.4298,71.9646,9.0,low
678,16,1,6.25,90000000000.0,29.4439,116499525551.58,606768362.25,1253662336.14,1049798776.28,933625023.03,320037313.12,116173753.25,0.7447,0.8893,0.2553,0.1107,6,3,2,1,0,18.38,34,46.2525,82.5555,29.8919,low
679,16,1,6.25,160000000000.0,44.4096,231055333566.83,1203413195.66,4111250668.06,3184216144.21,2114208230.89,1997042437.17,1070007913.32,0.5142,0.664,0.4858,0.336,15,5,5,3,2,37.05,41,40.0279,75.4321,60.2236,medium
680,24,1,4.1667,220000000000.0,44.7533,318457173115.18,1105754073.32,2039232598.13,1569433266.71,1568262727.29,470969870.85,1170539.42,0.769,0.9993,0.231,0.0007,8,6,0,2,0,0.91,1,47.3905,107.1175,10.759,low
681,24,3,12.5,220000000000.0,35.5621,298236656943.17,3106631843.16,10322511101.22,8634969322.21,6883728547.3,3438782553.92,1751240774.92,0.6669,0.7972,0.3331,0.2028,12,5,4,2,1,20.99,23,27.0942,54.6421,38.9674,medium
682,16,1,6.25,90000000000.0,62.977,146679318374.02,763954783.2,1278843499.09,1081731985.59,682975512.53,595867986.56,398756473.06,0.5341,0.6314,0.4659,0.3686,8,3,3,1,1,39.68,54,46.9703,98.9914,66.3023,high
683,16,1,6.25,120000000000.0,71.8261,206191332821.47,1073913191.78,3188473155.37,2783624038.08,2664285324.72,524187830.64,119338713.36,0.8356,0.9571,0.1644,0.0429,14,11,1,2,0,4.45,9,26.2909,123.5205,9.0,low
684,36,1,2.7778,90000000000.0,24.6949,112225397893.62,259781013.64,1589143921.81,1420200931.72,1346579898.35,242564023.46,73621033.37,0.8474,0.9482,0.1526,0.0518,16,14,0,2,0,1.92,3,40.0492,50.2375,9.0,low
685,48,1,2.0833,70000000000.0,47.9792,103585449908.46,179835850.54,355038146.77,300952771.15,256860982.28,98177164.49,44091788.87,0.7235,0.8535,0.2765,0.1465,7,5,1,1,0,4.06,19,47.6816,24.9267,18.3002,low
686,36,1,2.7778,120000000000.0,36.7175,164061032068.77,379770907.57,1166654531.5,1035058922.84,896854040.27,269800491.24,138204882.58,0.7687,0.8665,0.2313,0.1335,11,8,2,1,0,10.66,19,36.3549,51.0111,29.9564,low
687,36,2,5.5556,90000000000.0,40.7985,126718645564.86,586660396.13,3306067636.64,3042885845.56,3023595793.74,282471842.9,19290051.81,0.9146,0.9937,0.0854,0.0063,16,14,1,1,0,3.59,9,32.3606,55.9461,9.0,low
688,16,1,6.25,160000000000.0,50.6606,241056961270.29,1255505006.62,2420101759.53,1994882614.97,1719838679.71,700263079.82,275043935.26,0.7106,0.8621,0.2894,0.1379,7,4,2,1,0,18.14,23,37.7118,66.7492,34.2879,low
689,48,1,2.0833,300000000000.0,63.0279,489083762096.73,849103753.64,1684826997.53,1297370703.88,1219975675.84,464851321.69,77395028.03,0.7241,0.9403,0.2759,0.0597,9,5,2,2,0,18.2,24,49.5484,111.2208,27.7921,low
690,36,1,2.7778,120000000000.0,96.045,235253968487.58,544569371.5,1721701488.29,1639361085.64,1579490007.99,142211480.3,59871077.65,0.9174,0.9635,0.0826,0.0365,16,15,0,1,0,1.26,1,47.1195,123.4907,9.0,low
691,20,1,5.0,220000000000.0,59.6644,351261634859.31,1463590145.25,4320552416.35,3520096179.68,2952377873.98,1368174542.38,567718305.7,0.6833,0.8387,0.3167,0.1613,12,7,3,2,0,13.68,20,36.3677,98.9605,36.2126,medium
692,30,2,6.6667,120000000000.0,42.6988,171238590929.79,951325505.17,3638478341.67,3537910949.46,3444260984.48,194217357.2,93649964.98,0.9466,0.9735,0.0534,0.0265,16,14,1,1,0,5.51,9,56.1572,119.6854,9.0,low
693,36,1,2.7778,160000000000.0,47.9642,236742698720.38,548015506.3,926424783.96,780554310.34,716042689.49,210382094.47,64511620.86,0.7729,0.9174,0.2271,0.0826,7,4,2,1,0,9.61,30,33.877,129.5187,26.0172,low
694,36,1,2.7778,90000000000.0,56.3533,140717971690.29,325736045.58,596100663.54,462583497.7,225898973.03,370201690.51,236684524.67,0.379,0.4883,0.621,0.5117,8,2,2,2,2,43.07,62,46.1899,117.5488,83.4047,high
695,12,1,8.3333,120000000000.0,65.4982,198597802464.29,1379151406.0,3796859865.89,3338782784.61,1831956512.04,1964903353.85,1506826272.56,0.4825,0.5487,0.5175,0.4513,14,6,4,2,2,16.93,55,61.7066,75.922,60.911,medium
696,12,1,8.3333,70000000000.0,44.7817,101347171271.29,703799800.5,2361333083.66,2209931931.09,1978098741.61,383234342.06,231833189.49,0.8377,0.8951,0.1623,0.1049,11,5,4,1,1,11.3,30,46.9252,162.7082,36.6903,medium
697,36,1,2.7778,120000000000.0,38.4042,166085060204.83,384456157.88,1786376978.01,1560882843.61,1334553234.82,451823743.2,226329608.79,0.7471,0.855,0.2529,0.145,13,6,5,2,0,11.33,26,34.9114,69.335,35.9711,medium
698,30,1,3.3333,70000000000.0,54.9547,108468293046.85,301300814.02,482570609.94,397487886.4,394734012.29,87836597.65,2753874.11,0.818,0.9931,0.182,0.0069,6,4,1,1,0,6.51,10,37.3725,152.5909,14.089,low
699,36,1,2.7778,90000000000.0,65.3747,148837250637.05,344530672.77,1396295924.81,1109552698.87,897000036.2,499295888.61,212552662.67,0.6424,0.8084,0.3576,0.1916,15,6,4,3,2,32.21,38,57.6837,101.0042,62.4587,medium
700,16,1,6.25,70000000000.0,86.1,130269996410.29,678489564.64,1549958171.4,1389253255.23,1336394097.87,213564073.53,52859157.36,0.8622,0.962,0.1378,0.038,11,9,1,1,0,0.33,9,59.6889,111.9857,9.0,low
701,36,1,2.7778,160000000000.0,46.508,234412774827.19,542622163.95,1352292685.36,1060118642.01,739548383.8,612744301.56,320570258.21,0.5469,0.6976,0.4531,0.3024,9,4,2,2,1,32.03,40,54.481,99.6275,57.7817,medium
702,12,1,8.3333,90000000000.0,44.0872,129678437180.69,900544702.64,2055730816.38,1778792016.34,1619146747.06,436584069.31,159645269.28,0.7876,0.9103,0.2124,0.0897,9,5,3,1,0,21.55,32,47.8721,83.1995,32.8571,low
703,60,1,1.6667,160000000000.0,53.2007,245121194639.0,340446103.67,1095716152.97,956719356.55,797980937.35,297735215.61,158738419.2,0.7283,0.8341,0.2717,0.1659,11,6,3,1,1,12.89,15,32.3593,110.7479,39.3934,medium
704,30,2,6.6667,120000000000.0,43.4317,172118078731.97,956211548.51,3401124716.25,2866670661.09,1860167397.24,1540957319.01,1006503263.85,0.5469,0.6489,0.4531,0.3511,13,5,5,2,1,23.29,25,44.4836,99.917,61.1278,medium
705,48,1,2.0833,300000000000.0,55.1141,465342431299.45,807886165.45,1673806952.09,1404620596.38,1355377129.43,318429822.66,49243466.95,0.8098,0.9649,0.1902,0.0351,7,6,0,1,0,1.38,2,38.2798,67.582,9.0,low
706,12,1,8.3333,70000000000.0,42.3594,99651600168.79,692025001.17,1644504492.53,1314685503.41,1315271120.75,329233371.79,0.0,0.7998,1.0,0.2002,0.0,9,6,1,2,0,4.87,16,43.3891,57.2348,9.0,low
707,30,1,3.3333,70000000000.0,82.1757,127523013234.19,354230592.32,1164333720.76,1030535009.48,938707466.05,225626254.71,91827543.43,0.8062,0.9109,0.1938,0.0891,16,8,6,2,0,6.17,27,41.6602,34.2803,34.6096,low
708,20,1,5.0,70000000000.0,78.0805,124656318116.93,519401325.49,617663788.87,630341348.41,595389688.77,22274100.1,34951659.64,0.9639,0.9446,0.0361,0.0554,6,5,1,0,0,5.98,12,38.629,163.5139,17.8724,low
709,60,1,1.6667,90000000000.0,75.0776,157569838721.35,218846998.22,745035617.39,647136222.66,416093594.51,328942022.88,231042628.15,0.5585,0.643,0.4415,0.357,16,6,5,2,3,21.66,41,38.0586,95.4792,67.226,high
710,30,1,3.3333,120000000000.0,49.272,179126420779.6,497573391.05,1084616928.8,1075607641.09,66202525.92,1018414402.89,1009405115.17,0.061,0.0615,0.939,0.9385,7,1,2,0,4,59.44,76,33.5725,68.1393,100.0,high
711,24,1,4.1667,90000000000.0,43.1008,128790764932.76,447190156.02,1842021435.56,1495873649.19,972574113.77,869447321.79,523299535.42,0.528,0.6502,0.472,0.3498,14,6,4,3,1,14.06,26,44.2127,173.9526,63.5352,medium
712,12,1,8.3333,160000000000.0,46.456,234329672427.43,1627289391.86,4600682863.7,3863895652.95,2697242214.92,1903440648.78,1166653438.03,0.5863,0.6981,0.4137,0.3019,12,4,4,2,2,40.84,48,54.7682,88.4751,59.4574,medium
713,30,2,6.6667,220000000000.0,41.9563,312303853076.14,1735021405.98,7536246959.36,7092740726.24,6752922712.02,783324247.33,339818014.22,0.8961,0.9521,0.1039,0.0479,13,12,0,1,0,0.45,3,53.8185,108.1941,9.3687,low
714,30,1,3.3333,120000000000.0,58.0903,189708402575.49,526967784.93,1081704623.71,1039503690.29,782934886.8,298769736.91,256568803.49,0.7238,0.7532,0.2762,0.2468,7,3,3,0,1,22.64,36,40.6045,86.186,44.8036,medium
715,16,1,6.25,220000000000.0,51.6162,333555669455.78,1737269111.75,4074442343.92,3277206015.53,3148072745.06,926369598.86,129133270.47,0.7726,0.9606,0.2274,0.0394,9,5,2,2,0,10.92,24,48.1853,66.1148,19.9423,low
716,36,1,2.7778,160000000000.0,43.8475,230156074512.37,532768691.0,2200134995.78,2173294767.06,686066451.65,1514068544.13,1487228315.41,0.3118,0.3157,0.6882,0.6843,16,4,6,0,6,70.17,93,42.3197,82.3027,90.2634,high
717,20,1,5.0,160000000000.0,18.0,188800000000.0,786666666.67,1467037879.16,1214502887.66,680978927.12,786058952.04,533523960.54,0.4642,0.5607,0.5358,0.4393,6,3,1,1,1,26.01,38,51.7531,43.0162,67.5328,high
718,48,1,2.0833,90000000000.0,27.562,114805833345.28,199315682.89,720619909.04,538274494.92,446855736.16,273764172.88,91418758.76,0.6201,0.8302,0.3799,0.1698,9,4,3,2,0,19.53,31,43.2639,72.179,36.3855,medium
719,60,1,1.6667,120000000000.0,69.0984,202918023167.75,281830587.73,625369656.56,484392038.77,268611545.49,356758111.07,215780493.28,0.4295,0.5545,0.5705,0.4455,8,2,3,2,1,41.3,51,44.9096,79.8388,65.5422,high
720,36,1,2.7778,160000000000.0,66.7018,266722834224.88,617413968.11,1755113693.25,1539522565.13,1542760308.83,212353384.42,0.0,0.879,1.0,0.121,0.0,11,10,0,1,0,0.41,1,38.6091,125.1595,9.0,low
721,16,1,6.25,160000000000.0,45.9788,233566112401.75,1216490168.76,4255805576.25,3500867209.03,1705623292.44,2550182283.82,1795243916.6,0.4008,0.4872,0.5992,0.5128,13,2,4,2,5,49.33,90,51.3248,140.0197,92.9575,high
722,36,1,2.7778,70000000000.0,31.1914,91834009757.96,212578726.29,678600551.98,582062918.82,590328983.21,88271568.77,0.0,0.8699,1.0,0.1301,0.0,12,10,0,2,0,1.0,0,44.2195,170.4355,12.7614,low
723,36,2,5.5556,220000000000.0,62.5165,357536357209.21,1655260913.01,2480399886.91,2456816850.08,2302048955.73,178350931.17,154767894.35,0.9281,0.937,0.0719,0.063,7,6,1,0,0,11.12,15,54.9113,97.507,10.9196,low
724,16,1,6.25,90000000000.0,62.2047,145984214817.05,760334452.17,2409925762.46,2133166924.99,1578826653.9,831099108.56,554340271.09,0.6551,0.7401,0.3449,0.2599,14,6,4,2,2,40.64,53,45.0637,69.4991,64.3265,medium
725,36,1,2.7778,90000000000.0,52.0523,136847037910.58,316775550.72,1069362356.97,972933589.88,913565357.13,155796999.84,59368232.75,0.8543,0.939,0.1457,0.061,15,12,2,1,0,7.87,15,48.8264,91.1674,16.7026,low
726,24,1,4.1667,160000000000.0,66.742,266787210096.8,926344479.5,2670148309.55,2287472846.28,1410620560.77,1259527748.79,876852285.51,0.5283,0.6167,0.4717,0.3833,14,2,5,2,5,49.29,111,46.7874,94.7715,96.2355,high
727,16,1,6.25,70000000000.0,45.0766,101553593742.57,528924967.41,1981982889.79,1766654532.9,1717549537.82,264433351.98,49104995.09,0.8666,0.9722,0.1334,0.0278,12,10,1,1,0,1.84,8,28.1476,121.4456,9.1066,low
728,16,1,6.25,70000000000.0,71.1278,119789465378.42,623903465.51,2308041400.76,2215756202.73,2149452531.73,158588869.03,66303671.01,0.9313,0.9701,0.0687,0.0299,14,12,1,1,0,2.01,8,30.0617,70.0255,9.0,low
729,12,1,8.3333,220000000000.0,18.0,259600000000.0,1802777777.78,4172167200.69,2430409227.22,1785700989.9,2386466210.79,644708237.32,0.428,0.7347,0.572,0.2653,7,2,1,3,1,35.76,44,38.8594,97.4281,58.4962,medium
730,30,1,3.3333,300000000000.0,31.7512,395253583249.37,1097926620.14,3686327746.2,2749570150.17,1780537233.52,1905790512.68,969032916.64,0.483,0.6476,0.517,0.3524,12,5,3,3,1,38.23,65,36.3742,64.8553,66.6409,high
731,12,1,8.3333,120000000000.0,57.7071,189248497691.29,1314225678.41,4337408892.0,4183120315.61,2998569029.72,1338839862.27,1184551285.88,0.6913,0.7168,0.3087,0.2832,14,8,4,1,1,17.38,26,31.5273,30.3578,47.6569,medium
732,24,1,4.1667,120000000000.0,73.5093,208211146650.44,722955370.31,2491040269.8,1948862694.08,1227918653.14,1263121616.66,720944040.94,0.4929,0.6301,0.5071,0.3699,13,5,3,3,2,42.35,50,21.8496,67.5214,67.2817,high
733,30,1,3.3333,160000000000.0,18.8675,190187949564.01,528299859.9,2680320488.25,2452719677.27,1503479012.32,1176841475.93,949240664.95,0.5609,0.613,0.4391,0.387,12,5,4,1,2,25.88,49,52.4263,117.8094,62.1024,medium
734,30,1,3.3333,70000000000.0,26.722,88705423667.06,246403954.63,778948665.28,566445395.72,52848149.28,726100515.99,513597246.43,0.0678,0.0933,0.9322,0.9067,10,0,3,3,4,61.19,66,34.2766,54.8417,100.0,high
735,12,1,8.3333,160000000000.0,21.0166,193626544025.96,1344628777.96,4173859685.74,3232131171.33,2525648968.74,1648210717.0,706482202.59,0.6051,0.7814,0.3949,0.2186,10,4,3,2,1,33.87,47,33.7764,32.1271,53.8187,medium
736,12,1,8.3333,160000000000.0,50.3998,240639696405.86,1671109002.82,4062492918.01,3774823642.07,3594312296.73,468180621.29,180511345.35,0.8848,0.9522,0.1152,0.0478,11,9,1,1,0,5.81,10,29.0379,120.7582,9.0,low
737,30,2,6.6667,70000000000.0,23.7568,86629735996.46,481276311.09,1816605957.87,1613467902.47,659079237.38,1157526720.5,954388665.09,0.3628,0.4085,0.6372,0.5915,11,3,3,1,4,65.17,84,34.7249,105.4018,91.5756,high
738,20,1,5.0,120000000000.0,67.3016,200761903607.19,836507931.7,1547900251.5,1319090482.37,1270746032.76,277154218.74,48344449.61,0.8209,0.9634,0.1791,0.0366,8,7,0,1,0,1.63,1,39.2475,111.9582,9.0,low
739,20,2,10.0,220000000000.0,41.4468,311183023423.69,2593191861.86,9784262975.2,8275822500.53,7837477149.19,1946785826.02,438345351.34,0.801,0.947,0.199,0.053,13,11,0,2,0,0.59,1,54.5261,114.193,9.0,low
740,24,1,4.1667,220000000000.0,71.3235,376911636429.95,1308720959.83,3914332735.6,3330965115.44,2965659741.24,948672994.36,365305374.2,0.7576,0.8903,0.2424,0.1097,12,8,2,2,0,9.65,18,38.9468,65.52,31.1607,low
741,48,2,4.1667,160000000000.0,19.187,190699175304.44,662149914.25,3614010937.29,3457661678.38,3310434852.85,303576084.44,147226825.53,0.916,0.9574,0.084,0.0426,14,12,1,1,0,5.42,9,35.7099,111.0351,9.0,low
742,30,1,3.3333,70000000000.0,31.6975,92188271453.6,256078531.82,1226842858.11,1154125111.81,944083853.21,282759004.9,210041258.6,0.7695,0.818,0.2305,0.182,15,9,4,1,1,16.76,33,50.5037,90.8414,34.0834,low
743,30,1,3.3333,160000000000.0,75.932,281491238509.83,781920106.97,1972504467.23,1763933671.08,1444174207.76,528330259.47,319759463.33,0.7322,0.8187,0.2678,0.1813,13,10,1,1,1,7.14,15,48.1291,49.9339,32.3224,low
744,30,1,3.3333,220000000000.0,60.2439,352536562780.9,979268229.95,2680392411.84,1930220059.44,1234345865.74,1446046546.1,695874193.71,0.4605,0.6395,0.5395,0.3605,11,3,3,3,2,12.61,26,35.9382,92.562,64.8655,medium
745,24,1,4.1667,160000000000.0,42.3025,227683934032.44,790569215.39,2762845909.54,2286712757.48,1060316740.76,1702529168.78,1226396016.72,0.3838,0.4637,0.6162,0.5363,10,2,3,2,3,39.99,101,45.2338,97.2014,90.2438,high
746,30,1,3.3333,120000000000.0,66.322,199586345924.11,554406516.46,998972796.67,579031494.13,382317920.6,616654876.07,196713573.53,0.3827,0.6603,0.6173,0.3397,7,1,1,3,2,70.9,89,27.7447,78.7638,82.8454,high
747,24,1,4.1667,90000000000.0,60.8507,144765650314.58,502658508.04,1057762765.52,946359190.1,968393484.28,89369281.24,0.0,0.9155,1.0,0.0845,0.0,8,7,0,1,0,1.47,3,53.0964,111.364,9.0,low
748,16,1,6.25,220000000000.0,62.3883,357254219725.73,1860699061.07,7347923812.06,6609461096.54,6333686436.85,1014237375.2,275774659.69,0.862,0.9583,0.138,0.0417,15,12,2,1,0,2.11,9,44.5634,51.4095,12.2191,low
749,24,1,4.1667,90000000000.0,66.7343,150060899885.29,521044791.27,911963152.93,804924238.07,752365966.95,159597185.98,52558271.12,0.825,0.9347,0.175,0.0653,8,6,1,1,0,3.69,19,42.9429,175.518,22.9877,low
750,16,1,6.25,120000000000.0,59.2478,191097346011.88,995298677.15,2710242523.4,2706167429.99,2624566075.92,85676447.48,81601354.07,0.9684,0.9698,0.0316,0.0302,9,7,2,0,0,10.81,19,56.4478,100.572,15.6714,low
751,20,1,5.0,160000000000.0,32.5764,212122177933.65,883842408.06,3369904682.93,2921635295.23,1954055695.57,1415848987.37,967579599.67,0.5799,0.6688,0.4201,0.3312,15,4,6,2,3,31.79,43,34.4117,59.7802,63.3178,medium
752,12,1,8.3333,160000000000.0,32.7951,212472181102.23,1475501257.65,7122850972.73,5869435199.42,2824945420.15,4297905552.58,3044489779.27,0.3966,0.4813,0.6034,0.5187,14,2,6,2,4,57.61,85,34.2497,96.2082,87.185,high
753,60,1,1.6667,90000000000.0,45.3733,130835952126.62,181716600.18,782457840.36,756766156.49,493700854.12,288756986.24,263065302.38,0.631,0.6524,0.369,0.3476,15,7,4,1,3,42.53,45,37.8806,84.9395,58.7967,medium
754,20,1,5.0,90000000000.0,53.4346,138091125782.04,575379690.76,2056196212.06,2108504899.62,1782675202.79,273521009.27,325829696.83,0.867,0.8455,0.133,0.1545,14,12,1,0,1,3.05,16,25.2457,107.4833,31.156,low
755,36,1,2.7778,300000000000.0,70.5009,511502703960.97,1184034036.95,3189830957.11,2663611379.31,2298412673.39,891418283.71,365198705.91,0.7205,0.8629,0.2795,0.1371,11,5,4,2,0,16.75,19,30.7175,110.7325,31.481,low
756,20,1,5.0,160000000000.0,69.3311,270929731535.91,1128873881.4,4004349709.02,3166603182.91,1202824551.92,2801525157.1,1963778630.99,0.3004,0.3798,0.6996,0.6202,15,4,4,3,4,38.22,104,50.9071,50.6875,92.0581,high
757,30,1,3.3333,70000000000.0,43.8659,100706110762.19,279739196.56,1503296448.63,1349185233.71,1170390003.12,332906445.51,178795230.59,0.7785,0.8675,0.2215,0.1325,16,13,1,2,0,7.54,17,31.383,74.5048,22.7622,low
758,20,1,5.0,300000000000.0,29.5347,388604034115.26,1619183475.48,6178699392.98,4946808287.6,2287996715.72,3890702677.26,2658811571.88,0.3703,0.4625,0.6297,0.5375,10,2,3,2,3,49.18,100,47.7544,67.4026,83.6089,high
759,20,2,10.0,300000000000.0,54.8515,464554386171.96,3871286551.43,16678136790.02,13365507737.48,9059224535.83,7618912254.19,4306283201.65,0.5432,0.6778,0.4568,0.3222,15,4,5,3,3,30.16,54,27.8366,111.7671,66.8771,high
760,30,1,3.3333,160000000000.0,54.5216,247234541158.42,686762614.33,2814472887.88,2517140048.51,1855948445.48,958524442.4,661191603.03,0.6594,0.7373,0.3406,0.2627,14,8,4,1,1,21.24,24,45.4583,147.8581,39.4172,medium
761,20,1,5.0,70000000000.0,40.8285,98579940621.06,410749752.59,1569531864.81,1489054797.02,1331694817.44,237837047.37,157359979.58,0.8485,0.8943,0.1515,0.1057,12,10,1,1,0,11.71,15,43.9789,156.6125,24.8902,low
762,24,2,8.3333,120000000000.0,84.7644,221717260561.09,1539703198.34,3546848658.04,3189199315.51,3074451751.3,472396906.75,114747564.22,0.8668,0.964,0.1332,0.036,10,9,0,1,0,1.54,3,49.6423,62.7678,10.321,low
763,12,1,8.3333,160000000000.0,46.51,234416008973.73,1627888951.21,5915700258.21,5134861744.97,4823926964.73,1091773293.48,310934780.24,0.8154,0.9394,0.1846,0.0606,15,12,1,2,0,0.54,6,39.2142,79.0893,9.0,low
764,60,1,1.6667,120000000000.0,42.953,171543585465.14,238254979.81,684955295.03,528783300.45,406056621.26,278898673.77,122726679.19,0.5928,0.7679,0.4072,0.2321,12,3,4,3,2,24.12,53,47.056,158.9182,54.0136,medium
765,16,2,12.5,70000000000.0,67.797,117457925204.66,1223520054.22,2587808817.85,2235261070.01,2062703239.67,525105578.17,172557830.33,0.7971,0.9228,0.2029,0.0772,8,6,1,1,0,9.52,15,45.2597,74.8312,17.5269,low
766,60,1,1.6667,160000000000.0,43.8448,230151697273.62,319655135.1,1135701256.07,980759471.74,736161381.85,399539874.22,244598089.9,0.6482,0.7506,0.3518,0.2494,14,7,3,2,2,39.86,60,44.3207,40.3123,55.0514,medium
767,12,2,16.6667,90000000000.0,49.0524,134147155519.52,1863154937.77,8817666873.25,7307770359.71,7440630726.69,1377036146.56,0.0,0.8438,1.0,0.1562,0.0,14,11,1,2,0,4.91,9,37.153,157.955,9.0,low
768,36,1,2.7778,160000000000.0,54.3937,247029920096.39,571828518.74,1622082253.61,1257812999.64,1009575861.02,612506392.59,248237138.63,0.6224,0.8026,0.3776,0.1974,12,4,4,3,1,21.48,40,44.8455,104.1845,57.5223,medium
769,60,1,1.6667,70000000000.0,52.8664,107006487610.31,148620121.68,435563134.18,346422412.12,297926196.23,137636937.95,48496215.89,0.684,0.86,0.316,0.14,10,5,3,2,0,5.29,12,57.0444,58.7646,34.9974,low
770,24,1,4.1667,220000000000.0,54.2799,339415731023.76,1178526843.83,1649626155.56,1663948669.81,1394479035.75,255147119.8,269469634.05,0.8453,0.8381,0.1547,0.1619,6,4,2,0,0,21.12,31,50.1094,125.7048,39.2116,medium
771,16,1,6.25,160000000000.0,57.2691,251630502373.35,1310575533.19,3973147296.57,3947895191.8,1003987902.95,2969159393.63,2943907288.85,0.2527,0.2543,0.7473,0.7457,12,2,4,0,6,79.47,109,56.1603,86.4243,100.0,high
772,36,1,2.7778,220000000000.0,45.4014,319882991517.46,740469887.77,1328529548.02,1177891686.4,1010247128.55,318282419.47,167644557.84,0.7604,0.8577,0.2396,0.1423,7,5,1,1,0,3.62,6,28.4546,89.7737,21.4938,low
773,30,1,3.3333,220000000000.0,73.4855,381668205943.54,1060189460.95,2168474274.79,1983797860.62,1456363265.85,712111008.94,527434594.77,0.6716,0.7341,0.3284,0.2659,10,6,2,1,1,16.23,33,38.9092,106.8652,51.334,medium
774,36,1,2.7778,120000000000.0,69.5259,203431094074.51,470905310.36,1396790293.87,1168682540.45,1018127398.61,378662895.26,150555141.84,0.7289,0.8712,0.2711,0.1288,13,10,1,2,0,7.58,13,37.1062,81.155,28.822,low
775,30,2,6.6667,120000000000.0,50.1522,180182625473.62,1001014585.96,1991286676.27,1720265253.29,976967649.77,1014319026.51,743297603.52,0.4906,0.5679,0.5094,0.4321,9,3,3,1,2,18.47,26,49.861,46.3375,68.2058,high
776,20,1,5.0,160000000000.0,51.817,242907236861.09,1012113486.92,3171504214.78,2864336782.42,2864139248.44,307364966.34,197533.98,0.9031,0.9999,0.0969,0.0001,13,11,1,1,0,5.82,10,60.5088,28.2686,9.0,low
777,24,1,4.1667,160000000000.0,66.3391,266142616194.66,924106306.23,3510700370.08,3149197083.44,2707008039.0,803692331.07,442189044.44,0.7711,0.8596,0.2289,0.1404,16,12,1,2,1,7.91,16,37.6662,85.0146,30.1138,low
778,20,2,10.0,90000000000.0,73.1916,155872413456.01,1298936778.8,3818153383.25,3648503958.8,3325544126.69,492609256.57,322959832.11,0.871,0.9115,0.129,0.0885,13,10,1,1,1,10.73,16,57.0797,100.9759,17.0,low
779,60,1,1.6667,120000000000.0,62.6077,195129231178.02,271012821.08,1254042424.73,1072380258.1,998708733.96,255333690.77,73671524.14,0.7964,0.9313,0.2036,0.0687,16,12,1,2,1,4.66,16,50.8696,125.0558,23.7739,low
780,12,1,8.3333,220000000000.0,66.8457,367060433175.38,2549030785.94,10538334479.12,9721755737.59,4691106455.72,5847228023.41,5030649281.88,0.4451,0.4825,0.5549,0.5175,15,5,4,1,5,58.0,109,54.7869,78.0199,87.7061,high
781,30,1,3.3333,120000000000.0,57.0627,188475235992.96,523542322.2,1161362273.55,836226529.69,514688466.62,646673806.93,321538063.07,0.4432,0.6155,0.5568,0.3845,10,3,2,3,2,17.89,56,34.2684,115.4732,64.7088,medium
782,30,1,3.3333,220000000000.0,22.4113,269304963637.45,748069343.44,4388184031.63,3779049705.07,2303215410.22,2084968621.41,1475834294.85,0.5249,0.6095,0.4751,0.3905,16,6,5,2,3,22.73,28,38.6563,73.3397,58.8872,medium
783,48,1,2.0833,90000000000.0,68.1255,151312971697.48,262696131.42,579767522.31,501008304.26,479726406.17,100041116.14,21281898.09,0.8274,0.9575,0.1726,0.0425,10,7,2,1,0,3.17,13,33.3367,101.8678,11.6437,low
784,48,1,2.0833,120000000000.0,36.5932,163911861594.77,284569204.16,1081445658.13,873669187.97,364270641.62,717175016.52,509398546.35,0.3368,0.4169,0.6632,0.5831,12,2,4,2,4,57.7,97,47.137,137.1855,89.7001,high
785,30,2,6.6667,220000000000.0,66.9862,367369691236.46,2040942729.09,2472416577.11,2421430187.96,2186084388.98,286332188.13,235345798.98,0.8842,0.9028,0.1158,0.0972,6,5,1,0,0,5.65,17,40.9234,118.8636,16.9237,low
786,48,1,2.0833,120000000000.0,59.43,191315964594.85,332145771.87,1317575751.05,1218138603.56,754066994.3,563508756.75,464071609.26,0.5723,0.619,0.4277,0.381,16,6,5,1,4,61.34,69,43.7971,80.9512,81.837,high
787,12,1,8.3333,70000000000.0,41.9677,99377416420.01,690120947.36,2552140057.51,2088981220.28,1559536855.19,992603202.32,529444365.09,0.6111,0.7466,0.3889,0.2534,15,5,5,3,2,26.28,46,42.6965,78.0899,52.7172,medium
788,24,1,4.1667,220000000000.0,18.0,259600000000.0,901388888.89,4887518780.66,4161651650.08,3918921270.93,968597509.72,242730379.15,0.8018,0.9417,0.1982,0.0583,15,12,1,2,0,0.61,7,53.653,116.76,9.0,low
789,24,1,4.1667,90000000000.0,52.9106,137619562113.65,477845701.78,1248856392.42,939184636.09,804746764.68,444109627.74,134437871.41,0.6444,0.8569,0.3556,0.1431,9,6,1,2,0,11.17,18,31.5483,139.5719,34.5105,low
790,30,2,6.6667,220000000000.0,29.1302,284086350045.21,1578257500.25,6984315598.56,5628401078.17,3912342654.39,3071972944.17,1716058423.78,0.5602,0.6951,0.4398,0.3049,12,4,4,2,2,21.94,42,42.5851,116.146,67.2972,high
791,20,2,10.0,120000000000.0,62.3878,194865401468.23,1623878345.57,6920852214.8,5679159079.91,4346279818.86,2574572395.94,1332879261.05,0.628,0.7653,0.372,0.2347,15,6,4,3,2,35.75,64,49.4439,51.9854,55.0143,medium
792,16,1,6.25,300000000000.0,49.3198,447959457312.58,2333122173.5,5493913899.69,4901326388.84,4941851416.69,552062483.0,0.0,0.8995,1.0,0.1005,0.0,8,7,0,1,0,0.9,2,29.2213,109.869,9.0,low
793,30,3,10.0,120000000000.0,58.4041,190084927006.0,1584041058.38,5952461158.21,5558754218.78,4789533138.52,1162928019.69,769221080.26,0.8046,0.8616,0.1954,0.1384,12,9,2,1,0,4.14,12,59.5464,75.2465,27.1509,low
794,16,1,6.25,160000000000.0,43.3703,229392454259.6,1194752365.94,2139086731.22,1814075420.0,1575063232.78,564023498.44,239012187.22,0.7363,0.8682,0.2637,0.1318,6,4,1,1,0,9.35,16,46.4807,97.3737,26.4488,low
795,48,1,2.0833,70000000000.0,39.2639,97484728186.98,169244319.77,359001868.99,319781342.4,130720886.94,228280982.05,189060455.47,0.3641,0.4088,0.6359,0.5912,8,2,3,1,2,60.73,94,30.9402,51.4502,93.1195,high
796,24,1,4.1667,220000000000.0,35.538,298183631872.0,1035359832.89,3116503025.61,2649403734.09,1509263384.97,1607239640.64,1140140349.12,0.4843,0.5697,0.5157,0.4303,11,6,2,2,1,34.12,59,60.4545,99.509,59.4701,medium
797,30,1,3.3333,160000000000.0,49.3253,238920477228.8,663667992.3,2099957768.54,1880872529.59,1775294783.52,324662985.01,105577746.07,0.8454,0.9439,0.1546,0.0561,13,11,1,1,0,2.18,4,41.3637,116.7062,9.0,low
798,36,1,2.7778,70000000000.0,49.9945,104996132907.07,243046603.95,683593943.63,610680946.24,561951180.65,121642762.98,48729765.59,0.8221,0.9202,0.1779,0.0798,10,6,3,1,0,5.58,10,45.1335,68.5687,31.3193,low
799,12,1,8.3333,120000000000.0,27.6824,153218859870.26,1064019860.21,3987861491.44,2862566558.3,2221135673.02,1766725818.42,641430885.29,0.557,0.7759,0.443,0.2241,10,3,3,3,1,21.33,40,40.7398,69.1656,49.2988,medium
800,24,1,4.1667,160000000000.0,55.6356,249016992148.02,864642333.85,2693827172.08,2754087815.08,2680358036.22,13469135.86,73729778.86,0.995,0.9732,0.005,0.0268,11,10,1,0,0,1.6,8,41.8875,90.9296,9.0,low
801,36,2,5.5556,160000000000.0,49.422,239075273136.56,1106829968.22,2341599014.84,1586115912.47,1172102835.21,1169496179.63,414013077.26,0.5006,0.739,0.4994,0.261,10,3,2,3,2,35.88,53,54.0481,130.7078,58.5945,medium
802,48,1,2.0833,300000000000.0,29.8442,389532697539.15,676272044.34,2782272780.99,2498550156.4,1985308086.69,796964694.3,513242069.71,0.7136,0.7946,0.2864,0.2054,15,9,4,1,1,8.98,19,41.6487,172.7958,38.8551,medium
803,60,1,1.6667,160000000000.0,49.2338,238774156077.16,331630772.33,944585423.07,972787836.81,913637395.43,30948027.63,59150441.38,0.9672,0.9392,0.0328,0.0608,10,9,1,0,0,0.13,4,48.4341,72.3469,9.0,low
804,36,1,2.7778,70000000000.0,57.276,110093201914.98,254845374.8,1014017743.19,827540169.13,561409029.78,452608713.42,266131139.35,0.5536,0.6784,0.4464,0.3216,16,5,5,3,3,32.66,35,28.8209,86.5047,56.5117,medium
805,24,1,4.1667,300000000000.0,52.4061,457218271479.33,1587563442.64,5127004565.53,4271771483.69,4390751224.35,736253341.19,0.0,0.8564,1.0,0.1436,0.0,11,9,0,2,0,1.11,1,30.1118,82.1562,9.0,low
806,20,1,5.0,90000000000.0,33.5878,120229038473.17,500954326.97,1646556134.97,1455420781.16,1247491402.18,399064732.79,207929378.98,0.7576,0.8571,0.2424,0.1429,12,8,3,1,0,10.2,19,39.3171,95.9458,23.5938,low
807,16,2,12.5,160000000000.0,31.0913,209746038671.24,2184854569.49,4926709868.97,4384974219.93,4123878034.28,802831834.69,261096185.65,0.837,0.9405,0.163,0.0595,7,5,1,1,0,4.19,16,30.9867,94.4064,14.4546,low
808,30,1,3.3333,160000000000.0,53.2826,245252125717.69,681255904.77,3262814400.59,2879101831.55,2714467482.74,548346917.84,164634348.81,0.8319,0.9428,0.1681,0.0572,14,10,2,2,0,8.14,13,57.6575,120.1173,9.0,low
809,30,2,6.6667,220000000000.0,22.7832,270123098966.68,1500683883.15,4655633876.89,4057209237.29,3511703971.82,1143929905.08,545505265.48,0.7543,0.8655,0.2457,0.1345,9,5,3,1,0,6.03,11,52.2684,165.6731,36.5002,medium
810,60,1,1.6667,160000000000.0,24.3137,198901910541.31,276252653.53,924546599.72,862967757.86,782040732.18,142505867.54,80927025.68,0.8459,0.9062,0.1541,0.0938,10,8,1,1,0,6.6,10,57.4152,73.9262,12.6734,low
811,24,1,4.1667,160000000000.0,18.0,188800000000.0,655555555.56,1429405653.97,980337837.98,188029888.83,1241375765.14,792307949.15,0.1315,0.1918,0.8685,0.8082,6,0,2,2,2,84.46,116,57.0733,93.3208,100.0,high
812,36,1,2.7778,160000000000.0,44.7066,231530619103.51,535950507.18,2023321449.38,1682908089.13,1662441445.51,360880003.86,20466643.61,0.8216,0.9878,0.1784,0.0122,13,10,1,2,0,9.76,15,33.1339,58.4661,14.8915,low
813,24,2,8.3333,70000000000.0,66.6422,116649524938.07,810066145.4,1185728245.46,1002508948.99,840073847.9,345654397.56,162435101.09,0.7085,0.838,0.2915,0.162,6,4,1,1,0,8.37,17,36.9607,155.0601,25.7812,low
814,30,1,3.3333,160000000000.0,68.9126,270260195677.24,750722765.77,2825694207.09,2545448391.97,1820096894.54,1005597312.55,725351497.43,0.6441,0.715,0.3559,0.285,16,6,5,2,3,36.75,65,49.096,151.2548,65.7511,high
815,30,1,3.3333,160000000000.0,63.823,262116746800.55,728102074.45,1778709176.22,1551399394.47,1570914269.42,207794906.81,0.0,0.8832,1.0,0.1168,0.0,10,9,0,1,0,1.39,1,31.8644,68.8995,9.0,low
816,24,1,4.1667,90000000000.0,29.6856,116717046653.6,405267523.1,791888459.63,677503145.85,313215900.06,478672559.57,364287245.78,0.3955,0.4623,0.6045,0.5377,8,2,3,1,2,56.24,64,50.5197,125.4253,89.1856,high
817,20,1,5.0,120000000000.0,48.3508,178020942521.04,741753927.17,2484051037.92,2346860878.46,1829318637.75,654732400.16,517542240.71,0.7364,0.7795,0.2636,0.2205,12,6,4,1,1,38.11,61,55.9468,63.8474,42.8503,medium
818,36,1,2.7778,90000000000.0,44.0556,129650003176.22,300115748.09,1140021330.45,933694381.92,679713308.62,460308021.82,253981073.3,0.5962,0.728,0.4038,0.272,15,5,4,3,3,20.64,52,64.4348,100.1235,49.969,medium
819,30,1,3.3333,120000000000.0,51.4876,181785060660.92,504958501.84,1203597590.0,883773059.76,336805458.32,866792131.67,546967601.44,0.2798,0.3811,0.7202,0.6189,8,1,3,2,2,49.62,111,51.7601,43.0756,92.0619,high
820,36,1,2.7778,120000000000.0,22.0219,146426312487.89,338949797.43,859115965.96,741898043.16,501972246.7,357143719.26,239925796.46,0.5843,0.6766,0.4157,0.3234,7,2,3,1,1,20.45,48,26.5221,47.3583,63.9457,medium
821,36,1,2.7778,90000000000.0,18.0,106200000000.0,245833333.33,1131765120.07,956930837.6,817459413.05,314305707.02,139471424.56,0.7223,0.8543,0.2777,0.1457,14,6,5,2,1,7.8,27,59.7137,43.6884,34.2506,low
822,60,1,1.6667,90000000000.0,68.2486,151423766367.83,210310786.62,325746871.39,263752012.39,209753034.51,115993836.88,53998977.88,0.6439,0.7953,0.3561,0.2047,6,3,1,1,1,36.86,42,22.4603,80.745,49.1351,medium
823,30,1,3.3333,120000000000.0,23.5795,148295345096.02,411931514.16,1526726379.39,1308952493.46,1294863953.97,231862425.43,14088539.49,0.8481,0.9892,0.1519,0.0108,13,9,2,2,0,9.67,12,34.3526,88.067,9.0,low
824,24,1,4.1667,160000000000.0,50.0854,240136640852.76,833807780.74,2379836750.93,2037164512.11,1195626000.11,1184210750.82,841538512.01,0.5024,0.5869,0.4976,0.4131,12,5,4,2,1,20.31,26,58.8089,16.6878,66.5717,high
825,36,1,2.7778,160000000000.0,36.8621,218979427220.61,506896822.27,2496407071.15,2354445459.9,2001008981.97,495398089.19,353436477.93,0.8016,0.8499,0.1984,0.1501,14,9,3,1,1,12.43,29,38.1488,98.0053,28.9645,low
826,30,2,6.6667,120000000000.0,52.3435,182812157220.87,1015623095.67,2515028198.46,2118286966.3,1952742206.36,562285992.1,165544759.94,0.7764,0.9218,0.2236,0.0782,8,6,1,1,0,11.98,17,53.3508,140.3729,12.5051,low
827,36,1,2.7778,160000000000.0,62.8807,260609049388.38,603261688.4,1561988148.79,1455018191.11,1411430370.54,150557778.24,43587820.56,0.9036,0.97,0.0964,0.03,11,10,0,1,0,0.73,3,35.2132,34.7543,9.0,low
828,30,2,6.6667,70000000000.0,49.7829,104848062060.95,582489233.67,785980914.51,641424902.56,548652638.53,237328275.98,92772264.03,0.698,0.8554,0.302,0.1446,6,4,1,1,0,19.27,34,38.442,17.8187,32.3516,low
829,36,1,2.7778,160000000000.0,27.7075,204331970719.23,472990672.96,2085634611.08,1759834555.18,1122354055.27,963280555.8,637480499.91,0.5381,0.6378,0.4619,0.3622,14,6,4,2,2,25.19,45,64.8173,38.528,67.2324,high
830,16,1,6.25,220000000000.0,55.5131,342128732494.38,1781920481.74,6174854785.94,5571233681.23,5418062891.54,756791894.4,153170789.69,0.8774,0.9725,0.1226,0.0275,12,10,1,1,0,5.71,10,42.2624,62.3943,9.0,low
831,48,1,2.0833,120000000000.0,56.7455,188094570789.65,326553074.29,632253317.78,559441997.23,446723825.01,185529492.77,112718172.22,0.7066,0.7985,0.2934,0.2015,8,4,3,1,0,12.13,16,54.2836,75.4478,38.2981,medium
832,36,1,2.7778,160000000000.0,37.5638,220102048542.76,509495482.74,2031451790.54,1896500687.74,1619301783.2,412150007.34,277198904.55,0.7971,0.8538,0.2029,0.1462,12,7,4,1,0,10.81,23,65.5678,72.9003,35.3497,medium
833,24,1,4.1667,220000000000.0,68.137,369901435386.08,1284379983.98,2711869372.26,2158364229.15,2098000326.01,613869046.25,60363903.15,0.7736,0.972,0.2264,0.028,9,6,1,2,0,5.51,17,37.1116,101.7658,11.5498,low
834,48,1,2.0833,90000000000.0,53.9008,138510730602.27,240470018.41,801659934.06,660845132.71,559863219.47,241796714.59,100981913.24,0.6984,0.8472,0.3016,0.1528,13,7,3,2,1,14.81,27,49.2914,131.9941,29.076,low
835,30,1,3.3333,220000000000.0,43.7596,316271180808.14,878531057.8,2079121166.16,1287730060.34,878648367.85,1200472798.31,409081692.48,0.4226,0.6823,0.5774,0.3177,8,1,2,3,2,53.35,92,47.6152,106.0475,75.5785,high
836,60,1,1.6667,90000000000.0,74.4405,156996449719.56,218050624.61,581710794.86,509568563.68,290811672.92,290899121.94,218756890.76,0.4999,0.5707,0.5001,0.4293,9,4,3,1,1,30.85,40,41.1416,80.6874,65.3243,high
837,36,1,2.7778,300000000000.0,43.1673,429501995686.08,994217582.61,2012259340.51,1743336099.53,1745236399.97,267022940.54,0.0,0.8673,1.0,0.1327,0.0,8,7,0,1,0,1.08,3,39.456,123.6129,9.0,low
838,30,1,3.3333,90000000000.0,63.0784,146770561027.57,407696002.85,1192637640.18,1115448422.16,1116627144.29,76010495.9,0.0,0.9363,1.0,0.0637,0.0,10,8,1,1,0,0.48,5,43.3039,147.5759,9.0,low
839,24,1,4.1667,90000000000.0,38.7159,124844271755.37,433487054.71,2143546199.18,1925319097.89,1550576266.95,592969932.23,374742830.94,0.7234,0.8054,0.2766,0.1946,15,9,3,2,1,12.14,30,34.9534,175.4379,45.1906,medium
840,48,1,2.0833,120000000000.0,42.162,170594450836.95,296170921.59,751977460.38,564012237.61,557036546.19,194940914.2,6975691.43,0.7408,0.9876,0.2592,0.0124,9,7,0,2,0,0.92,2,32.0727,114.6097,9.0,low
841,24,1,4.1667,160000000000.0,87.6339,300214279020.46,1042410691.04,2216445277.12,1757178041.28,1416801887.89,799643389.23,340376153.38,0.6392,0.8063,0.3608,0.1937,11,5,4,2,0,20.63,23,43.664,102.5611,42.1062,medium
842,48,2,4.1667,70000000000.0,36.9271,95848978565.35,332808953.35,1240239699.1,1061847133.16,1033701069.14,206538629.96,28146064.02,0.8335,0.9735,0.1665,0.0265,15,11,2,2,0,6.93,12,37.1941,53.6209,9.0,low
843,48,2,4.1667,160000000000.0,21.7294,194767001716.9,676274311.52,1993016467.49,1475959270.44,520444858.76,1472571608.72,955514411.68,0.2611,0.3526,0.7389,0.6474,8,1,3,2,2,48.29,51,46.4269,171.7659,95.3653,high
844,24,1,4.1667,90000000000.0,74.9287,157435856488.06,546652279.47,815335738.81,552970220.65,422020976.07,393314762.75,130949244.58,0.5176,0.7632,0.4824,0.2368,6,3,1,2,0,19.93,34,34.442,18.9677,49.5808,medium
845,20,2,10.0,70000000000.0,57.6191,110333375538.73,919444796.16,1856459554.49,1613956088.75,1582803220.07,273656334.42,31152868.68,0.8526,0.9807,0.1474,0.0193,8,7,0,1,0,1.18,0,34.6707,31.6023,9.0,low
846,20,1,5.0,90000000000.0,57.6425,141878251929.2,591159383.04,736161859.65,491546662.46,501630062.82,234531796.82,0.0,0.6814,1.0,0.3186,0.0,6,4,0,2,0,0.85,0,43.1202,109.5047,9.0,low
847,36,1,2.7778,120000000000.0,70.4706,204564731368.8,473529470.76,816838459.73,667591731.52,423187420.44,393651039.29,244404311.08,0.5181,0.6339,0.4819,0.3661,6,2,2,1,1,43.11,58,41.2319,114.0161,75.9891,high
848,24,1,4.1667,160000000000.0,42.508,228012787368.42,791711067.25,1456604391.72,1473476985.49,1135781205.08,320823186.64,337695780.41,0.7797,0.7708,0.2203,0.2292,6,4,2,0,0,17.79,32,62.4116,146.411,35.2349,medium
849,16,1,6.25,90000000000.0,45.2699,130742868418.93,680952439.68,3519799976.78,3294618444.49,238436114.68,3281363862.1,3056182329.81,0.0677,0.0724,0.9323,0.9276,16,1,4,1,10,102.12,162,40.8801,59.5473,100.0,high
850,16,1,6.25,70000000000.0,86.5811,130606751770.55,680243498.8,2246835134.78,1907471604.56,1788852826.75,457982308.03,118618777.81,0.7962,0.9378,0.2038,0.0622,13,11,0,2,0,0.48,0,58.4669,165.9456,11.6731,low
851,24,1,4.1667,70000000000.0,58.5885,111011965275.75,385458212.76,605089276.55,500554177.21,282479011.01,322610265.54,218075166.2,0.4668,0.5643,0.5332,0.4357,7,3,2,1,1,24.19,55,30.7706,75.198,70.579,high
852,36,1,2.7778,160000000000.0,72.7706,276433001450.18,639891207.06,1440259772.56,1249432388.53,1160289705.71,279970066.85,89142682.83,0.8056,0.9287,0.1944,0.0713,8,6,1,1,0,7.02,15,48.0445,106.5269,13.0285,low
853,24,2,8.3333,220000000000.0,47.6401,324808141869.77,2255612096.32,4495292428.45,4635414693.13,4134659410.64,360633017.81,500755282.5,0.9198,0.892,0.0802,0.108,8,6,2,0,0,6.72,15,44.2211,73.7868,17.0,low
854,12,2,16.6667,160000000000.0,49.5732,239317143180.63,3323849210.84,8459997873.15,7351832908.3,5211591900.53,3248405972.62,2140241007.76,0.616,0.7089,0.384,0.2911,8,3,3,1,1,28.03,63,46.2272,94.2165,64.1109,medium
855,24,1,4.1667,160000000000.0,60.0068,256010861616.41,888926602.83,2974681598.49,2441678639.6,1102143372.24,1872538226.25,1339535267.36,0.3705,0.4514,0.6295,0.5486,16,2,4,3,7,71.14,77,38.4603,33.831,93.5071,high
856,24,1,4.1667,70000000000.0,40.4272,98299029638.63,341316075.13,1233225716.87,977784549.58,898733152.01,334492564.86,79051397.57,0.7288,0.9192,0.2712,0.0808,10,4,3,2,1,6.02,17,37.3477,160.6462,35.1853,medium
857,30,1,3.3333,120000000000.0,40.8381,169005719602.63,469460332.23,1739864518.43,1635451798.98,1574118686.51,165745831.92,61333112.47,0.9047,0.9625,0.0953,0.0375,14,10,3,1,0,6.58,17,51.2034,118.847,20.364,low
858,24,1,4.1667,160000000000.0,65.5111,264817832354.82,919506362.34,2517324231.66,1835903830.66,1480549760.97,1036774470.69,355354069.69,0.5881,0.8064,0.4119,0.1936,11,3,3,3,2,31.34,63,51.5298,74.1679,51.9839,medium
859,48,1,2.0833,160000000000.0,35.3458,216553331715.88,375960645.34,776079450.49,788147750.23,753524190.77,22555259.72,34623559.47,0.9709,0.9561,0.0291,0.0439,6,5,1,0,0,9.39,18,45.5188,80.3882,14.0723,low
860,12,1,8.3333,90000000000.0,66.2901,149661131674.81,1039313414.41,1916023531.42,1540471680.68,1411790800.97,504232730.45,128680879.71,0.7368,0.9165,0.2632,0.0835,9,4,3,2,0,14.42,20,52.4255,94.9631,36.2986,medium
861,20,1,5.0,160000000000.0,19.5746,191319388370.31,797164118.21,3016101084.5,2448949818.88,2087389803.21,928711281.29,361560015.68,0.6921,0.8524,0.3079,0.1476,11,6,3,2,0,5.08,22,47.515,103.5269,28.9439,low
862,24,1,4.1667,90000000000.0,73.8125,156431285566.48,543164185.99,1789451706.67,1575106866.04,1501154621.47,288297085.2,73952244.57,0.8389,0.953,0.1611,0.047,12,10,1,1,0,5.64,15,48.6337,54.0424,17.1062,low
863,20,1,5.0,160000000000.0,55.3789,248606174953.61,1035859062.31,4237617972.4,4125094212.67,1224057481.05,3013560491.35,2901036731.62,0.2889,0.2967,0.7111,0.7033,14,4,5,0,5,42.11,71,39.6283,117.1976,90.2362,high
864,16,1,6.25,220000000000.0,58.8168,349396875937.16,1819775395.51,5281128949.5,4114728211.4,3740480817.43,1540648132.07,374247393.97,0.7083,0.909,0.2917,0.091,10,7,1,2,0,3.58,16,50.3026,107.6537,14.4399,low
865,36,1,2.7778,160000000000.0,59.0756,254520970343.88,589168912.83,1880832630.4,1537696582.04,1085970831.65,794861798.75,451725750.39,0.5774,0.7062,0.4226,0.2938,12,5,3,2,2,26.92,29,25.6485,74.31,56.1438,medium
866,30,1,3.3333,300000000000.0,48.7175,446152566103.46,1239312683.62,6267885781.87,5603577179.66,5053453020.41,1214432761.45,550124159.24,0.8062,0.9018,0.1938,0.0982,16,11,2,2,1,5.72,15,31.2541,148.7664,22.336,low
867,12,1,8.3333,90000000000.0,18.0,106200000000.0,737500000.0,3087002927.92,2592268205.65,2568583819.76,518419108.17,23684385.9,0.8321,0.9909,0.1679,0.0091,13,10,1,2,0,5.43,9,53.7675,89.7524,9.0,low
868,36,1,2.7778,90000000000.0,87.4506,168705502729.93,390521997.06,514971486.89,455327605.2,257659667.99,257311818.91,197667937.21,0.5003,0.5659,0.4997,0.4341,7,2,2,1,2,24.36,88,42.0924,78.3827,75.7946,high
869,24,1,4.1667,120000000000.0,29.5329,155439476375.9,539720404.08,1401460605.35,1354714989.92,1338179159.72,63281445.62,16535830.2,0.9548,0.9878,0.0452,0.0122,9,8,1,0,0,2.52,8,32.229,136.3355,9.0,low
870,30,3,10.0,160000000000.0,59.5474,255275875855.21,2127298965.46,3682290845.04,3535921133.88,3215860133.42,466430711.62,320061000.46,0.8733,0.9095,0.1267,0.0905,6,5,1,0,0,2.19,15,43.911,94.7712,12.6084,low
871,20,2,10.0,70000000000.0,74.6334,122243348571.75,1018694571.43,1280690384.27,1099133710.65,1126698450.06,153991934.21,0.0,0.8798,1.0,0.1202,0.0,6,5,0,1,0,0.27,0,67.9497,38.3623,9.9331,low
872,20,1,5.0,90000000000.0,70.1279,153115065729.22,637979440.54,1386406417.89,1014521032.06,827288303.14,559118114.74,187232728.91,0.5967,0.8154,0.4033,0.1846,8,4,2,2,0,10.59,18,40.9729,89.2119,42.7464,medium
873,20,1,5.0,160000000000.0,36.825,218920020920.8,912166753.84,1571021677.94,1309210057.18,798189493.75,772832184.19,511020563.43,0.5081,0.6097,0.4919,0.3903,7,3,2,1,1,17.49,54,30.8428,122.8175,66.2438,high
874,12,2,16.6667,90000000000.0,31.5553,118399754033.33,1644441028.24,5064854515.56,4374410215.77,4361540314.58,703314200.98,12869901.19,0.8611,0.9971,0.1389,0.0029,9,8,0,1,0,0.22,0,44.8269,39.1945,9.0,low
875,24,1,4.1667,220000000000.0,49.5857,329088619899.98,1142668819.1,5337414911.63,4656643592.93,3388168857.88,1949246053.75,1268474735.05,0.6348,0.7276,0.3652,0.2724,16,9,5,2,0,13.7,16,60.5331,109.4751,48.9522,medium
876,30,1,3.3333,70000000000.0,38.469,96928276390.51,269245212.2,954435299.9,826156439.0,658586255.37,295849044.53,167570183.63,0.69,0.7972,0.31,0.2028,13,6,4,2,1,21.57,25,57.51,76.9927,37.1698,medium
877,48,1,2.0833,220000000000.0,23.3221,271308689540.0,471022030.45,1807567348.74,1658248421.16,1465452859.9,342114488.84,192795561.26,0.8107,0.8837,0.1893,0.1163,14,12,1,1,0,8.4,14,40.0257,108.4417,19.4753,low
878,30,1,3.3333,120000000000.0,48.429,178114782799.1,494763285.55,1145639073.94,1157373772.18,1119707698.87,25931375.07,37666073.32,0.9774,0.9675,0.0226,0.0325,8,7,1,0,0,5.87,10,69.7071,165.1608,9.0,low
879,24,1,4.1667,120000000000.0,31.663,157995571572.9,548595734.63,2115223368.71,1960452212.0,1880238328.33,234985040.38,80213883.67,0.8889,0.9591,0.1111,0.0409,11,10,0,1,0,0.78,2,48.538,65.6002,9.0,low
880,24,2,8.3333,300000000000.0,18.0,354000000000.0,2458333333.33,11455796678.8,10799314651.02,9014864359.49,2440932319.31,1784450291.53,0.7869,0.8348,0.2131,0.1652,15,11,3,1,0,10.65,15,49.6283,133.7279,17.2605,low
881,24,3,12.5,90000000000.0,18.0,106200000000.0,1106250000.0,2859975304.64,1907860188.15,1933660281.56,926315023.08,0.0,0.6761,1.0,0.3239,0.0,6,4,0,2,0,1.68,3,67.9211,95.4317,15.0973,low
882,24,1,4.1667,120000000000.0,18.0,141600000000.0,491666666.67,1626826404.35,1399256219.47,995738438.24,631087966.11,403517781.22,0.6121,0.7116,0.3879,0.2884,9,4,3,1,1,40.25,58,49.0513,103.697,56.2223,medium
883,48,1,2.0833,120000000000.0,38.1312,165757381109.42,287773231.09,1162513334.22,909987284.09,478962496.59,683550837.63,431024787.5,0.412,0.5263,0.588,0.4737,16,5,5,3,3,63.96,97,51.6836,81.753,87.1945,high
884,30,1,3.3333,120000000000.0,40.1953,168234310167.17,467317528.24,1708468367.9,1704695591.7,510453983.56,1198014384.35,1194241608.15,0.2988,0.2994,0.7012,0.7006,10,0,4,0,6,79.6,179,63.2097,117.1081,100.0,high
885,30,1,3.3333,120000000000.0,32.8855,159462541170.28,442951503.25,1048600975.41,945838746.4,953701056.98,94899918.43,0.0,0.9095,1.0,0.0905,0.0,8,6,1,1,0,5.96,17,59.7063,80.3442,12.9151,low
886,16,1,6.25,220000000000.0,32.6704,291874962629.38,1520182097.03,3955051928.94,3095935521.92,2619486636.12,1335565292.82,476448885.8,0.6623,0.8461,0.3377,0.1539,9,6,1,2,0,10.79,19,46.3212,54.5102,31.0742,low
887,24,1,4.1667,120000000000.0,29.8174,155780848665.61,540905724.53,1728966231.75,1603101148.96,617992455.29,1110973776.46,985108693.67,0.3574,0.3855,0.6426,0.6145,10,3,2,1,4,57.63,98,62.7988,117.557,91.7569,high
888,24,1,4.1667,90000000000.0,55.2355,139711949863.62,485110937.03,2088489160.93,1885108510.25,1399591917.73,688897243.2,485516592.52,0.6701,0.7424,0.3299,0.2576,16,7,5,1,3,19.69,42,49.6028,117.5371,56.326,medium
889,36,1,2.7778,70000000000.0,61.4671,113026982827.78,261636534.32,640965024.21,471002446.18,283784909.61,357180114.61,187217536.57,0.4427,0.6025,0.5573,0.3975,12,5,3,3,1,16.14,29,38.6517,185.0,62.0232,medium
890,36,1,2.7778,70000000000.0,73.4717,121430160555.29,281088334.62,527000206.63,541888772.59,451269997.68,75730208.95,90618774.9,0.8563,0.8328,0.1437,0.1672,10,6,3,0,1,22.41,34,49.9748,59.2332,33.1464,low
891,16,1,6.25,70000000000.0,35.5474,94883185342.57,494183256.99,980235131.72,826095337.63,580390745.91,399844385.81,245704591.72,0.5921,0.7026,0.4079,0.2974,6,2,2,1,1,32.32,34,50.0331,143.1261,58.7307,medium
892,24,1,4.1667,220000000000.0,44.3872,317651794200.16,1102957618.75,2023115941.67,1672453123.46,1427830595.22,595285346.46,244622528.25,0.7058,0.8537,0.2942,0.1463,7,3,2,1,1,15.9,36,46.1959,137.4203,30.0776,low
893,30,1,3.3333,120000000000.0,46.9342,176320989876.35,489780527.43,1981773447.11,1818016777.72,1791332040.05,190441407.06,26684737.67,0.9039,0.9853,0.0961,0.0147,14,12,1,1,0,3.81,9,52.762,88.569,9.0,low
894,48,1,2.0833,70000000000.0,64.02,114814026895.97,199329907.81,725397466.1,662359295.26,646359469.11,79037996.99,15999826.15,0.891,0.9758,0.109,0.0242,15,13,1,1,0,4.8,9,66.6814,144.9085,14.1026,low
895,30,1,3.3333,120000000000.0,74.2393,209087102496.72,580797506.94,1350165675.15,1052817746.6,947689412.76,402476262.4,105128333.85,0.7019,0.9001,0.2981,0.0999,10,7,1,2,0,10.82,14,30.5062,97.8753,27.507,low
896,20,1,5.0,120000000000.0,60.8887,193066388675.67,804443286.15,2443408639.37,1987385971.55,1768065144.4,675343494.98,219320827.16,0.7236,0.8896,0.2764,0.1104,13,9,2,2,0,7.31,9,67.338,65.3625,32.8134,low
897,12,1,8.3333,220000000000.0,31.7646,289882199659.66,2013070830.97,8870202036.82,8287407015.07,8365638929.94,504563106.89,0.0,0.9431,1.0,0.0569,0.0,15,13,1,1,0,4.82,9,40.0418,59.7201,9.0,low
898,24,1,4.1667,120000000000.0,41.7652,170118233101.9,590688309.38,3151327267.6,2671961023.38,1562928736.43,1588398531.18,1109032286.95,0.496,0.5849,0.504,0.4151,15,4,3,2,6,59.57,94,40.4367,68.8348,83.3905,high
899,16,1,6.25,220000000000.0,79.304,394468699355.01,2054524475.81,7538523135.08,7296492034.31,6541328355.66,997194779.42,755163678.65,0.8677,0.8965,0.1323,0.1035,16,11,3,1,1,3.52,6,40.5526,52.2218,25.4824,low
900,60,1,1.6667,300000000000.0,43.9369,431810638182.27,599736997.48,2119412966.09,2172669208.85,1960762748.21,158650217.88,211906460.64,0.9251,0.9025,0.0749,0.0975,12,9,2,0,1,11.31,16,50.8176,132.0707,26.6,low
901,20,2,10.0,90000000000.0,69.104,152193576200.8,1268279801.67,5166283256.76,4688470708.74,3394314394.91,1771968861.85,1294156313.83,0.657,0.724,0.343,0.276,16,8,5,2,1,18.53,24,44.1503,119.2665,56.8832,medium
902,16,2,12.5,120000000000.0,63.4869,196184234096.97,2043585771.84,4143581669.37,3293221537.29,3238257383.77,905324285.6,54964153.52,0.7815,0.9833,0.2185,0.0167,9,6,1,2,0,4.58,9,40.9938,76.3136,16.1759,low
903,12,1,8.3333,90000000000.0,32.6945,119425084336.01,829340863.44,2781469200.55,2140815265.61,2087221562.77,694247637.78,53593702.84,0.7504,0.975,0.2496,0.025,9,6,1,2,0,5.6,12,54.9057,98.7528,15.0373,low
904,20,1,5.0,120000000000.0,22.7322,147278590323.8,613660793.02,2338147997.83,2120318200.32,703750334.61,1634397663.22,1416567865.71,0.301,0.3319,0.699,0.6681,14,3,5,1,5,96.62,100,63.6515,77.1926,100.0,high
905,20,1,5.0,90000000000.0,64.2396,147815666780.45,615898611.59,1756792806.19,1591249234.06,1356292424.81,400500381.37,234956809.24,0.772,0.8523,0.228,0.1477,11,8,2,1,0,5.31,13,44.4754,49.4583,25.3715,low
906,16,1,6.25,70000000000.0,42.4743,99732015325.44,519437579.82,2121193139.67,2034954484.26,1466695107.24,654498032.43,568259377.02,0.6914,0.7208,0.3086,0.2792,15,8,4,1,2,26.23,30,27.0759,103.5781,56.94,medium
907,24,1,4.1667,90000000000.0,50.3868,135348085126.35,469958628.91,1501027123.78,1160926305.11,683242158.55,817784965.23,477684146.56,0.4552,0.5885,0.5448,0.4115,12,3,4,3,2,42.48,64,56.2757,60.0655,67.4134,high
908,24,1,4.1667,160000000000.0,79.1952,286712351173.61,995528997.13,2652469907.41,2335724561.35,2300075465.69,352394441.71,35649095.66,0.8671,0.9847,0.1329,0.0153,12,10,1,1,0,3.26,9,59.4003,88.2766,9.0,low
909,24,1,4.1667,70000000000.0,74.9763,122483391377.51,425289553.39,1436767625.35,1110133020.26,667561857.08,769205768.27,442571163.18,0.4646,0.6013,0.5354,0.3987,14,4,5,3,2,32.77,65,34.058,59.0015,72.2221,high
910,16,1,6.25,90000000000.0,18.0,106200000000.0,553125000.0,2445423892.35,1973695304.28,1698259389.68,747164502.67,275435914.6,0.6945,0.8604,0.3055,0.1396,11,5,4,2,0,6.34,16,48.0176,139.1941,32.433,low
911,12,1,8.3333,220000000000.0,50.6615,331455325669.12,2301773094.92,4782102678.01,4142697678.65,3928021444.52,854081233.49,214676234.13,0.8214,0.9482,0.1786,0.0518,6,5,0,1,0,0.56,2,43.0918,29.8915,9.8258,low
912,24,1,4.1667,120000000000.0,76.3021,211562513317.94,734592060.13,2091362438.23,1564608703.94,929418308.03,1161944130.2,635190395.91,0.4444,0.594,0.5556,0.406,12,3,4,3,2,57.65,60,53.1807,125.7122,90.465,high
913,20,2,10.0,120000000000.0,58.9095,190691411053.31,1589095092.11,5954626923.61,5370250947.99,5345351082.94,609275840.67,24899865.05,0.8977,0.9954,0.1023,0.0046,14,12,1,1,0,5.18,7,32.4678,74.7156,9.0,low
914,16,1,6.25,120000000000.0,34.5313,161437517768.34,840820405.04,2924824156.74,2453330698.07,2371021749.81,553802406.94,82308948.27,0.8107,0.9665,0.1893,0.0335,13,10,1,2,0,7.53,17,61.1097,60.3449,15.2162,low
915,48,1,2.0833,120000000000.0,59.9242,191909022363.83,333175386.05,835031819.45,739957381.21,506982843.72,328048975.73,232974537.49,0.6071,0.6852,0.3929,0.3148,11,5,4,1,1,15.31,50,42.6478,133.965,58.0122,medium
916,16,1,6.25,220000000000.0,44.1203,317064584901.68,1651378046.36,6854453696.31,6626707852.98,3926292148.85,2928161547.46,2700415704.13,0.5728,0.5925,0.4272,0.4075,16,8,4,1,3,40.82,62,52.3663,145.8039,68.7717,high
917,24,2,8.3333,90000000000.0,38.1259,124313340430.14,863287086.32,2730728429.12,2708325444.44,2544426211.26,186302217.87,163899233.18,0.9318,0.9395,0.0682,0.0605,12,11,1,0,0,3.66,7,33.4868,94.3123,9.0,low
918,24,1,4.1667,220000000000.0,32.821,292206094235.54,1014604493.87,5008335568.28,3989427395.13,2458567934.94,2549767633.34,1530859460.2,0.4909,0.6163,0.5091,0.3837,16,4,6,3,3,36.16,48,42.0621,83.9059,69.7082,high
919,30,1,3.3333,160000000000.0,44.0497,230479501654.14,640220837.93,2445745623.45,2184235320.02,2194930747.5,250814875.95,0.0,0.8974,1.0,0.1026,0.0,13,11,1,1,0,3.62,7,48.1514,111.3547,9.0,low
920,20,2,10.0,70000000000.0,62.8533,113997305824.89,949977548.54,3090258661.64,3078258927.36,2825446850.06,264811811.58,252812077.3,0.9143,0.9179,0.0857,0.0821,16,12,3,0,1,6.93,13,33.5772,114.1619,29.7512,low
921,30,1,3.3333,120000000000.0,54.5668,185480183120.72,515222730.89,1767670834.88,1665079030.96,1547937445.89,219733388.99,117141585.07,0.8757,0.9296,0.1243,0.0704,16,13,1,1,1,6.59,13,43.0825,140.2444,27.9131,low
922,30,1,3.3333,90000000000.0,73.8536,156468238019.09,434633994.5,1288802409.53,1190724428.43,1032475159.79,256327249.74,158249268.64,0.8011,0.8671,0.1989,0.1329,12,6,4,1,1,8.1,18,51.2429,126.3524,37.9733,medium
923,12,1,8.3333,160000000000.0,105.0,328000000000.0,2277777777.78,3761817201.54,2865728234.51,2522465503.3,1239351698.24,343262731.21,0.6705,0.8802,0.3295,0.1198,9,4,3,2,0,14.31,29,47.7578,78.2274,39.6287,medium
924,24,2,8.3333,120000000000.0,37.1369,164564333973.98,1142807874.82,6028137776.83,5263168014.03,4721766352.72,1306371424.1,541401661.31,0.7833,0.8971,0.2167,0.1029,16,7,6,2,1,19.73,26,61.3037,154.8359,33.1376,low
925,16,1,6.25,160000000000.0,78.1617,285058787747.07,1484681186.18,3542987588.81,3166975402.7,2854993171.81,687994417.0,311982230.89,0.8058,0.9015,0.1942,0.0985,12,9,2,1,0,9.63,16,35.8857,73.258,14.2712,low
926,36,2,5.5556,70000000000.0,18.0,82600000000.0,382407407.41,2188204267.21,1808721521.82,1587789712.82,600414554.39,220931809.0,0.7256,0.8779,0.2744,0.1221,14,9,3,2,0,9.15,14,52.9681,109.5553,28.3353,low
927,20,1,5.0,90000000000.0,30.6566,117590895477.72,489962064.49,1949304349.17,1764862551.45,1360921077.66,588383271.51,403941473.79,0.6982,0.7711,0.3018,0.2289,15,7,5,1,2,32.67,37,39.3983,55.894,49.2311,medium
928,36,1,2.7778,160000000000.0,73.3647,277383564619.9,642091584.77,1806730260.07,1660295708.51,1628970277.65,177759982.42,31325430.86,0.9016,0.9811,0.0984,0.0189,13,11,1,1,0,1.27,3,49.6944,46.9158,9.0,low
929,20,1,5.0,70000000000.0,35.262,94683409210.38,394514205.04,1164384379.55,1074339640.08,927051351.73,237333027.82,147288288.35,0.7962,0.8629,0.2038,0.1371,9,6,2,1,0,11.33,19,55.6681,143.2947,26.1271,low
930,36,2,5.5556,220000000000.0,38.4777,304650857808.19,1410420638.0,5115042694.27,4797907749.05,4618083160.81,496959533.46,179824588.23,0.9028,0.9625,0.0972,0.0375,12,9,2,1,0,7.63,12,47.2681,145.9946,12.2569,low
931,16,1,6.25,120000000000.0,44.1497,172979584934.61,900935338.2,3191790574.65,2663113898.01,259811930.16,2931978644.49,2403301967.86,0.0814,0.0976,0.9186,0.9024,13,1,4,2,6,56.59,62,33.6413,91.6696,100.0,high
932,20,2,10.0,160000000000.0,67.7671,268427281312.99,2236894010.94,8066559220.7,7252305267.75,6782345708.41,1284213512.29,469959559.34,0.8408,0.9352,0.1592,0.0648,12,10,1,1,0,5.89,10,47.2164,58.959,9.0,low
933,60,2,3.3333,90000000000.0,59.2737,143346325937.2,398184238.71,1332306254.15,1235639677.89,1196362462.29,135943791.86,39277215.6,0.898,0.9682,0.102,0.0318,12,11,0,1,0,0.09,1,53.1738,112.683,9.0441,low
934,30,1,3.3333,220000000000.0,29.2719,284398229347.62,789995081.52,3288513924.82,3346300751.09,2442815890.77,845698034.05,903484860.32,0.7428,0.73,0.2572,0.27,11,6,4,0,1,5.77,27,60.1806,97.7692,41.0818,medium
935,20,2,10.0,120000000000.0,34.5628,161475393899.59,1345628282.5,5566530024.81,4976674225.45,4524883182.05,1041646842.75,451791043.4,0.8129,0.9092,0.1871,0.0908,14,10,3,1,0,10.12,15,46.774,96.9127,21.9873,low
936,30,1,3.3333,300000000000.0,81.4897,544469235256.72,1512414542.38,2619589110.16,2035366924.97,1945821156.26,673767953.9,89545768.71,0.7428,0.956,0.2572,0.044,8,5,1,2,0,11.68,13,55.8224,90.1052,14.5669,low
937,48,1,2.0833,120000000000.0,50.9234,181108113758.69,314423808.61,1258783295.93,1134880704.88,774879855.64,483903440.29,360000849.23,0.6156,0.6828,0.3844,0.3172,16,8,4,1,3,25.37,37,29.2254,92.2884,51.9452,medium
938,20,1,5.0,300000000000.0,78.2804,534841341988.39,2228505591.62,8434862315.44,7434032574.95,6405799523.8,2029062791.64,1028233051.15,0.7594,0.8617,0.2406,0.1383,14,6,6,2,0,19.56,26,41.9664,111.4498,41.8491,medium
939,24,1,4.1667,120000000000.0,56.9105,188292549784.54,653793575.64,2106287235.05,2028881444.86,2008569645.22,97717589.83,20311799.64,0.9536,0.99,0.0464,0.01,15,13,1,1,0,1.73,4,63.9592,122.5632,9.0,low
940,24,1,4.1667,220000000000.0,59.4944,350887597196.27,1218359712.49,1894912844.45,1897211880.99,1792629994.89,102282849.57,104581886.1,0.946,0.9449,0.054,0.0551,7,6,1,0,0,1.88,5,53.4646,71.8013,9.0,low
941,20,1,5.0,90000000000.0,87.662,168895783544.04,703732431.43,1070023128.38,758050821.22,690215193.6,379807934.78,67835627.61,0.645,0.9105,0.355,0.0895,7,3,2,2,0,13.79,35,41.4732,52.4939,38.5073,medium
942,48,1,2.0833,120000000000.0,18.0,141600000000.0,245833333.33,1022921502.6,883537922.14,634681212.17,388240290.43,248856709.97,0.6205,0.7183,0.3795,0.2817,14,6,5,2,1,20.45,30,47.8233,36.5738,47.6837,medium
943,24,1,4.1667,160000000000.0,55.7379,249180675949.14,865210680.38,2499399984.44,2230175112.92,1860593472.01,638806512.43,369581640.92,0.7444,0.8343,0.2556,0.1657,13,11,1,1,0,9.37,19,54.2306,113.0937,23.7639,low
944,12,1,8.3333,70000000000.0,63.0681,114147678388.01,792692211.03,2334306943.75,2112711312.27,2120198533.5,214108410.25,0.0,0.9083,1.0,0.0917,0.0,14,12,1,1,0,2.58,4,60.0917,92.3372,9.0,low
945,16,1,6.25,160000000000.0,51.284,242054470784.54,1260700368.67,4352813478.51,3775086826.52,3820908497.36,531904981.15,0.0,0.8778,1.0,0.1222,0.0,16,13,1,2,0,0.54,5,48.1631,74.118,9.0,low
946,30,1,3.3333,300000000000.0,91.2133,573639873682.4,1593444093.56,6355591018.54,5631521853.82,5585954733.98,769636284.56,45567119.84,0.8789,0.9919,0.1211,0.0081,16,13,1,2,0,2.21,6,51.9049,110.5562,12.4658,low
947,48,1,2.0833,90000000000.0,56.6266,140963960405.9,244729097.93,737278651.4,664240683.43,211840036.64,525438614.77,452400646.79,0.2873,0.3189,0.7127,0.6811,13,1,4,1,7,75.14,141,40.3042,124.5347,100.0,high
948,36,3,8.3333,90000000000.0,72.2295,155006548689.09,1076434365.9,4615399995.28,4022340456.15,3917986701.31,697413293.97,104353754.84,0.8489,0.9741,0.1511,0.0259,16,12,2,2,0,11.53,15,39.0113,77.4368,14.4751,low
949,20,1,5.0,90000000000.0,35.0405,121536457118.53,506401904.66,1226467269.66,1107535710.67,457966302.78,768500966.88,649569407.9,0.3734,0.4135,0.6266,0.5865,8,2,3,1,2,67.88,107,55.737,86.0267,93.0507,high
950,24,1,4.1667,120000000000.0,30.9171,157100577867.24,545488117.59,1552990445.12,1363694793.91,1092711240.93,460279204.19,270983552.97,0.7036,0.8013,0.2964,0.1987,11,7,2,1,1,16.96,21,58.1101,119.3537,43.2287,medium
951,30,2,6.6667,90000000000.0,56.6481,140983245844.72,783240254.69,2187162653.89,1516397850.61,804709749.15,1382452904.74,711688101.46,0.3679,0.5307,0.6321,0.4693,9,2,2,3,2,47.43,75,38.8258,140.7916,90.2195,high
952,20,2,10.0,300000000000.0,60.8528,482558314432.46,4021319286.94,7061997110.38,6937784864.37,6814913696.47,247083413.92,122871167.9,0.965,0.9823,0.035,0.0177,6,5,1,0,0,4.77,7,49.0842,55.1507,9.0,low
953,24,1,4.1667,220000000000.0,38.7826,305321648895.07,1060144614.22,2158423978.16,1947214586.76,1909367219.34,249056758.81,37847367.42,0.8846,0.9806,0.1154,0.0194,9,8,0,1,0,1.94,3,32.5462,89.7043,9.0,low
954,16,1,6.25,160000000000.0,69.0695,270511278343.88,1408912908.04,2937606606.99,2324026271.96,2417782825.08,519823781.9,0.0,0.823,1.0,0.177,0.0,10,8,0,2,0,1.48,1,38.6931,25.5503,9.0,low
955,48,1,2.0833,220000000000.0,83.7068,404154900889.17,701657814.04,1209134942.72,748030060.77,291095005.42,918039937.31,456935055.36,0.2407,0.3891,0.7593,0.6109,8,1,2,3,2,29.23,41,50.6001,50.9759,85.6792,high
956,48,1,2.0833,90000000000.0,40.5363,126482677479.86,219587981.74,574592220.6,464038390.08,435762690.58,138829530.02,28275699.49,0.7584,0.9391,0.2416,0.0609,11,7,2,2,0,7.97,11,29.0226,92.1625,20.9879,low
957,48,1,2.0833,220000000000.0,60.0716,352157464842.17,611384487.57,1399722446.37,1183673643.52,940937332.49,458785113.88,242736311.03,0.6722,0.7949,0.3278,0.2051,7,3,2,1,1,30.58,55,45.4159,50.5947,54.5937,medium
958,30,2,6.6667,120000000000.0,51.8126,182175117603.26,1012083986.68,3802254690.23,3102610089.36,1637782280.78,2164472409.45,1464827808.58,0.4307,0.5279,0.5693,0.4721,15,4,3,3,5,69.6,85,54.2975,93.7682,84.3861,high
959,30,1,3.3333,160000000000.0,76.014,281622431006.1,782284530.57,1854312525.76,1732800787.39,1597541268.22,256771257.53,135259519.16,0.8615,0.9219,0.1385,0.0781,12,8,3,1,0,5.28,14,53.1479,133.4822,39.83,medium
960,48,1,2.0833,70000000000.0,45.3363,101735410748.55,176623976.99,703880327.6,602906555.49,574744598.9,129135728.7,28161956.58,0.8165,0.9533,0.1835,0.0467,16,13,1,2,0,5.67,18,47.2182,105.2649,12.4766,low
961,24,1,4.1667,160000000000.0,68.8152,270104332259.47,937862264.79,2577915101.26,2164408558.73,1512631337.88,1065283763.38,651777220.85,0.5868,0.6989,0.4132,0.3011,11,5,3,2,1,11.02,38,47.667,81.7549,54.515,medium
962,24,1,4.1667,120000000000.0,49.6932,179631812039.17,623721569.58,2881325027.17,2528129137.18,2118114570.35,763210456.82,410014566.83,0.7351,0.8378,0.2649,0.1622,16,7,6,2,1,18.76,28,40.7306,104.319,41.7787,medium
963,48,1,2.0833,120000000000.0,64.5278,197433400962.97,342766321.12,722282428.39,640651390.34,260642315.25,461640113.14,380009075.08,0.3609,0.4068,0.6391,0.5932,8,2,3,1,2,71.75,101,24.0416,102.3258,91.3271,high
964,30,1,3.3333,220000000000.0,95.0021,429004612300.1,1191679478.61,1577936532.74,1334128376.02,1180435805.81,397500726.93,153692570.21,0.7481,0.8848,0.2519,0.1152,8,6,1,1,0,6.3,16,35.1381,112.4696,26.4068,low
965,60,1,1.6667,120000000000.0,74.5946,209513532555.86,290991017.44,884855491.44,842547801.46,819791804.14,65063687.3,22755997.32,0.9265,0.973,0.0735,0.027,13,11,1,1,0,1.16,5,33.4929,78.9491,9.0,low
966,30,2,6.6667,90000000000.0,49.9102,134919197160.54,749551095.34,1521378633.11,1283562217.41,1135219667.08,386158966.02,148342550.33,0.7462,0.8844,0.2538,0.1156,7,5,1,1,0,9.28,13,57.3506,127.4612,25.6399,low
967,60,2,3.3333,70000000000.0,67.0996,116969736797.44,324915935.55,1058058961.61,1011179148.87,1017661640.9,40397320.71,0.0,0.9618,1.0,0.0382,0.0,14,13,0,1,0,1.33,1,43.9356,71.4831,9.0,low
968,48,3,6.25,70000000000.0,63.9073,114735093174.49,597578610.28,1639277761.29,1308157052.88,870044861.42,769232899.87,438112191.46,0.5307,0.6651,0.4693,0.3349,13,3,4,3,3,36.07,101,33.4196,22.848,70.0656,high
969,20,2,10.0,160000000000.0,62.8669,260587037007.49,2171558641.73,6976286499.6,6719148065.77,3843884577.14,3132401922.46,2875263488.63,0.551,0.5721,0.449,0.4279,16,7,5,1,3,17.36,64,54.9351,100.2455,59.9226,medium
970,36,1,2.7778,220000000000.0,63.8551,360481286090.68,834447421.51,2003174943.55,1856543222.86,1790205634.66,212969308.89,66337588.2,0.8937,0.9643,0.1063,0.0357,11,9,1,1,0,5.7,9,51.2667,125.916,9.0,low
971,24,1,4.1667,90000000000.0,37.9202,124128192301.51,431000667.71,1599444069.18,1458427102.77,1243515110.93,355928958.25,214911991.84,0.7775,0.8526,0.2225,0.1474,14,7,5,1,1,13.79,33,38.7749,174.3795,42.2085,medium
972,16,1,6.25,70000000000.0,64.1368,114895740811.69,598415316.73,1756651686.04,1582231358.1,1472463138.07,284188547.96,109768220.02,0.8382,0.9306,0.1618,0.0694,11,6,4,1,0,19.97,28,50.3427,112.4894,34.5148,low
973,16,1,6.25,90000000000.0,18.0,106200000000.0,553125000.0,2247995268.05,1870654173.37,1156681794.91,1091313473.15,713972378.46,0.5145,0.6183,0.4855,0.3817,12,5,3,2,2,38.11,62,53.4279,15.0,64.5593,medium
974,20,1,5.0,90000000000.0,33.0489,119744006784.56,498933361.6,1752932265.12,1561155479.96,1468908569.06,284023696.06,92246910.9,0.838,0.9409,0.162,0.0591,10,8,1,1,0,4.66,13,42.3827,95.0948,9.0,low
975,12,1,8.3333,220000000000.0,38.6114,304945149778.28,2117674651.24,4016399333.89,2825319613.86,2488733158.51,1527666175.38,336586455.35,0.6196,0.8809,0.3804,0.1191,7,3,2,2,0,12.77,34,32.4875,171.2177,36.9125,medium
976,20,1,5.0,220000000000.0,42.6193,313762408283.64,1307343367.85,5565580863.14,4524041223.59,4020083703.18,1545497159.96,503957520.4,0.7223,0.8886,0.2777,0.1114,12,6,3,2,1,6.27,18,51.246,125.9318,39.7758,medium
977,20,1,5.0,220000000000.0,61.2876,354832720748.11,1478469669.78,4705652168.13,4596543502.48,2447040037.92,2258612130.2,2149503464.56,0.52,0.5324,0.48,0.4676,14,6,5,0,3,17.69,51,35.1756,117.5859,67.7003,high
978,36,1,2.7778,160000000000.0,61.0877,257740363915.67,596621212.77,1437701580.7,1021451673.24,647191144.8,790510435.89,374260528.43,0.4502,0.6336,0.5498,0.3664,11,4,3,3,1,26.73,35,51.41,68.4703,56.9121,medium
979,12,1,8.3333,160000000000.0,35.5327,216852391870.81,1505919387.99,3598804602.48,3211651295.37,2730891593.57,867913008.92,480759701.81,0.7588,0.8503,0.2412,0.1497,9,7,1,1,0,5.13,8,46.736,86.7302,25.9572,low
980,30,1,3.3333,160000000000.0,66.5011,266401767668.91,740004910.19,2422813850.83,1979638139.22,242496025.31,2180317825.53,1737142113.91,0.1001,0.1225,0.8999,0.8775,14,2,3,3,6,44.24,84,43.5239,27.1273,100.0,high
981,20,3,15.0,120000000000.0,64.1354,196962521292.14,2462031516.15,8832814053.76,7044706543.91,5682531221.87,3150282831.9,1362175322.04,0.6433,0.8066,0.3567,0.1934,16,4,6,3,3,20.95,51,30.3212,149.9095,66.9281,high
982,36,2,5.5556,120000000000.0,43.0496,171659498056.02,794719898.41,1337037690.2,1091838391.99,1018707951.42,318329738.78,73130440.56,0.7619,0.933,0.2381,0.067,6,4,1,1,0,8.39,12,39.613,176.265,12.2774,low
983,48,1,2.0833,120000000000.0,33.5307,160236819976.92,278188923.57,1415281677.58,1252557048.88,1249126356.74,166155320.83,3430692.14,0.8826,0.9973,0.1174,0.0027,16,14,0,2,0,1.56,2,46.1356,156.6838,9.0,low
984,12,1,8.3333,160000000000.0,47.4439,235910306573.81,1638266017.87,5022196573.9,4596246512.6,3401096579.55,1621099994.35,1195149933.05,0.6772,0.74,0.3228,0.26,11,6,2,1,2,24.9,30,48.5877,99.3082,55.7754,medium
985,12,1,8.3333,120000000000.0,105.0,246000000000.0,1708333333.33,4600317401.77,4166431421.28,3947683810.53,652633591.24,218747610.75,0.8581,0.9475,0.1419,0.0525,14,12,1,1,0,4.03,6,36.1929,119.7592,9.0,low
986,16,1,6.25,160000000000.0,54.3214,246914284616.87,1286011899.05,3985308867.52,3433146365.25,2646298092.39,1339010775.13,786848272.87,0.664,0.7708,0.336,0.2292,12,5,3,2,2,24.68,51,41.7475,67.0745,49.9791,medium
987,16,1,6.25,90000000000.0,79.2354,161311869746.78,840165988.26,2918782333.37,2817620340.21,1888605329.71,1030177003.66,929015010.5,0.6471,0.6703,0.3529,0.3297,16,8,4,1,3,25.57,41,47.8773,55.0125,60.6342,medium
988,12,1,8.3333,70000000000.0,44.8494,101394600128.71,704129167.56,1233130105.06,1062242147.01,984671416.84,248458688.22,77570730.17,0.7985,0.927,0.2015,0.073,7,5,1,1,0,4.36,17,37.3504,163.8428,19.3545,low
989,16,1,6.25,220000000000.0,75.7764,386708018365.71,2014104262.32,5221230846.56,4838257993.93,4363228400.34,858002446.22,475029593.59,0.8357,0.9018,0.1643,0.0982,14,10,3,1,0,6.7,9,58.4984,75.392,24.1218,low
990,20,1,5.0,70000000000.0,54.2412,107968869207.42,449870288.36,1731265378.71,1512889287.53,1231341523.7,499923855.02,281547763.84,0.7112,0.8139,0.2888,0.1861,14,7,4,2,1,10.45,33,40.9225,51.4058,34.9667,low
991,30,1,3.3333,90000000000.0,93.4169,174075183671.28,483542176.86,1411905809.15,1174016429.93,1165647119.49,246258689.66,8369310.43,0.8256,0.9929,0.1744,0.0071,13,10,1,2,0,9.74,16,57.1625,76.2469,19.1176,low
992,30,1,3.3333,160000000000.0,18.0,188800000000.0,524444444.44,2107949547.45,1704631798.64,1530371654.13,577577893.32,174260144.51,0.726,0.8978,0.274,0.1022,12,9,1,2,0,8.32,17,42.9683,63.8637,22.8028,low
993,24,1,4.1667,160000000000.0,18.0,188800000000.0,655555555.56,3618013534.48,3122111120.23,2895162259.03,722851275.45,226948861.2,0.8002,0.9273,0.1998,0.0727,16,7,7,2,0,17.63,35,58.0855,111.2282,27.5628,low
994,20,1,5.0,120000000000.0,68.964,202756850070.28,844820208.63,2321099103.23,1916716810.6,1848532430.54,472566672.69,68184380.07,0.7964,0.9644,0.2036,0.0356,14,11,1,2,0,7.5,16,41.799,185.0,9.0,low
995,20,1,5.0,70000000000.0,45.244,101670785177.75,423628271.57,1614905288.88,1345843457.88,1213878242.97,401027045.91,131965214.91,0.7517,0.9019,0.2483,0.0981,15,7,5,2,1,19.01,34,49.0898,74.4969,30.2581,low
996,16,1,6.25,90000000000.0,79.3832,161444880511.55,840858752.66,1343005591.53,1319765879.37,1309470260.62,33535330.91,10295618.75,0.975,0.9922,0.025,0.0078,8,7,1,0,0,4.04,7,62.1418,65.3987,10.0151,low
997,30,1,3.3333,160000000000.0,18.1511,189041696635.71,525115823.99,1732318067.57,1616846519.82,1311317501.06,421000566.51,305529018.76,0.757,0.811,0.243,0.189,10,4,4,1,1,13.91,40,54.4636,68.5825,47.9969,medium
998,24,1,4.1667,70000000000.0,93.8538,135697645185.69,471172379.12,575881947.6,580876164.24,562714594.25,13167353.35,18161569.99,0.9771,0.9687,0.0229,0.0313,7,6,1,0,0,1.36,9,39.1837,98.4949,9.0,low
999,20,1,5.0,70000000000.0,65.2087,115646066105.73,481858608.77,882787044.39,731526935.28,720559047.06,162227997.33,10967888.22,0.8162,0.985,0.1838,0.015,7,6,0,1,0,0.16,3,47.4268,115.7661,9.0,low
1000,16,1,6.25,120000000000.0,70.6796,204815522915.84,1066747515.19,1975144769.37,1789577286.18,1653640704.72,321504064.65,135936581.46,0.8372,0.924,0.1628,0.076,9,7,1,1,0,10.96,14,43.7385,72.9212,13.8434,low
1001,16,1,6.25,70000000000.0,70.5775,119404240239.15,621897084.58,1175309164.94,1203955172.74,1136755732.95,38553432.0,67199439.79,0.9672,0.9442,0.0328,0.0558,7,6,1,0,0,5.81,8,41.9148,71.7619,9.0,low
1002,30,1,3.3333,220000000000.0,36.7786,300912870396.77,835869084.44,2170029734.87,1999355623.15,1742065839.23,427963895.64,257289783.92,0.8028,0.8713,0.1972,0.1287,9,7,1,1,0,9.97,12,44.3706,93.1586,20.7777,low
1003,30,1,3.3333,300000000000.0,56.7296,470188946302.81,1306080406.4,4322743523.28,3648806091.51,3341966084.49,980777438.8,306840007.02,0.7731,0.9159,0.2269,0.0841,13,10,1,2,0,3.69,6,42.7406,108.1067,14.8338,low
1004,48,2,4.1667,90000000000.0,57.3215,141589328193.52,491629611.78,907945296.74,654553534.77,575710950.05,332234346.68,78842584.72,0.6341,0.8795,0.3659,0.1205,7,3,2,2,0,7.67,34,52.3007,67.2646,36.8563,medium
1005,30,3,10.0,70000000000.0,73.8368,121685731514.78,1014047762.62,1928606590.97,1591498874.37,1219215595.86,709390995.11,372283278.51,0.6322,0.7661,0.3678,0.2339,10,5,2,2,1,19.47,33,50.7308,133.7432,49.6709,medium
1006,16,1,6.25,160000000000.0,31.0206,209632884780.62,1091837941.57,2163977808.39,1804438784.34,1863599477.08,300378331.31,0.0,0.8612,1.0,0.1388,0.0,7,6,0,1,0,0.8,1,31.4306,92.24,9.0,low
1007,12,1,8.3333,120000000000.0,56.0932,187311804264.41,1300776418.5,4961077934.58,4256092623.09,3531685095.05,1429392839.54,724407528.05,0.7119,0.8298,0.2881,0.1702,16,7,6,2,1,20.0,26,42.5583,93.0268,42.7173,medium
1008,16,1,6.25,70000000000.0,48.1223,103685641327.21,540029381.91,1393359857.41,1213554947.62,877773531.72,515586325.69,335781415.9,0.63,0.7233,0.37,0.2767,9,4,3,1,1,20.65,36,51.4762,80.8694,47.12,medium
1009,30,1,3.3333,70000000000.0,63.2738,114291653298.61,317476814.72,575858974.52,523607047.27,470018470.2,105840504.32,53588577.07,0.8162,0.8977,0.1838,0.1023,9,6,2,1,0,3.99,9,41.6894,59.2855,21.6511,low
1010,16,2,12.5,70000000000.0,58.9646,111275238297.08,1159117065.59,3028609659.02,2587065647.68,2428764533.0,599845126.02,158301114.68,0.8019,0.9388,0.1981,0.0612,9,6,2,1,0,4.67,18,60.974,15.0,16.9012,low
1011,12,1,8.3333,160000000000.0,42.1657,227465158513.75,1579619156.35,4218153691.26,3802668349.93,3469950182.48,748203508.77,332718167.45,0.8226,0.9125,0.1774,0.0875,9,7,1,1,0,10.66,16,30.7473,89.9128,13.7142,low
1012,20,1,5.0,120000000000.0,43.3827,172059213575.85,716913389.9,1186703283.69,953337738.19,873666799.23,313036484.45,79670938.95,0.7362,0.9164,0.2638,0.0836,6,3,2,1,0,14.75,28,48.318,59.6818,28.3467,low
1013,30,1,3.3333,160000000000.0,44.8739,231798253290.38,643884036.92,1766695321.52,1785901345.75,1721344539.82,45350781.7,64556805.93,0.9743,0.9639,0.0257,0.0361,8,7,1,0,0,0.13,8,38.7109,102.8446,9.0,low
1014,30,1,3.3333,120000000000.0,74.3111,209173266636.44,581036851.77,989517341.02,978379405.11,860038574.12,129478766.9,118340830.99,0.8691,0.879,0.1309,0.121,8,7,1,0,0,6.5,19,39.9982,25.5451,26.019,low
1015,24,1,4.1667,220000000000.0,54.3948,339668669461.21,1179405102.3,4170353198.23,3573191103.69,3200575199.3,969777998.93,372615904.39,0.7675,0.8957,0.2325,0.1043,13,6,4,2,1,19.79,24,55.1229,53.7905,39.221,medium
1016,12,1,8.3333,160000000000.0,18.8882,190221140484.53,1320980142.25,5088464907.17,4938623881.75,4119333094.39,969131812.78,819290787.36,0.8095,0.8341,0.1905,0.1659,10,6,3,0,1,6.72,22,40.5485,67.6298,33.8597,low
1017,16,1,6.25,90000000000.0,63.039,146735124260.07,764245438.85,2476706107.97,2436269257.12,2049880491.01,426825616.96,386388766.11,0.8277,0.8414,0.1723,0.1586,12,7,4,0,1,22.26,32,43.8923,65.434,37.4993,medium
1018,30,1,3.3333,90000000000.0,44.785,130306474002.22,361962427.78,1370671572.39,1234595305.41,1197996129.44,172675442.95,36599175.97,0.874,0.9704,0.126,0.0296,11,10,0,1,0,1.85,0,41.0542,87.6041,9.0,low
1019,36,1,2.7778,70000000000.0,79.4656,125625920319.37,290800741.48,1155153495.11,1042350335.41,975421633.52,179731861.59,66928701.89,0.8444,0.9358,0.1556,0.0642,16,12,3,1,0,9.86,13,43.4881,109.5592,24.4151,low
1020,24,1,4.1667,300000000000.0,45.2175,435652528040.49,1512682389.03,4256540233.14,3848781953.6,2844962753.72,1411577479.41,1003819199.87,0.6684,0.7392,0.3316,0.2608,9,4,2,1,2,29.96,31,54.8108,99.5927,51.3027,medium
1021,36,1,2.7778,160000000000.0,89.653,303444737782.15,702418374.5,2492216613.55,2206385338.68,2187963721.24,304252892.31,18421617.45,0.8779,0.9917,0.1221,0.0083,15,13,0,2,0,1.95,3,57.7823,124.6637,9.0,low
1022,60,1,1.6667,70000000000.0,84.8588,129401136755.2,179723801.05,198839579.76,129121087.68,105753081.98,93086497.78,23368005.7,0.5319,0.819,0.4681,0.181,6,3,1,2,0,20.69,31,46.7272,80.8783,41.0052,medium
1023,36,1,2.7778,120000000000.0,48.4484,178138072744.22,412356649.87,1927049960.24,1858254997.11,238745370.36,1688304589.89,1619509626.75,0.1239,0.1285,0.8761,0.8715,16,2,6,0,8,97.85,151,48.7414,124.996,100.0,high
1024,36,1,2.7778,120000000000.0,25.1509,150181125656.51,347641494.58,782330791.39,604088707.19,543542140.27,238788651.11,60546566.92,0.6948,0.8998,0.3052,0.1002,8,3,3,2,0,5.29,26,44.1527,80.7463,26.8242,low
1025,30,1,3.3333,120000000000.0,47.969,177562780491.95,493229945.81,822151501.64,709955179.68,727728493.71,94423007.93,0.0,0.8852,1.0,0.1148,0.0,6,5,0,1,0,1.12,2,34.4837,106.2009,9.0,low
1026,16,1,6.25,160000000000.0,73.8918,278226955134.72,1449098724.66,4438708482.48,3672359098.4,3196360632.64,1242347849.84,475998465.75,0.7201,0.8704,0.2799,0.1296,13,6,5,2,0,5.19,12,46.7056,162.0888,36.8186,medium
1027,24,1,4.1667,120000000000.0,78.8509,214621032977.03,745211920.06,1155952634.92,935653233.91,940396901.85,215555733.07,0.0,0.8135,1.0,0.1865,0.0,6,5,0,1,0,0.41,0,42.0563,134.6724,11.0825,low
1028,20,1,5.0,220000000000.0,18.0,259600000000.0,1081666666.67,3511026788.61,3174553916.79,2682039148.67,828987639.95,492514768.12,0.7639,0.8449,0.2361,0.1551,10,7,2,1,0,9.05,14,55.6629,77.6478,25.0575,low
1029,24,1,4.1667,70000000000.0,23.9346,86754208975.63,301229892.28,626380005.45,528998204.39,417270937.15,209109068.3,111727267.24,0.6662,0.7888,0.3338,0.2112,6,3,2,1,0,14.13,21,35.4765,33.0907,39.9174,medium
1030,60,1,1.6667,70000000000.0,60.4939,112345749944.06,156035763.81,471847942.19,485532379.93,103233555.33,368614386.86,382298824.6,0.2188,0.2126,0.7812,0.7874,10,1,4,0,5,50.03,179,46.1323,25.3329,100.0,high
1031,24,1,4.1667,70000000000.0,22.6114,85827958344.36,298013744.25,673462239.3,489980888.01,119950959.03,553511280.26,370029928.98,0.1781,0.2448,0.8219,0.7552,7,0,3,2,2,76.12,170,41.5519,126.9989,100.0,high
1032,12,2,16.6667,90000000000.0,55.2471,139722383132.32,1940588654.62,6589254637.37,5436459622.98,4694167776.96,1895086860.4,742291846.02,0.7124,0.8635,0.2876,0.1365,14,8,4,2,0,21.06,33,39.9948,64.8775,39.203,medium
1033,24,1,4.1667,120000000000.0,41.7019,170042238257.89,590424438.4,2500048912.81,2202241366.97,565229910.42,1934819002.39,1637011456.55,0.2261,0.2567,0.7739,0.7433,16,0,6,2,8,98.84,109,38.8625,55.6426,100.0,high
1034,48,1,2.0833,90000000000.0,47.1254,132412898340.86,229883504.06,1007113020.14,924374846.43,821148355.27,185964664.87,103226491.16,0.8153,0.8883,0.1847,0.1117,14,11,2,1,0,10.43,15,42.3379,104.8242,32.8051,low
1035,16,1,6.25,90000000000.0,32.0059,118805352809.0,618777879.21,2633138671.58,2481093660.11,2395602976.14,237535695.44,85490683.97,0.9098,0.9655,0.0902,0.0345,16,12,3,1,0,11.94,15,30.3844,140.6781,23.3581,low
1036,24,3,12.5,220000000000.0,71.6499,377629690328.35,3933642607.59,14721396920.67,13370058556.61,13317581728.61,1403815192.06,52476828.0,0.9046,0.9961,0.0954,0.0039,13,11,1,1,0,5.9,8,49.71,15.9812,9.0,low
1037,60,1,1.6667,90000000000.0,91.5057,172355110062.72,239382097.31,844424822.16,736716815.99,716892685.97,127532136.2,19824130.02,0.849,0.9731,0.151,0.0269,15,13,0,2,0,1.53,3,53.4062,114.3353,13.8431,low
1038,24,1,4.1667,120000000000.0,52.7829,183339462771.88,636595356.85,1703855145.27,1285589458.51,1067613008.64,636242136.63,217976449.87,0.6266,0.8304,0.3734,0.1696,8,4,2,2,0,21.67,30,51.1328,94.8892,50.2942,medium
1039,36,1,2.7778,90000000000.0,39.7155,125743920660.5,291073890.42,1162865598.81,1041956050.65,1038289920.06,124575678.75,3666130.6,0.8929,0.9965,0.1071,0.0035,12,10,1,1,0,4.28,8,52.821,96.7852,9.0,low
1040,24,1,4.1667,160000000000.0,59.5282,255245163632.88,886267929.28,1369494158.62,1099092604.92,1015500593.75,353993564.86,83592011.17,0.7415,0.9239,0.2585,0.0761,6,3,2,1,0,8.34,32,41.8592,141.6814,22.047,low
1041,24,1,4.1667,90000000000.0,46.4908,131841677489.69,457783602.39,1713944375.06,1579449036.9,1540531725.69,173412649.37,38917311.21,0.8988,0.9754,0.1012,0.0246,15,13,1,1,0,1.14,9,42.3241,164.8387,11.6042,low
1042,36,1,2.7778,120000000000.0,63.4914,196189704656.52,454142834.85,973433871.51,939763190.13,652301412.71,321132458.8,287461777.42,0.6701,0.6941,0.3299,0.3059,10,5,3,0,2,19.17,31,34.3122,107.4199,61.8674,medium
1043,24,1,4.1667,300000000000.0,31.9713,395913935713.55,1374701165.67,5621119675.5,5231600600.73,5198965393.48,422154282.02,32635207.26,0.9249,0.9938,0.0751,0.0062,12,11,0,1,0,1.85,1,49.9824,69.9132,11.8607,low
1044,30,2,6.6667,90000000000.0,60.8585,144772638474.92,804292435.97,2245119870.9,1623962862.85,900688127.35,1344431743.55,723274735.5,0.4012,0.5546,0.5988,0.4454,12,2,4,3,3,21.88,75,44.76,67.4292,84.0991,high
1045,30,1,3.3333,90000000000.0,46.8161,132134454396.52,367040151.1,1615217552.86,1525933986.85,1509496930.84,105720622.02,16437056.01,0.9345,0.9892,0.0655,0.0108,16,14,1,1,0,1.15,7,46.7156,145.7531,9.0,low
1046,24,1,4.1667,70000000000.0,68.2267,117758678835.29,408884301.51,1031184747.18,880489164.52,778689105.3,252495641.89,101800059.23,0.7551,0.8844,0.2449,0.1156,12,6,3,2,1,12.88,21,39.7358,109.6499,40.0679,medium
1047,30,1,3.3333,160000000000.0,63.1794,261087058254.28,725241828.48,2362256515.35,1806521814.79,1115739777.17,1246516738.18,690782037.62,0.4723,0.6176,0.5277,0.3824,14,4,4,3,3,35.99,50,55.9282,82.691,66.1526,high
1048,36,3,8.3333,90000000000.0,35.4101,121869050600.06,846312851.39,1687504984.51,1454692818.11,1224422630.39,463082354.12,230270187.72,0.7256,0.8417,0.2744,0.1583,7,5,1,1,0,9.04,16,33.8611,87.4116,17.149,low
1049,20,1,5.0,160000000000.0,34.3347,214935542282.18,895564759.51,1637164840.79,1357968417.44,1162529283.68,474635557.11,195439133.76,0.7101,0.8561,0.2899,0.1439,6,4,1,1,0,7.46,12,48.6981,79.7852,24.8838,low
1050,36,1,2.7778,120000000000.0,87.6817,225218001674.24,521337966.84,1116924611.03,987596178.19,935373431.75,181551179.28,52222746.44,0.8375,0.9471,0.1625,0.0529,10,7,2,1,0,5.3,18,51.7072,150.3116,18.1295,low
1051,48,3,6.25,120000000000.0,67.4094,200891266374.29,1046308679.03,1810283483.2,1593565064.33,1435970295.72,374313187.48,157594768.6,0.7932,0.9011,0.2068,0.0989,8,6,1,1,0,11.19,18,51.0223,76.8504,16.5727,low
1052,20,1,5.0,300000000000.0,83.325,549975001705.68,2291562507.11,3350820593.83,3291329902.46,3134010019.04,216810574.78,157319883.42,0.9353,0.9522,0.0647,0.0478,7,6,1,0,0,0.11,9,31.4638,30.597,9.0,low
1053,30,1,3.3333,120000000000.0,62.8336,195400321133.68,542778669.82,1518135369.43,1263162677.51,1289134390.55,229000978.87,0.0,0.8492,1.0,0.1508,0.0,12,9,1,2,0,5.42,10,40.5935,94.8079,9.0,low
1054,30,1,3.3333,220000000000.0,81.3542,398979265777.83,1108275738.27,4526857442.02,3682033994.81,2736191246.14,1790666195.89,945842748.67,0.6044,0.7431,0.3956,0.2569,15,4,6,3,2,34.89,38,60.5227,25.2015,61.489,medium
1055,30,1,3.3333,220000000000.0,43.2404,315128816950.16,875357824.86,1719280606.95,1566790711.47,1309155900.24,410124706.71,257634811.23,0.7615,0.8356,0.2385,0.1644,9,6,2,1,0,15.0,30,32.9903,185.0,34.7251,low
1056,12,2,16.6667,160000000000.0,48.5427,237668316986.74,3300948847.04,11417997992.61,8472331344.63,6136678779.28,5281319213.32,2335652565.35,0.5375,0.7243,0.4625,0.2757,12,3,4,3,2,31.72,47,48.4191,97.2691,56.6055,medium
1057,36,1,2.7778,90000000000.0,18.0,106200000000.0,245833333.33,997349375.9,932368919.1,549447650.78,447901725.12,382921268.32,0.5509,0.5893,0.4491,0.4107,13,6,3,1,3,16.82,63,34.5082,92.6551,63.2778,medium
1058,24,2,8.3333,90000000000.0,35.241,121716910820.81,845256325.14,3793795491.24,3004074233.28,1537177532.01,2256617959.24,1466896701.27,0.4052,0.5117,0.5948,0.4883,14,2,4,3,5,38.61,115,38.4698,15.8541,74.5302,high
1059,20,1,5.0,90000000000.0,25.0018,112501639482.54,468756831.18,2412302638.5,2219868008.55,2110648192.34,301654446.16,109219816.21,0.875,0.9508,0.125,0.0492,15,13,1,1,0,4.39,9,47.1087,67.8885,11.6947,low
1060,48,1,2.0833,120000000000.0,81.6753,218010397256.23,378490273.01,817274655.07,703248681.43,428071046.89,389203608.18,275177634.54,0.5238,0.6087,0.4762,0.3913,12,6,2,2,2,40.84,60,46.6565,92.1326,62.2215,medium
1061,20,1,5.0,120000000000.0,58.701,190441165634.6,793504856.81,3315574532.78,2770379098.77,2332636661.41,982937871.37,437742437.36,0.7035,0.842,0.2965,0.158,14,9,2,2,1,10.93,16,41.4042,88.6849,25.0825,low
1062,12,1,8.3333,120000000000.0,18.0,141600000000.0,983333333.33,2530821783.03,1858265087.15,1148979645.44,1381842137.59,709285441.71,0.454,0.6183,0.546,0.3817,8,2,2,2,2,26.54,93,58.5612,83.2979,74.1589,high
1063,36,1,2.7778,90000000000.0,67.1936,150474266308.85,348320060.9,668912991.81,644999184.37,540797161.94,128115829.87,104202022.42,0.8085,0.8384,0.1915,0.1616,7,4,3,0,0,14.91,22,23.1344,85.8348,29.2211,low
1064,24,1,4.1667,300000000000.0,76.0081,528024294200.07,1833417688.19,8294886180.87,7058502343.75,6698581820.84,1596304360.03,359920522.91,0.8076,0.949,0.1924,0.051,16,12,1,2,1,11.89,18,35.0153,97.6968,21.553,low
1065,12,1,8.3333,160000000000.0,62.7754,260440694572.82,1808615934.53,7717324618.97,6102455918.22,3192951730.85,4524372888.12,2909504187.37,0.4137,0.5232,0.5863,0.4768,14,2,3,3,6,43.0,71,44.8907,70.6274,86.4892,high
1066,30,1,3.3333,220000000000.0,86.3179,409899458833.1,1138609607.87,1842679080.75,1623734491.28,1551962964.8,290716115.94,71771526.47,0.8422,0.9558,0.1578,0.0442,8,6,1,1,0,4.25,8,63.8883,69.0131,15.6675,low
1067,20,1,5.0,120000000000.0,80.2501,216300134158.57,901250558.99,1272549681.93,1024821485.86,726927344.51,545622337.42,297894141.35,0.5712,0.7093,0.4288,0.2907,6,3,1,1,1,12.6,16,33.2996,50.8234,52.765,medium
1068,20,1,5.0,160000000000.0,76.5592,282494746662.54,1177061444.43,3079611729.63,2605457333.03,2499835620.91,579776108.72,105621712.12,0.8117,0.9595,0.1883,0.0405,12,8,2,2,0,5.82,11,43.9279,59.3653,20.3657,low
1069,24,1,4.1667,90000000000.0,49.5025,134552282780.5,467195426.32,1034032465.59,908831608.72,893760675.73,140271789.86,15070932.99,0.8643,0.9834,0.1357,0.0166,9,8,0,1,0,1.94,1,54.0501,124.5125,9.0,low
1070,24,1,4.1667,160000000000.0,29.5134,207221377719.03,719518672.64,3169921106.23,2869319158.03,2702016519.35,467904586.88,167302638.68,0.8524,0.9417,0.1476,0.0583,13,10,2,1,0,3.52,19,48.7305,59.8041,11.3328,low
1071,20,1,5.0,90000000000.0,66.1987,149578811848.36,623245049.37,2226413592.41,2117319443.13,1717344726.61,509068865.8,399974716.52,0.7714,0.8111,0.2286,0.1889,14,8,4,1,1,12.01,25,51.9104,83.6796,36.9631,medium
1072,16,1,6.25,160000000000.0,29.0077,206412368317.24,1075064418.32,3402115908.33,2948817812.66,2392304830.47,1009811077.86,556512982.19,0.7032,0.8113,0.2968,0.1887,13,7,4,2,0,19.4,31,33.9007,99.5109,35.5834,medium
1073,36,2,5.5556,160000000000.0,47.9918,236786807755.27,1096235221.09,3537458095.87,3138413577.18,2225236518.62,1312221577.24,913177058.55,0.629,0.709,0.371,0.291,14,6,4,2,2,28.11,61,42.1133,128.0449,52.4266,medium
1074,24,1,4.1667,70000000000.0,49.2714,104489973477.7,362812407.91,901067644.12,787963765.08,674278809.41,226788834.71,113684955.67,0.7483,0.8557,0.2517,0.1443,10,6,3,1,0,17.7,23,37.9534,105.0375,35.5313,medium
1075,24,1,4.1667,120000000000.0,30.2036,156244317363.5,542514990.85,1731229040.02,1554420877.0,1520403334.8,210825705.21,34017542.19,0.8782,0.9781,0.1218,0.0219,11,9,1,1,0,3.44,7,34.2477,91.0703,9.0,low
1076,16,1,6.25,120000000000.0,54.1365,184963806772.35,963353160.27,2841234173.19,2570948721.92,2481655852.12,359578321.06,89292869.8,0.8734,0.9653,0.1266,0.0347,9,7,1,1,0,5.53,9,42.0549,66.8486,13.5992,low
1077,48,1,2.0833,160000000000.0,63.4962,261593919856.17,454156110.86,989235118.05,786942223.62,804825817.16,184409300.89,0.0,0.8136,1.0,0.1864,0.0,10,8,0,2,0,1.58,2,58.235,150.9916,9.0,low
1078,12,1,8.3333,120000000000.0,65.5973,198716729595.1,1379977288.85,5699969926.59,5136737970.85,5118698254.96,581271671.63,18039715.9,0.898,0.9965,0.102,0.0035,16,14,1,1,0,2.68,7,33.7386,122.6971,10.4934,low
1079,16,1,6.25,120000000000.0,41.8915,170269795741.47,886821852.82,2709177384.88,2223809648.94,2097835485.61,611341899.27,125974163.33,0.7743,0.9434,0.2257,0.0566,11,6,3,2,0,18.97,26,46.5938,116.1106,32.9134,low
1080,36,1,2.7778,90000000000.0,70.6682,153601402600.4,355558802.32,1270252555.11,1115693194.21,809534269.88,460718285.23,306158924.33,0.6373,0.7256,0.3627,0.2744,15,7,5,2,1,17.91,23,47.7035,34.7263,50.5044,medium
1081,24,1,4.1667,220000000000.0,23.8232,272411067757.11,945871763.05,3012941757.38,2282526540.3,1316368353.2,1696573404.18,966158187.1,0.4369,0.5767,0.5631,0.4233,12,4,4,3,1,24.82,49,50.5779,85.9142,59.0377,medium
1082,24,1,4.1667,120000000000.0,68.0952,201714234468.92,700396647.46,2408452352.44,1903628299.79,1367400650.5,1041051701.94,536227649.29,0.5678,0.7183,0.4322,0.2817,15,5,4,3,3,33.73,56,39.2633,29.1335,59.2948,medium
1083,36,1,2.7778,220000000000.0,75.8776,386930746110.98,895673023.41,1825071325.91,1785269711.21,1409034890.86,416036435.05,376234820.35,0.772,0.7893,0.228,0.2107,8,5,3,0,0,11.96,15,34.9871,66.078,40.0585,medium
1084,16,1,6.25,120000000000.0,20.488,144585583010.75,753049911.51,3895210415.11,3340662400.73,1186084285.64,2709126129.47,2154578115.09,0.3045,0.355,0.6955,0.645,12,3,3,2,4,27.05,74,45.5186,106.178,82.1649,high
1085,24,1,4.1667,70000000000.0,66.2602,116382137304.55,404104643.42,1216077958.87,1149263249.84,1050613938.37,165464020.51,98649311.47,0.8639,0.9142,0.1361,0.0858,15,12,2,1,0,8.15,15,38.0756,120.6945,13.0452,low
1086,36,1,2.7778,160000000000.0,44.2262,230761984472.93,534171260.35,921482216.07,783792019.2,778419536.87,143062679.2,5372482.33,0.8447,0.9931,0.1553,0.0069,7,6,0,1,0,1.93,0,62.7645,19.863,9.0,low
1087,24,1,4.1667,120000000000.0,43.1663,171799533766.1,596526158.91,3021932854.89,2556917476.5,2342174127.59,679758727.3,214743348.91,0.7751,0.916,0.2249,0.084,15,8,5,2,0,12.13,16,54.457,54.4664,30.7929,low
1088,48,2,4.1667,220000000000.0,77.0911,389600317252.24,1352778879.35,5279456099.7,4174206944.51,3161993462.68,2117462637.02,1012213481.83,0.5989,0.7575,0.4011,0.2425,16,7,5,3,1,28.18,32,45.0083,70.4682,57.4529,medium
1089,24,1,4.1667,160000000000.0,18.8713,190194062995.19,660396052.07,1485650190.93,1136643572.08,1010060595.54,475589595.39,126582976.54,0.6799,0.8886,0.3201,0.1114,8,4,2,2,0,6.65,24,54.9456,66.8438,36.8181,medium
1090,20,1,5.0,220000000000.0,55.2758,341606839133.64,1423361829.72,5070976143.35,4491449915.14,4385849893.5,685126249.85,105600021.65,0.8649,0.9765,0.1351,0.0235,16,14,0,2,0,0.42,1,51.0665,40.8457,9.0,low
1091,16,1,6.25,120000000000.0,80.3369,216404300051.51,1127105729.43,2902436990.26,2454227914.78,2294783031.75,607653958.5,159444883.02,0.7906,0.935,0.2094,0.065,11,7,1,2,1,7.56,19,61.2344,116.6119,22.6964,low
1092,24,2,8.3333,120000000000.0,43.8894,172667227603.2,1199077969.47,4569809545.99,4044012509.73,3605542801.25,964266744.74,438469708.48,0.789,0.8916,0.211,0.1084,16,10,4,2,0,5.58,24,44.8201,105.5803,24.6325,low
1093,36,1,2.7778,300000000000.0,72.0701,516210356699.91,1194931381.25,4707706236.0,4274756184.89,4136736416.26,570969819.74,138019768.62,0.8787,0.9677,0.1213,0.0323,14,12,1,1,0,4.9,8,41.445,82.073,11.81,low
1094,30,1,3.3333,220000000000.0,32.7964,292152087981.79,811533577.73,3063094002.14,2629868664.5,1947973068.17,1115120933.96,681895596.33,0.6359,0.7407,0.3641,0.2593,14,7,4,2,1,14.54,31,39.3111,47.5558,47.0686,medium
1095,16,1,6.25,160000000000.0,51.6298,242607695050.85,1263581745.06,2881562751.17,2496916295.88,2419532130.92,462030620.25,77384164.95,0.8397,0.969,0.1603,0.031,10,8,1,1,0,10.89,17,33.6563,166.8651,9.0,low
1096,20,1,5.0,120000000000.0,42.9893,171587114776.75,714946311.57,1275464015.22,1233089282.19,905147155.45,370316859.77,327942126.74,0.7097,0.734,0.2903,0.266,6,3,2,0,1,27.15,51,39.5243,71.1583,51.981,medium
1097,36,1,2.7778,90000000000.0,66.4711,149823949000.81,346814696.76,1043650861.49,859925950.02,708824372.73,334826488.76,151101577.29,0.6792,0.8243,0.3208,0.1757,13,6,4,2,1,22.42,29,47.6958,87.6968,42.3739,medium
1098,20,1,5.0,300000000000.0,51.5595,454678520140.82,1894493833.92,7571320146.59,6987213774.49,6840245207.47,731074939.13,146968567.03,0.9034,0.979,0.0966,0.021,15,13,1,1,0,4.34,9,49.185,107.1505,9.0,low
1099,36,1,2.7778,300000000000.0,52.2108,456632401082.19,1057019446.95,2448795540.9,1674609113.85,1039288722.97,1409506817.93,635320390.88,0.4244,0.6206,0.5756,0.3794,10,3,3,3,1,22.22,33,53.722,49.1148,63.4005,medium
1100,12,1,8.3333,120000000000.0,26.7966,152155979483.74,1056638746.41,4911780680.12,4278572399.14,4052116184.46,859664495.66,226456214.68,0.825,0.9471,0.175,0.0529,15,12,1,2,0,3.89,17,54.6573,15.0,9.0,low
1101,24,1,4.1667,120000000000.0,63.9342,196721025081.14,683059114.87,2834110160.36,2471486633.19,1791599280.73,1042510879.63,679887352.46,0.6322,0.7249,0.3678,0.2751,13,7,3,2,1,14.13,19,35.7738,46.6506,48.6335,medium
1102,48,1,2.0833,90000000000.0,50.4501,135405095808.2,235078291.33,823060938.52,844714904.69,73255871.0,749805067.52,771459033.69,0.089,0.0867,0.911,0.9133,13,2,5,0,6,60.61,69,51.5603,91.8412,100.0,high
1103,24,1,4.1667,90000000000.0,52.3856,137146996509.92,476204848.99,1127105580.66,1025874761.08,286269683.89,840835896.76,739605077.19,0.254,0.279,0.746,0.721,9,1,3,1,4,67.95,110,38.3781,60.4161,100.0,high
1104,36,1,2.7778,120000000000.0,77.1727,212607264646.7,492146445.94,1594428768.24,1362679652.83,1225428119.98,369000648.26,137251532.85,0.7686,0.8993,0.2314,0.1007,15,7,5,2,1,18.28,22,55.3532,83.6992,37.7347,medium
1105,20,1,5.0,220000000000.0,66.8245,367013866210.98,1529224442.55,5677733176.31,5177944772.81,5054732685.06,623000491.25,123212087.76,0.8903,0.9762,0.1097,0.0238,13,11,1,1,0,0.28,5,60.0256,95.2264,10.5743,low
1106,36,1,2.7778,120000000000.0,47.0155,176418604524.2,408376399.36,1421471448.95,1326816843.95,937677062.31,483794386.64,389139781.64,0.6597,0.7067,0.3403,0.2933,15,6,6,1,2,12.78,31,76.6199,110.2073,56.8692,medium
1107,30,1,3.3333,70000000000.0,42.4788,99735174160.64,277042150.45,635495681.55,483460884.66,411702068.48,223793613.07,71758816.18,0.6478,0.8516,0.3522,0.1484,9,6,1,2,0,10.26,14,39.8254,119.9409,28.7734,low
1108,24,1,4.1667,90000000000.0,60.2607,144234588804.44,500814544.46,1767617691.62,1369850585.15,733745612.3,1033872079.33,636104972.85,0.4151,0.5356,0.5849,0.4644,13,4,4,3,2,35.74,44,50.5535,86.4295,63.3598,medium
1109,20,2,10.0,220000000000.0,93.5532,425816946228.17,3548474551.9,4728179088.81,3938207639.09,3637251211.56,1090927877.25,300956427.54,0.7693,0.9236,0.2307,0.0764,6,4,1,1,0,9.44,12,40.7335,89.351,22.5706,low
1110,20,1,5.0,120000000000.0,19.1754,143010438835.1,595876828.48,2419385195.62,1942323502.98,1787904396.74,631480798.88,154419106.25,0.739,0.9205,0.261,0.0795,12,9,1,2,0,2.45,16,67.3487,89.4191,12.4824,low
1111,24,1,4.1667,120000000000.0,56.0785,187294190336.37,650327049.78,1105858685.19,935350570.57,965243356.2,140615328.99,0.0,0.8728,1.0,0.1272,0.0,7,6,0,1,0,1.08,1,45.4261,29.7977,9.0,low
1112,30,1,3.3333,300000000000.0,63.5722,490716672052.07,1363101866.81,4927564887.56,4333845455.17,3901749698.2,1025815189.36,432095756.97,0.7918,0.9003,0.2082,0.0997,14,11,1,2,0,11.92,19,31.2489,109.4045,14.7533,low
1113,48,1,2.0833,120000000000.0,60.2845,192341400277.46,333926042.15,1192222922.27,1041057105.77,896577214.57,295645707.7,144479891.2,0.752,0.8612,0.248,0.1388,16,8,5,2,1,20.89,28,38.53,30.4319,36.2463,medium
1114,20,1,5.0,300000000000.0,63.3643,490092934810.28,2042053895.04,7086199108.52,5927438486.32,5359206142.16,1726992966.36,568232344.15,0.7563,0.9041,0.2437,0.0959,15,10,3,2,0,10.8,16,48.9966,110.7858,32.2332,low
1115,20,1,5.0,120000000000.0,60.2988,192358562011.16,801494008.38,972677020.89,826740548.48,778986194.81,193690826.08,47754353.68,0.8009,0.9422,0.1991,0.0578,6,4,1,1,0,6.02,8,44.5019,149.8101,18.4526,low
1116,12,1,8.3333,70000000000.0,66.8881,116821682605.63,811261684.76,3523257927.85,3048085774.06,2609050825.23,914207102.63,439034948.84,0.7405,0.856,0.2595,0.144,16,7,6,2,1,9.29,21,59.5802,100.586,37.4461,medium
1117,16,1,6.25,120000000000.0,59.3477,191217290239.29,995923386.66,3795881578.62,3655987277.36,2203286327.18,1592595251.44,1452700950.18,0.5804,0.6027,0.4196,0.3973,14,4,5,1,4,37.27,70,58.008,107.7357,83.4118,high
1118,24,1,4.1667,220000000000.0,46.2568,321765030728.05,1117239690.03,6201975791.33,6015871559.35,930208069.8,5271767721.53,5085663489.55,0.15,0.1546,0.85,0.8454,16,3,4,1,8,52.75,123,53.7707,179.3316,100.0,high
1119,24,2,8.3333,70000000000.0,52.1753,106522690334.79,739740905.1,2789724343.79,2286484402.47,2289298378.74,500425965.05,0.0,0.8206,1.0,0.1794,0.0,12,10,0,2,0,0.8,3,47.7464,87.9643,9.0,low
1120,60,1,1.6667,90000000000.0,18.0,106200000000.0,147500000.0,559044513.69,466950119.19,423679866.12,135364647.57,43270253.06,0.7579,0.9073,0.2421,0.0927,11,8,1,2,0,3.68,12,48.0341,62.9293,9.2594,low
1121,12,1,8.3333,120000000000.0,36.4428,163731341558.11,1137023205.26,3040322648.75,2724097002.66,2204306634.01,836016014.73,519790368.65,0.725,0.8092,0.275,0.1908,10,5,4,1,0,19.69,35,59.1172,70.1674,38.0083,medium
1122,30,1,3.3333,90000000000.0,44.8713,130384132933.96,362178147.04,1906503662.86,1574008833.82,912140951.99,994362710.87,661867881.82,0.4784,0.5795,0.5216,0.4205,16,4,6,3,3,33.03,37,38.0839,40.6953,68.7269,high
1123,24,1,4.1667,220000000000.0,21.025,266255058554.3,924496731.09,2756272475.5,1655996333.01,596208734.86,2160063740.64,1059787598.15,0.2163,0.36,0.7837,0.64,8,1,2,3,2,62.09,102,31.189,129.9084,92.6484,high
1124,12,1,8.3333,160000000000.0,61.7896,258863354703.42,1797662185.44,5660610142.97,5776957672.58,4903097623.37,757512519.59,873860049.21,0.8662,0.8487,0.1338,0.1513,15,10,4,0,1,17.06,27,57.7379,85.9381,36.1782,medium
1125,24,1,4.1667,70000000000.0,58.4773,110934080242.33,385187778.62,846786326.6,683986961.46,553155167.35,293631159.24,130831794.11,0.6532,0.8087,0.3468,0.1913,10,6,2,2,0,18.98,22,50.0622,80.7074,40.9606,medium
1126,48,2,4.1667,160000000000.0,21.5405,194464872526.41,675225251.83,1891995997.26,1928877505.06,1882536017.28,9459979.99,46341487.79,0.995,0.976,0.005,0.024,11,10,1,0,0,0.37,3,52.0887,106.5797,9.0,low
1127,12,1,8.3333,160000000000.0,18.0,188800000000.0,1311111111.11,3869268095.76,3107175502.92,2631645283.3,1237622812.47,475530219.62,0.6801,0.847,0.3199,0.153,10,4,3,2,1,15.74,35,45.8245,97.6477,42.3697,medium
1128,30,1,3.3333,120000000000.0,48.2487,177898439920.85,494162333.11,1364019452.14,1163446487.31,1065982466.63,298036985.5,97464020.68,0.7815,0.9162,0.2185,0.0838,12,7,3,2,0,19.54,24,39.4362,108.6898,33.6149,low
1129,24,1,4.1667,220000000000.0,41.5466,311402564561.66,1081258904.73,2665836751.8,2341621625.86,990260275.93,1675576475.87,1351361349.93,0.3715,0.4229,0.6285,0.5771,9,2,3,1,3,35.43,61,42.4645,15.0,87.2847,high
1130,36,1,2.7778,220000000000.0,52.8545,336279848533.65,778425575.31,1678821725.49,1281426127.45,1053719835.02,625101890.48,227706292.44,0.6277,0.8223,0.3723,0.1777,9,3,2,2,2,21.05,36,51.2255,52.9079,53.883,medium
1131,12,1,8.3333,70000000000.0,37.974,96581806721.04,670706991.12,2106992116.16,1718155829.39,1454153865.95,652838250.21,264001963.44,0.6902,0.8463,0.3098,0.1537,11,7,2,2,0,6.1,18,43.6115,29.5678,21.7392,low
1132,30,1,3.3333,160000000000.0,67.4434,267909483418.79,744193009.5,1435110097.21,1237117799.77,407497767.55,1027612329.65,829620032.22,0.2839,0.3294,0.7161,0.6706,7,0,2,1,4,116.27,127,33.4477,114.0614,100.0,high
1133,36,1,2.7778,90000000000.0,38.4811,124632953243.72,288502206.58,1365721672.19,1387056336.55,1182929160.86,182792511.32,204127175.69,0.8662,0.8528,0.1338,0.1472,13,8,4,0,1,20.34,27,44.1216,54.2046,36.7429,medium
1134,20,1,5.0,90000000000.0,36.9939,123294494326.31,513727059.69,1560496910.27,1456429597.72,1411428013.61,149068896.65,45001584.1,0.9045,0.9691,0.0955,0.0309,12,11,0,1,0,1.55,3,32.9413,104.7582,9.0,low
1135,24,2,8.3333,220000000000.0,31.2207,288685546987.97,2004760742.97,6077561242.98,5604490997.52,4391693331.22,1685867911.76,1212797666.3,0.7226,0.7836,0.2774,0.2164,10,6,2,1,1,22.12,28,60.1241,70.7913,39.7551,medium
1136,20,1,5.0,70000000000.0,57.4532,110217237767.28,459238490.7,981730056.6,997679613.26,958402769.87,23327286.73,39276843.39,0.9762,0.9606,0.0238,0.0394,7,6,1,0,0,3.28,6,32.4045,59.2255,9.0,low
1137,36,1,2.7778,160000000000.0,65.2214,264354231196.08,611931090.73,2422071361.41,2048003111.34,2006596968.17,415474393.24,41406143.16,0.8285,0.9798,0.1715,0.0202,16,11,3,2,0,8.95,18,52.1437,147.1838,21.9458,low
1138,24,2,8.3333,120000000000.0,18.0,141600000000.0,983333333.33,2248718133.11,1669419989.16,1622544384.41,626173748.7,46875604.75,0.7215,0.9719,0.2785,0.0281,8,5,1,2,0,9.16,13,46.6845,75.4844,9.0257,low
1139,30,1,3.3333,160000000000.0,22.4345,195895275331.14,544153542.59,2773828629.83,2398877887.24,2176138626.14,597690003.69,222739261.09,0.7845,0.9071,0.2155,0.0929,15,9,4,2,0,14.35,19,41.2924,133.9794,34.5058,low
1140,16,1,6.25,220000000000.0,23.1155,270854197903.25,1410698947.41,5792710918.58,5133206004.67,3796127801.02,1996583117.56,1337078203.65,0.6553,0.7395,0.3447,0.2605,11,7,3,1,0,17.93,27,50.3602,103.6861,52.4354,medium
1141,48,2,4.1667,160000000000.0,42.6138,228182061165.12,792298823.49,2143599658.96,2006977199.96,1814898572.75,328701086.21,192078627.21,0.8467,0.9043,0.1533,0.0957,11,7,3,1,0,16.05,34,57.599,98.1483,33.9249,low
1142,24,1,4.1667,220000000000.0,72.6505,379831039617.87,1318857776.45,2744185509.87,2496563319.7,2403972044.44,340213465.42,92591275.26,0.876,0.9629,0.124,0.0371,11,10,0,1,0,1.87,1,53.0587,89.4799,13.6254,low
1143,24,1,4.1667,220000000000.0,60.0033,352007347047.72,1222247732.8,3680728871.62,3092712093.2,2711536132.97,969192738.65,381175960.23,0.7367,0.8768,0.2633,0.1232,15,10,3,2,0,2.99,17,41.3019,77.5313,21.2593,low
1144,30,1,3.3333,160000000000.0,62.7553,260408463085.75,723356841.9,1595372411.68,1384240377.21,882210920.52,713161491.16,502029456.69,0.553,0.6373,0.447,0.3627,9,4,2,1,2,23.81,33,27.7412,118.9946,70.8939,high
1145,20,1,5.0,90000000000.0,48.4079,133567137748.07,556529740.62,2434495851.89,2203554588.93,2076945318.94,357550532.95,126609269.99,0.8531,0.9425,0.1469,0.0575,16,13,2,1,0,2.79,8,58.2254,48.5354,9.0,low
1146,36,1,2.7778,300000000000.0,42.1758,426527281717.55,987331670.64,1626977541.18,1318693276.91,1285097338.98,341880202.2,33595937.93,0.7899,0.9745,0.2101,0.0255,6,5,0,1,0,1.29,3,55.4052,61.1882,14.114,low
1147,20,1,5.0,120000000000.0,49.8222,179786693066.0,749111221.11,2637012791.78,2280689510.8,2249497819.32,387514972.47,31191691.49,0.853,0.9863,0.147,0.0137,13,9,2,2,0,4.37,11,44.4777,141.2458,15.8592,low
1148,12,1,8.3333,70000000000.0,26.9022,88831564586.37,616885865.18,2278655298.94,1681154240.09,1298421755.01,980233543.93,382732485.08,0.5698,0.7723,0.4302,0.2277,11,5,2,3,1,33.8,45,57.1714,158.4627,57.3641,medium
1149,16,1,6.25,160000000000.0,54.2367,246778796886.78,1285306233.79,4058726177.5,3644625113.68,3367183736.67,691542440.83,277441377.01,0.8296,0.9239,0.1704,0.0761,14,11,2,1,0,3.55,12,42.5642,130.9904,15.477,low
1150,20,1,5.0,300000000000.0,49.3177,447953232252.12,1866471801.05,3994219190.12,3508373827.04,3053651999.42,940567190.7,454721827.61,0.7645,0.8704,0.2355,0.1296,7,5,1,1,0,3.88,14,73.9888,174.0267,26.7594,low
1151,20,1,5.0,90000000000.0,57.8383,142054470850.72,591893628.54,787821648.96,796681965.04,370906814.85,416914834.12,425775150.19,0.4708,0.4656,0.5292,0.5344,6,2,2,0,2,32.21,78,46.4675,87.1185,81.9788,high
1152,30,1,3.3333,120000000000.0,90.7493,228899105112.93,635830847.54,1714595370.34,1610961204.42,1352114921.64,362480448.7,258846282.78,0.7886,0.8393,0.2114,0.1607,14,11,2,1,0,4.28,7,33.3332,117.1221,32.8942,low
1153,12,1,8.3333,90000000000.0,51.4912,136342113002.98,946820229.19,2099986771.54,1899215938.97,1786586123.33,313400648.21,112629815.64,0.8508,0.9407,0.1492,0.0593,10,8,1,1,0,9.62,12,51.9706,70.0681,9.0,low
1154,24,2,8.3333,220000000000.0,62.7427,358034012949.33,2486347312.15,6241167621.62,5181088792.6,4680055822.98,1561111798.64,501032969.62,0.7499,0.9033,0.2501,0.0967,13,5,6,2,0,22.0,25,68.9258,110.945,41.0567,medium
1155,24,1,4.1667,90000000000.0,44.344,129909594376.47,451074980.47,2054691524.86,1717501643.89,1458267341.1,596424183.76,259234302.8,0.7097,0.8491,0.2903,0.1509,14,10,2,2,0,7.04,10,44.7286,76.9763,22.4037,low
1156,48,1,2.0833,120000000000.0,45.4715,174565786732.16,303065601.97,1390891367.86,1314709795.42,1255836804.66,135054563.2,58872990.76,0.9029,0.9552,0.0971,0.0448,13,11,1,1,0,5.42,8,45.3416,44.1616,9.0,low
1157,12,1,8.3333,70000000000.0,78.6435,125050450420.9,868405905.7,2108578528.31,1664502151.01,400380517.93,1708198010.38,1264121633.08,0.1899,0.2405,0.8101,0.7595,10,0,2,2,6,66.12,87,45.0321,45.1724,100.0,high
1158,16,2,12.5,120000000000.0,95.589,234706769401.61,2444862181.27,8253822377.81,7260475018.33,6179941914.99,2073880462.82,1080533103.34,0.7487,0.8512,0.2513,0.1488,16,8,6,2,0,17.76,34,46.8645,47.0094,44.3524,medium
1159,36,3,8.3333,160000000000.0,27.9537,204725976859.12,1421708172.63,4814794201.28,4241098558.3,3460097160.75,1354697040.53,781001397.55,0.7186,0.8158,0.2814,0.1842,9,5,3,1,0,19.38,22,36.0291,78.617,36.2252,medium
1160,16,1,6.25,220000000000.0,52.8335,336233593751.4,1751216634.12,7697800485.96,7381988922.06,6746203261.2,951597224.75,635785660.86,0.8764,0.9139,0.1236,0.0861,16,12,3,1,0,8.62,19,44.5609,34.9455,22.9407,low
1161,16,1,6.25,160000000000.0,54.0544,246487008111.33,1283786500.58,3947214369.23,3513141121.44,2744395429.24,1202818939.99,768745692.2,0.6953,0.7812,0.3047,0.2188,11,6,3,1,1,7.79,34,49.4324,88.3945,37.9702,medium
1162,60,2,3.3333,70000000000.0,19.1549,83408433435.13,231690092.88,806863729.12,733273897.04,258294240.31,548569488.81,474979656.73,0.3201,0.3522,0.6799,0.6478,8,3,2,1,2,64.54,69,47.9211,94.9515,90.653,high
1163,30,1,3.3333,220000000000.0,58.5038,348708300596.36,968634168.32,1721058903.52,1253184802.53,1210476158.76,510582744.77,42708643.77,0.7033,0.9659,0.2967,0.0341,7,4,1,2,0,4.53,10,58.4006,71.5895,9.0,low
1164,30,3,10.0,160000000000.0,18.0,188800000000.0,1573333333.33,7771216843.61,6998162555.15,5756929508.47,2014287335.14,1241233046.68,0.7408,0.8226,0.2592,0.1774,15,8,5,1,1,15.91,34,47.5777,113.055,38.9468,medium
1165,20,1,5.0,160000000000.0,61.2971,258075394030.43,1075314141.79,1356073692.85,1109774406.74,1113257587.91,242816104.94,0.0,0.8209,1.0,0.1791,0.0,6,4,1,1,0,5.76,17,70.4645,94.6151,13.9435,low
1166,20,2,10.0,120000000000.0,60.5102,192612243288.39,1605102027.4,3874755258.81,3511803475.05,2158988221.07,1715767037.73,1352815253.98,0.5572,0.6148,0.4428,0.3852,8,4,2,1,1,12.31,36,67.0313,40.3321,56.7802,medium
1167,24,1,4.1667,220000000000.0,63.1966,359032434198.54,1246640396.52,2715249700.64,2212173375.56,2072734642.08,642515058.56,139438733.48,0.7634,0.937,0.2366,0.063,10,5,3,2,0,12.53,27,48.6342,23.3058,30.15,low
1168,30,1,3.3333,160000000000.0,70.7824,273251814353.15,759032817.65,1970385128.05,1874791545.13,1852008676.71,118376451.34,22782868.42,0.9399,0.9878,0.0601,0.0122,12,9,2,1,0,8.67,16,32.5543,38.3543,10.3144,low
1169,36,1,2.7778,160000000000.0,86.8609,298977362330.19,692077227.62,1413769222.9,1067221888.91,676787410.78,736981812.12,390434478.13,0.4787,0.6342,0.5213,0.3658,11,5,2,3,1,13.21,63,45.8863,30.2297,66.1219,high
1170,16,1,6.25,160000000000.0,60.2265,256362350002.68,1335220572.93,5988200716.16,5828152921.12,4657664582.11,1330536134.05,1170488339.01,0.7778,0.7992,0.2222,0.2008,16,9,5,1,1,21.03,32,62.4782,101.9864,37.533,medium
1171,30,1,3.3333,120000000000.0,22.7009,147241022970.14,409002841.58,927337773.75,944484591.28,345974258.68,581363515.07,598510332.59,0.3731,0.3663,0.6269,0.6337,6,2,2,0,2,40.29,114,39.321,50.8037,90.9533,high
1172,24,1,4.1667,70000000000.0,99.3449,139541451288.3,484518928.08,1292383544.2,1175853403.68,1049154961.33,243228582.87,126698442.35,0.8118,0.8922,0.1882,0.1078,14,8,5,1,0,5.41,9,44.6443,185.0,47.555,medium
1173,36,1,2.7778,160000000000.0,51.9708,243153236267.16,562854713.58,2071219529.44,1897891620.69,631671960.91,1439547568.53,1266219659.77,0.305,0.3328,0.695,0.6672,11,2,4,1,4,67.67,70,53.818,78.8488,96.7657,high
1174,12,1,8.3333,120000000000.0,34.0531,160863762133.45,1117109459.26,4364346634.43,4113832723.99,3900737682.46,463608951.97,213095041.53,0.8938,0.9482,0.1062,0.0518,16,12,3,1,0,6.5,13,64.7197,101.6572,25.6893,low
1175,20,2,10.0,70000000000.0,52.61,106827015062.13,890225125.52,3377804819.09,3198236539.2,3112519507.51,265285311.58,85717031.69,0.9215,0.9732,0.0785,0.0268,15,14,0,1,0,1.14,0,39.1268,139.9034,15.1078,low
1176,36,1,2.7778,120000000000.0,24.6071,149528483811.52,346130749.56,1291131655.41,1189528923.85,506376923.9,784754731.51,683151999.95,0.3922,0.4257,0.6078,0.5743,10,2,4,1,3,30.88,79,41.9724,107.2974,74.71,high
1177,24,2,8.3333,90000000000.0,56.1683,140551504077.86,976052111.65,3946417486.74,3912744799.47,3063996223.81,882421262.93,848748575.66,0.7764,0.7831,0.2236,0.2169,15,8,6,0,1,15.9,21,39.1713,116.5631,34.8231,low
1178,30,1,3.3333,160000000000.0,45.9956,233592989773.27,648869416.04,2974583050.74,2711886034.12,2087610427.49,886972623.25,624275606.62,0.7018,0.7698,0.2982,0.2302,15,9,4,1,1,14.39,34,36.8037,113.2036,37.6165,medium
1179,16,1,6.25,160000000000.0,53.4228,245476410204.7,1278522969.82,2528732388.6,2480595802.2,1431944503.29,1096787885.3,1048651298.9,0.5663,0.5773,0.4337,0.4227,6,3,2,0,1,14.5,63,28.7161,142.596,65.1995,high
1180,36,1,2.7778,120000000000.0,38.733,166479612999.52,385369474.54,1298771306.59,1163641506.41,994042245.44,304729061.15,169599260.97,0.7654,0.8543,0.2346,0.1457,12,9,2,1,0,7.66,14,50.0439,75.9114,17.4796,low
1181,30,1,3.3333,70000000000.0,37.2765,96093522857.82,266926452.38,1189626715.67,1027019585.3,926030990.24,263595725.44,100988595.07,0.7784,0.9017,0.2216,0.0983,16,12,1,2,1,6.58,9,40.856,158.575,21.5694,low
1182,20,1,5.0,120000000000.0,18.4966,142195885106.96,592482854.61,1542133042.78,1371850372.96,482254043.15,1059878999.63,889596329.8,0.3127,0.3515,0.6873,0.6485,8,3,2,1,2,61.65,72,48.7122,57.6785,88.1364,high
1183,60,1,1.6667,160000000000.0,69.4113,271058038370.04,376469497.74,667195559.04,537855536.6,502886767.44,164308791.6,34968769.16,0.7537,0.935,0.2463,0.065,6,5,0,1,0,0.56,2,20.0,158.1935,11.9883,low
1184,36,1,2.7778,120000000000.0,37.9789,165574642412.72,383274635.21,1585392706.22,1484225245.45,1449132942.13,136259764.09,35092303.32,0.9141,0.9764,0.0859,0.0236,12,9,2,1,0,9.37,12,51.3997,24.6576,12.2537,low
1185,20,1,5.0,120000000000.0,72.4139,206896652162.81,862069384.01,2205866165.45,1561232990.24,885757495.08,1320108670.36,675475495.16,0.4015,0.5673,0.5985,0.4327,10,2,3,3,2,58.51,80,38.7871,111.9433,86.9948,high
1186,36,2,5.5556,300000000000.0,38.2466,414739948433.93,1920092353.86,6817237963.81,5744128333.8,3242160682.31,3575077281.49,2501967651.48,0.4756,0.5644,0.5244,0.4356,15,7,5,2,1,35.58,42,62.9259,106.0,60.8404,medium
1187,36,1,2.7778,70000000000.0,52.2171,106551988379.1,246648121.25,590822387.23,528696905.16,251052903.36,339769483.88,277644001.8,0.4249,0.4749,0.5751,0.5251,9,2,3,1,3,47.82,60,44.0748,111.276,86.5662,high
1188,24,1,4.1667,300000000000.0,60.1142,480342736530.39,1667856724.06,4447531352.66,3468551118.24,2978057186.07,1469474166.59,490493932.17,0.6696,0.8586,0.3304,0.1414,9,4,3,2,0,6.08,13,47.4131,66.0644,32.073,low
1189,36,1,2.7778,120000000000.0,65.0622,198074649644.55,458506133.44,1066535175.36,1041229910.74,539187735.53,527347439.83,502042175.2,0.5056,0.5178,0.4944,0.4822,9,2,4,0,3,40.55,49,50.8439,137.0578,86.7342,high
1190,20,1,5.0,220000000000.0,25.7074,276556354671.84,1152318144.47,5199606622.48,4718056999.26,4544700923.5,654905698.98,173356075.76,0.874,0.9633,0.126,0.0367,15,13,1,1,0,0.8,3,20.0,79.0678,9.0,low
1191,16,1,6.25,120000000000.0,56.619,187942768780.34,978868587.4,3628154259.77,3539252874.18,734924404.64,2893229855.12,2804328469.54,0.2026,0.2076,0.7974,0.7924,12,2,4,0,6,70.6,102,61.3645,83.5815,100.0,high
1192,30,2,6.6667,120000000000.0,79.7598,215711710979.82,1198398394.33,3202895887.16,2788807536.99,2453169402.08,749726485.08,335638134.91,0.7659,0.8796,0.2341,0.1204,15,7,5,2,1,18.99,29,37.2642,124.4454,43.6764,medium
1193,30,1,3.3333,160000000000.0,47.5681,236108943179.66,655858175.5,2664097316.14,2324405674.13,1689312097.45,974785218.69,635093576.68,0.6341,0.7268,0.3659,0.2732,16,7,4,2,3,24.99,36,47.0326,89.5281,61.9244,medium
1194,16,1,6.25,90000000000.0,69.4636,152517242180.97,794360636.36,1424165668.35,1096550165.12,953219827.02,470945841.33,143330338.1,0.6693,0.8693,0.3307,0.1307,9,6,1,2,0,11.15,14,33.7263,139.8206,27.4325,low
1195,16,1,6.25,120000000000.0,24.1175,148940946347.16,775734095.56,2401782734.0,2205463015.68,1896293295.09,505489438.91,309169720.59,0.7895,0.8598,0.2105,0.1402,9,7,1,1,0,8.64,18,47.9141,58.1784,21.1456,low
1196,36,1,2.7778,70000000000.0,52.1351,106494541073.15,246515141.37,1109715099.99,1147477583.36,958027269.89,151687830.11,189450313.47,0.8633,0.8349,0.1367,0.1651,15,12,2,0,1,3.65,14,30.9823,124.9902,26.1336,low
1197,20,2,10.0,120000000000.0,39.3153,167178393787.22,1393153281.56,3633220382.5,2890131582.31,2314034426.56,1319185955.95,576097155.75,0.6369,0.8007,0.3631,0.1993,10,4,2,2,2,37.96,48,36.5227,97.5984,55.1143,medium
1198,12,2,16.6667,160000000000.0,32.3737,211797896287.06,2941637448.43,14734623111.0,13698737393.95,6125367962.09,8609255148.91,7573369431.86,0.4157,0.4471,0.5843,0.5529,16,5,5,1,5,35.82,96,49.9881,109.3034,87.0353,high
1199,48,1,2.0833,90000000000.0,29.7015,116731386403.75,202658656.95,559242904.27,507161439.09,269277679.64,289965224.63,237883759.45,0.4815,0.531,0.5185,0.469,8,2,3,1,2,28.71,92,49.4426,79.1645,84.8175,high
1200,30,1,3.3333,300000000000.0,53.0176,459052940958.07,1275147058.22,2223605485.88,1919122269.26,1723780117.7,499825368.19,195342151.57,0.7752,0.8982,0.2248,0.1018,7,5,1,1,0,9.6,13,46.2622,113.3078,19.4016,low
1201,36,1,2.7778,220000000000.0,45.5208,320145663937.65,741077925.78,2286567232.81,1921266876.37,1674936364.44,611630868.38,246330511.93,0.7325,0.8718,0.2675,0.1282,13,10,1,2,0,7.9,18,54.324,120.1415,24.835,low
1202,30,1,3.3333,90000000000.0,55.7859,140207323108.38,389464786.41,846408831.06,766058342.66,761362835.91,85045995.15,4695506.75,0.8995,0.9939,0.1005,0.0061,9,7,1,1,0,4.38,9,35.2003,89.9054,12.7466,low
1203,36,1,2.7778,70000000000.0,81.0924,126764705930.36,293436819.28,317779493.9,272084287.43,241780787.55,75998706.35,30303499.87,0.7608,0.8886,0.2392,0.1114,6,4,1,1,0,5.07,12,38.6226,58.4822,30.6345,low
1204,48,1,2.0833,90000000000.0,54.062,138655809084.5,240721890.77,787753830.62,629722389.71,540491165.28,247262665.34,89231224.42,0.6861,0.8583,0.3139,0.1417,11,7,2,2,0,2.58,16,38.9464,107.8422,24.0459,low
1205,16,1,6.25,90000000000.0,58.0459,142241302664.76,740840118.05,1716812656.41,1477928392.26,1413117596.48,303695059.94,64810795.79,0.8231,0.9561,0.1769,0.0439,7,6,0,1,0,0.36,3,53.6999,97.7187,9.0,low
1206,16,1,6.25,90000000000.0,64.7465,148271836037.46,772249146.03,1534488939.16,1547787930.95,1446654028.8,87834910.37,101133902.16,0.9428,0.9347,0.0572,0.0653,7,6,1,0,0,3.16,8,41.7328,95.6572,12.2468,low
1207,48,1,2.0833,120000000000.0,43.2201,171864165543.46,298375287.4,1091028080.94,907285439.43,808742388.52,282285692.43,98543050.92,0.7413,0.8914,0.2587,0.1086,12,5,5,2,0,14.93,25,55.5119,152.6937,34.905,low
1208,20,1,5.0,220000000000.0,22.1781,268791752233.11,1119965634.3,6085693783.48,5259476061.31,3779718654.8,2305975128.67,1479757406.51,0.6211,0.7186,0.3789,0.2814,16,7,4,2,3,28.18,40,37.6623,117.9458,56.8617,medium
1209,30,1,3.3333,120000000000.0,29.782,155738397658.85,432606660.16,1085192818.77,935977819.4,890682061.23,194510757.55,45295758.17,0.8208,0.9516,0.1792,0.0484,9,8,0,1,0,0.66,3,52.1176,15.0,9.9037,low
1210,30,1,3.3333,220000000000.0,67.6801,368896248701.3,1024711801.95,2773231102.49,2319859902.84,1941165941.16,832065161.33,378693961.68,0.7,0.8368,0.3,0.1632,14,7,4,2,1,17.09,28,36.6213,79.4632,48.108,medium
1211,12,1,8.3333,120000000000.0,18.0,141600000000.0,983333333.33,4411082227.72,4035723854.54,2630093591.54,1780988636.18,1405630262.99,0.5962,0.6517,0.4038,0.3483,16,7,5,1,3,27.06,45,59.0614,49.4854,57.0565,medium
1212,24,1,4.1667,120000000000.0,51.5292,181835076471.0,631371793.3,2676572176.97,2170065722.83,1351020834.36,1325551342.61,819044888.47,0.5048,0.6226,0.4952,0.3774,16,8,3,3,2,39.2,60,48.785,80.5154,68.5424,high
1213,24,1,4.1667,120000000000.0,43.1318,171758104459.62,596382307.15,3197117926.96,3074093894.05,2600933558.02,596184368.93,473160336.03,0.8135,0.8461,0.1865,0.1539,16,12,3,1,0,7.4,10,48.2262,35.6041,28.6686,low
1214,60,1,1.6667,90000000000.0,58.8171,142935414184.09,198521408.59,524781526.44,424065859.79,411787028.86,112994497.58,12278830.93,0.7847,0.971,0.2153,0.029,10,7,1,2,0,9.31,11,39.1769,55.9608,12.3898,low
1215,16,2,12.5,300000000000.0,61.6738,485021346766.62,5052305695.49,21198389285.13,19780177701.05,19639392179.6,1558997105.53,140785521.45,0.9265,0.9929,0.0735,0.0071,16,13,2,1,0,1.77,5,62.6681,144.1175,9.0,low
1216,20,1,5.0,300000000000.0,56.9172,470751518506.2,1961464660.44,6359328063.07,5348356283.39,3951994468.83,2407333594.24,1396361814.56,0.6214,0.7389,0.3786,0.2611,14,6,4,2,2,12.22,54,36.9794,30.96,61.927,medium
1217,30,1,3.3333,70000000000.0,47.8902,103523173821.91,287564371.73,523379861.33,451282221.46,423161843.71,100218017.62,28120377.75,0.8085,0.9377,0.1915,0.0623,6,4,1,1,0,5.8,17,49.7478,125.3123,18.1517,low
1218,24,1,4.1667,90000000000.0,35.7335,122160158993.19,424167218.73,686511309.03,475762712.02,488760599.45,197750709.58,0.0,0.7119,1.0,0.2881,0.0,6,4,0,2,0,1.1,1,49.6097,73.6877,9.0,low
1219,20,1,5.0,160000000000.0,35.9694,217550975788.6,906462399.12,4121903138.1,3699890205.55,3136851030.24,985052107.86,563039175.31,0.761,0.8478,0.239,0.1522,15,12,1,2,0,4.11,16,49.7737,142.5318,29.9714,low
1220,24,2,8.3333,70000000000.0,83.0556,128138923101.33,889853632.65,2172307998.74,1949643452.1,1891012005.98,281295992.75,58631446.12,0.8705,0.9699,0.1295,0.0301,11,9,1,1,0,2.03,9,41.8628,104.6576,9.8466,low
1221,20,1,5.0,160000000000.0,29.3373,206939638505.54,862248493.77,4254116021.8,3737547324.94,3221921646.63,1032194375.17,515625678.3,0.7574,0.862,0.2426,0.138,15,12,1,2,0,10.31,13,52.7756,15.6959,26.0627,low
1222,16,1,6.25,160000000000.0,68.626,269801571168.14,1405216516.5,3124244549.71,2822997163.58,2213850863.74,910393685.96,609146299.84,0.7086,0.7842,0.2914,0.2158,8,4,2,1,1,14.09,20,50.4579,90.763,46.9522,medium
1223,16,1,6.25,90000000000.0,43.263,128936691488.5,671545268.17,2322948832.52,2360810097.64,2184372126.45,138576706.07,176437971.18,0.9403,0.9253,0.0597,0.0747,13,10,2,0,1,12.83,18,43.377,91.3426,22.6887,low
1224,30,1,3.3333,90000000000.0,36.3542,122718790145.17,340885528.18,1156035120.61,944685002.37,925756702.7,230278417.91,18928299.67,0.8008,0.98,0.1992,0.02,12,10,0,2,0,0.77,1,56.7019,122.0143,9.0,low
1225,16,1,6.25,70000000000.0,60.2204,112154308017.35,584137020.92,1610021252.5,1620671192.68,1574970914.91,35050337.58,45700277.77,0.9782,0.9718,0.0218,0.0282,11,9,2,0,0,3.07,15,56.8697,127.9043,14.2762,low
1226,24,1,4.1667,220000000000.0,50.2434,330535407885.75,1147692388.49,2775399206.52,2782796673.37,2594312756.53,181086450.0,188483916.84,0.9348,0.9323,0.0652,0.0677,10,9,1,0,0,4.9,9,48.9944,136.9878,9.7161,low
1227,24,2,8.3333,120000000000.0,67.7155,201258637775.42,1397629429.0,5472669456.42,4577916550.54,3891808696.08,1580860760.33,686107854.46,0.7111,0.8501,0.2889,0.1499,15,10,3,2,0,5.53,8,50.7685,78.2625,27.5724,low
1228,30,1,3.3333,120000000000.0,60.5138,192616531475.18,535045920.76,714430804.96,581371143.02,577587756.26,136843048.7,3783386.76,0.8085,0.9935,0.1915,0.0065,6,5,0,1,0,1.58,3,52.1662,62.1124,9.0,low
1229,24,1,4.1667,220000000000.0,35.4109,297904042237.02,1034389035.55,4686737642.68,3968571442.01,2980627539.85,1706110102.83,987943902.15,0.636,0.7511,0.364,0.2489,13,6,5,2,0,11.84,31,59.1372,75.6931,39.8091,medium
1230,20,2,10.0,70000000000.0,48.1936,103735554413.87,864462953.45,3134858119.25,2366866065.65,1389042968.2,1745815151.05,977823097.45,0.4431,0.5869,0.5569,0.4131,12,3,4,3,2,36.55,51,69.2454,93.7586,67.8466,high
1231,48,1,2.0833,120000000000.0,55.0879,186105518912.2,323099859.22,574536816.66,576893319.66,485818119.95,88718696.7,91075199.7,0.8456,0.8421,0.1544,0.1579,7,4,2,0,1,11.12,27,43.5648,105.2348,38.1987,medium
1232,48,1,2.0833,120000000000.0,29.7239,155668706720.36,270258171.39,1386511843.37,1221952977.56,1250382697.68,136129145.7,0.0,0.9018,1.0,0.0982,0.0,15,13,0,2,0,1.52,1,30.0846,92.0693,9.0,low
1233,24,1,4.1667,120000000000.0,51.609,181930762829.15,631704037.6,1976954868.99,1843845528.29,1155734948.41,821219920.58,688110579.88,0.5846,0.6268,0.4154,0.3732,14,5,5,1,3,40.02,59,37.789,128.457,63.759,medium
1234,20,1,5.0,70000000000.0,65.6522,115956514860.17,483152145.25,915905648.79,781206267.93,731316151.47,184589497.31,49890116.45,0.7985,0.9361,0.2015,0.0639,8,6,1,1,0,2.47,7,39.0448,104.7861,13.5229,low
1235,36,1,2.7778,120000000000.0,52.6714,183205701793.54,424087272.67,1037118901.92,917278896.76,555206238.49,481912663.43,362072658.28,0.5353,0.6053,0.4647,0.3947,8,4,2,1,1,27.01,39,53.0957,121.8715,68.1409,high
1236,24,1,4.1667,90000000000.0,63.5414,147187222893.51,511066746.16,1614454348.51,1562788944.3,895529263.91,718925084.6,667259680.39,0.5547,0.573,0.4453,0.427,15,7,5,1,2,35.52,42,49.0316,98.0081,61.3221,medium
1237,30,1,3.3333,160000000000.0,32.5514,212082177241.43,589117159.0,1699560389.57,1507689323.4,1463129613.02,236430776.55,44559710.38,0.8609,0.9704,0.1391,0.0296,10,8,1,1,0,2.18,6,44.37,46.0894,9.0,low
1238,24,2,8.3333,70000000000.0,33.294,93305814378.71,647957044.3,2183668733.28,1708853064.25,1003954410.23,1179714323.04,704898654.02,0.4598,0.5875,0.5402,0.4125,10,4,3,2,1,40.49,55,41.723,109.6846,67.5844,high
1239,30,1,3.3333,70000000000.0,46.2154,102350777268.93,284307714.64,943929057.4,829928185.06,731387844.63,212541212.77,98540340.44,0.7748,0.8813,0.2252,0.1187,10,7,2,1,0,2.97,12,33.2228,51.6908,18.9383,low
1240,60,1,1.6667,70000000000.0,61.3351,112934558631.15,156853553.65,569302176.59,537030764.48,489748598.61,79553577.98,47282165.88,0.8603,0.912,0.1397,0.088,15,12,2,1,0,11.15,16,43.7622,88.1797,11.9476,low
1241,16,1,6.25,160000000000.0,51.0888,241742150549.52,1259073700.78,2884148127.61,2530523192.59,1963764073.29,920384054.32,566759119.3,0.6809,0.776,0.3191,0.224,10,6,3,1,0,14.2,33,43.7716,42.1675,41.152,medium
1242,30,1,3.3333,220000000000.0,69.746,373441263522.56,1037336843.12,3789366643.25,3364328848.18,3055715008.41,733651634.84,308613839.77,0.8064,0.9083,0.1936,0.0917,15,10,3,2,0,8.03,10,49.0801,60.9868,27.0866,low
1243,36,1,2.7778,90000000000.0,57.4577,141711917269.79,328036845.53,729723222.97,754120029.77,440004669.42,289718553.55,314115360.35,0.603,0.5835,0.397,0.4165,8,3,3,0,2,51.32,72,34.4952,100.4549,78.8201,high
1244,36,1,2.7778,120000000000.0,27.8366,153403872349.57,355101556.36,1450162366.38,1374826687.32,1386995467.85,63166898.53,0.0,0.9564,1.0,0.0436,0.0,15,13,1,1,0,3.31,8,43.447,91.3698,9.0,low
1245,48,1,2.0833,90000000000.0,43.0958,128786209547.72,223587169.35,307486670.48,311725572.7,45404441.76,262082228.72,266321130.94,0.1477,0.1457,0.8523,0.8543,6,1,2,0,3,83.3,177,52.4096,90.868,100.0,high
1246,60,1,1.6667,160000000000.0,34.7897,215663526099.07,299532675.14,717241146.88,632635052.49,268341125.65,448900021.23,364293926.84,0.3741,0.4242,0.6259,0.5758,7,2,2,1,2,34.76,80,42.6069,75.8537,88.2646,high
1247,24,1,4.1667,70000000000.0,84.4138,129089689469.49,448228088.44,1578350327.36,1334571023.59,428867685.67,1149482641.69,905703337.93,0.2717,0.3214,0.7283,0.6786,16,0,5,2,9,59.22,100,36.219,137.4463,100.0,high
1248,24,2,8.3333,220000000000.0,64.6771,362289648897.92,2515900339.57,8699403486.01,7143414451.04,5878691487.86,2820711998.15,1264722963.18,0.6758,0.823,0.3242,0.177,13,9,1,2,1,9.04,17,49.3693,133.8285,35.4489,medium
1249,20,1,5.0,120000000000.0,50.6486,180778289533.36,753242873.06,2300922892.13,2122114206.79,873191833.47,1427731058.66,1248922373.31,0.3795,0.4115,0.6205,0.5885,12,4,4,1,3,63.86,92,28.8276,104.6536,78.608,high
1250,12,1,8.3333,120000000000.0,39.4309,167317034640.36,1161923851.67,3270311855.74,2840914544.51,2631146991.84,639164863.9,209767552.67,0.8046,0.9262,0.1954,0.0738,8,6,1,1,0,8.14,11,42.0053,53.112,15.9356,low
1251,16,1,6.25,70000000000.0,69.7846,118849216845.82,619006337.74,1188848274.51,801303901.17,537634557.45,651213717.06,263669343.72,0.4522,0.6709,0.5478,0.3291,9,2,2,3,2,72.09,86,25.3173,83.5333,78.294,high
1252,24,1,4.1667,160000000000.0,82.8911,292625720201.71,1016061528.48,2977786428.29,2472605461.32,1882114932.93,1095671495.36,590490528.38,0.6321,0.7612,0.3679,0.2388,13,7,4,2,0,13.46,21,50.5593,83.8691,38.38,medium
1253,24,1,4.1667,90000000000.0,46.8004,132120394920.14,458751371.25,1347403300.21,1225570461.58,1155643488.79,191759811.42,69926972.78,0.8577,0.9429,0.1423,0.0571,12,9,2,1,0,10.38,16,48.7613,46.2467,15.4058,low
1254,20,1,5.0,90000000000.0,33.5112,120160123956.37,500667183.15,1689226196.75,1592815618.01,1432738910.22,256487286.53,160076707.8,0.8482,0.8995,0.1518,0.1005,13,10,2,1,0,10.19,13,48.9922,132.7604,28.7288,low
1255,20,1,5.0,160000000000.0,67.4514,267922260473.47,1116342751.97,1939217793.55,1710728284.9,969226912.13,969990881.42,741501372.77,0.4998,0.5666,0.5002,0.4334,8,2,3,1,2,67.61,108,49.9716,64.0,83.5204,high
1256,36,1,2.7778,220000000000.0,76.775,388904898552.51,900242820.72,1921206500.98,1585768991.21,1474714326.51,446492174.48,111054664.7,0.7676,0.93,0.2324,0.07,11,8,1,2,0,11.14,16,38.4664,98.5591,9.0,low
1257,30,2,6.6667,160000000000.0,56.9135,251061599486.95,1394786663.82,1849654920.89,1522808703.03,1328955787.22,520699133.67,193852915.81,0.7185,0.8727,0.2815,0.1273,6,3,2,1,0,20.1,36,48.1837,119.9111,35.3587,medium
1258,24,1,4.1667,160000000000.0,72.9217,276674683275.46,960675983.6,1660531516.34,1656047155.21,1563056111.57,97475404.76,92991043.64,0.9413,0.9438,0.0587,0.0562,7,6,1,0,0,6.58,9,34.8997,109.99,16.1634,low
1259,36,1,2.7778,70000000000.0,72.0374,120426202030.63,278764356.55,1157175944.75,1002872795.45,836988106.7,320187838.05,165884688.76,0.7233,0.8346,0.2767,0.1654,16,12,2,2,0,8.04,17,38.9557,45.0677,29.7343,low
1260,24,1,4.1667,300000000000.0,67.8151,503445158423.95,1748073466.75,5221375720.38,4574887002.1,4406221252.69,815154467.68,168665749.41,0.8439,0.9631,0.1561,0.0369,11,10,0,1,0,0.99,1,54.0124,131.975,9.0,low
1261,48,1,2.0833,220000000000.0,56.8815,345139225663.29,599200044.55,1272082846.91,975902410.61,848497544.42,423585302.49,127404866.19,0.667,0.8694,0.333,0.1306,8,5,1,2,0,10.32,14,49.6704,61.4889,17.5478,low
1262,60,1,1.6667,160000000000.0,35.3703,216592419032.29,300822804.21,998960423.5,893423710.63,803731468.02,195228955.48,89692242.6,0.8046,0.8996,0.1954,0.1004,12,9,2,1,0,8.04,10,45.4635,97.3123,20.913,low
1263,36,1,2.7778,220000000000.0,73.8723,382518977075.83,885460595.08,2176549408.21,1644090126.62,1025944060.26,1150605347.95,618146066.36,0.4714,0.624,0.5286,0.376,12,3,5,3,1,30.6,53,58.0844,60.5532,64.5063,medium
1264,16,2,12.5,300000000000.0,65.6666,496999887870.72,5177082165.32,10496652064.54,10785012770.44,9464184081.07,1032467983.47,1320828689.38,0.9016,0.8775,0.0984,0.1225,7,6,1,0,0,5.57,15,34.762,116.5259,19.7974,low
1265,24,2,8.3333,70000000000.0,50.5394,105377548033.74,731788528.01,2048403673.71,1851145357.19,1793807947.5,254595726.2,57337409.68,0.8757,0.969,0.1243,0.031,12,9,2,1,0,9.08,17,47.6503,83.5147,13.8447,low
1266,12,1,8.3333,120000000000.0,55.3883,186465989433.55,1294902704.4,6313821538.77,5500806329.06,4719543221.52,1594278317.25,781263107.54,0.7475,0.858,0.2525,0.142,16,12,2,2,0,11.3,18,60.2012,107.3657,33.3586,low
1267,20,3,15.0,70000000000.0,77.1488,124004135491.42,1550051693.64,3694472408.38,3313566492.44,3096033665.94,598438742.44,217532826.49,0.838,0.9344,0.162,0.0656,11,8,2,1,0,6.91,19,38.6687,111.0506,13.3615,low
1268,30,1,3.3333,70000000000.0,42.6416,99849122839.75,277358674.55,1507217704.17,1468753496.88,1408937359.4,98280344.77,59816137.48,0.9348,0.9593,0.0652,0.0407,15,11,3,0,1,8.66,16,24.4516,151.8542,19.1669,low
1269,20,1,5.0,90000000000.0,33.1656,119849068355.24,499371118.15,2065733212.08,1801649045.71,1516996448.63,548736763.45,284652597.08,0.7344,0.842,0.2656,0.158,15,8,4,2,1,9.4,16,47.6308,88.7358,30.9188,low
1270,30,1,3.3333,220000000000.0,55.401,341882131071.62,949672586.31,3382387781.03,2924298820.03,2521438415.5,860949365.53,402860404.54,0.7455,0.8622,0.2545,0.1378,12,5,5,2,0,11.41,25,51.1692,102.3273,36.9999,medium
1271,24,1,4.1667,90000000000.0,64.1706,147753534945.73,513033107.45,1434622726.35,1232512830.38,1071005059.22,363617667.13,161507771.16,0.7465,0.869,0.2535,0.131,13,8,2,2,1,11.98,16,58.8633,36.4214,25.6554,low
1272,60,2,3.3333,120000000000.0,43.6581,172389697915.97,478860271.99,1282432201.26,1202596211.82,398541077.16,883891124.1,804055134.66,0.3108,0.3314,0.6892,0.6686,12,4,4,1,3,62.51,96,48.2483,71.807,92.3577,high
1273,36,1,2.7778,70000000000.0,64.7042,115292913710.67,266881744.7,712147669.99,647817178.45,505679571.06,206468098.93,142137607.39,0.7101,0.7806,0.2899,0.2194,14,7,5,1,1,7.95,25,60.5742,27.171,35.1207,medium
1274,48,1,2.0833,70000000000.0,72.9418,121059294517.54,210172386.32,400022066.7,349176415.04,293825241.78,106196824.92,55351173.25,0.7345,0.8415,0.2655,0.1585,8,6,1,1,0,2.7,14,43.3576,125.5407,21.6744,low
1275,36,1,2.7778,120000000000.0,43.5197,172223626226.04,398665801.45,1828373892.56,1473340399.79,874277269.94,954096622.62,599063129.84,0.4782,0.5934,0.5218,0.4066,15,5,6,3,1,18.24,35,44.6345,40.2443,58.4316,medium
1276,24,1,4.1667,120000000000.0,65.0807,198096875513.63,687836373.31,1800184278.97,1856111472.75,1467356651.21,332827627.75,388754821.54,0.8151,0.7906,0.1849,0.2094,12,7,4,0,1,14.23,31,47.5186,43.7584,38.1515,medium
1277,36,2,5.5556,160000000000.0,60.8172,257307483737.7,1191238350.64,3306413839.05,2796628947.41,2662316421.08,644097417.97,134312526.34,0.8052,0.952,0.1948,0.048,13,9,2,2,0,11.29,14,42.9044,56.3478,11.9244,low
1278,48,1,2.0833,300000000000.0,56.861,470582880343.9,816984167.26,2383788541.62,2135835367.14,2015449216.21,368339325.41,120386150.93,0.8455,0.9436,0.1545,0.0564,10,8,1,1,0,3.68,10,62.3678,136.3256,17.3828,low
1279,36,1,2.7778,70000000000.0,38.4057,96883971134.12,224268451.7,397992208.69,325431048.87,259462878.53,138529330.16,65968170.34,0.6519,0.7973,0.3481,0.2027,6,3,2,1,0,11.27,27,43.9397,56.9429,36.7895,medium
1280,30,1,3.3333,90000000000.0,29.8996,116909597544.85,324748882.07,1991531122.36,1866402151.67,736095295.08,1255435827.28,1130306856.59,0.3696,0.3944,0.6304,0.6056,16,4,6,1,5,28.74,71,43.8386,32.6493,86.6051,high
1281,30,1,3.3333,70000000000.0,41.1202,98784152203.12,274400422.79,1249601875.86,1041197438.86,893557164.11,356044711.74,147640274.75,0.7151,0.8582,0.2849,0.1418,14,10,2,2,0,5.54,11,56.4041,117.6128,18.4997,low
1282,16,1,6.25,160000000000.0,29.4388,207102076565.35,1078656648.78,4206419511.83,3234336600.26,1936370973.17,2270048538.65,1297965627.09,0.4603,0.5987,0.5397,0.4013,10,2,3,2,3,62.82,97,37.8953,153.8392,74.7441,high
1283,30,1,3.3333,160000000000.0,74.2921,278867337629.94,774631493.42,2640213083.57,2347437991.49,952584000.75,1687629082.83,1394853990.74,0.3608,0.4058,0.6392,0.5942,12,3,4,1,4,66.7,97,55.5825,22.3513,95.1626,high
1284,24,1,4.1667,300000000000.0,63.6806,491041924174.8,1705006681.16,4094746105.78,4127082716.58,3190568389.39,904177716.39,936514327.19,0.7792,0.7731,0.2208,0.2269,9,5,3,0,1,11.79,24,44.2911,127.0688,38.0741,medium
1285,30,1,3.3333,120000000000.0,26.1109,151333083732.26,420369677.03,1720397950.41,1494706217.16,1388159969.73,332237980.69,106546247.44,0.8069,0.9287,0.1931,0.0713,13,10,1,2,0,5.19,12,42.8609,48.4806,11.9863,low
1286,48,1,2.0833,300000000000.0,57.5551,472665286342.59,820599455.46,3829305945.48,3729068211.88,3665385847.57,163920097.91,63682364.3,0.9572,0.9829,0.0428,0.0171,16,12,3,1,0,8.13,16,44.2365,107.8454,24.1508,low
1287,20,1,5.0,160000000000.0,68.7529,270004598101.05,1125019158.75,1885991002.87,1918619010.46,1441983586.05,444007416.82,476635424.41,0.7646,0.7516,0.2354,0.2484,8,4,2,0,2,34.64,40,47.6683,141.9942,61.9732,medium
1288,30,1,3.3333,160000000000.0,29.8594,207774964198.71,577152678.33,1737286114.14,1589840970.96,539242986.69,1198043127.45,1050597984.27,0.3104,0.3392,0.6896,0.6608,9,3,3,1,2,31.53,54,47.6307,39.7552,87.866,high
1289,12,2,16.6667,160000000000.0,46.9054,235048615459.47,3264564103.6,16614309594.92,16012755379.5,15503180235.22,1111129359.69,509575144.27,0.9331,0.9682,0.0669,0.0318,16,14,1,1,0,5.53,10,55.0366,104.2598,9.0,low
1290,30,1,3.3333,300000000000.0,75.4832,526449467959.27,1462359633.22,4118854104.47,3823097891.95,3240668023.02,878186081.45,582429868.94,0.7868,0.8477,0.2132,0.1523,11,8,2,1,0,4.6,17,45.2307,78.4732,24.8905,low
1291,30,1,3.3333,300000000000.0,31.8612,395583661412.84,1098843503.92,3807503395.99,3385823920.54,2963784711.55,843718684.44,422039208.98,0.7784,0.8754,0.2216,0.1246,11,8,2,1,0,11.93,19,62.2253,81.1682,17.0389,low
1292,60,1,1.6667,90000000000.0,18.0,106200000000.0,147500000.0,343698253.8,292806965.28,267872998.74,75825255.06,24933966.54,0.7794,0.9148,0.2206,0.0852,7,4,2,1,0,10.76,15,44.2168,79.8981,28.2709,low
1293,24,2,8.3333,120000000000.0,33.4616,160153868209.03,1112179640.34,3653303716.86,2939651064.18,2278849366.6,1374454350.26,660801697.58,0.6238,0.7752,0.3762,0.2248,12,7,3,2,0,21.04,23,46.6531,74.4529,35.8843,medium
1294,48,1,2.0833,70000000000.0,43.0042,100102910637.61,173789775.41,648951801.11,644908740.22,83642935.84,565308865.28,561265804.39,0.1289,0.1297,0.8711,0.8703,16,3,4,0,9,96.4,138,51.0974,107.8169,100.0,high
1295,16,2,12.5,120000000000.0,105.0,246000000000.0,2562500000.0,5271468007.93,3857061294.65,3075940733.89,2195527274.04,781120560.76,0.5835,0.7975,0.4165,0.2025,12,4,4,3,1,17.85,45,64.7864,70.4902,53.6449,medium
1296,30,1,3.3333,160000000000.0,57.672,252275278999.92,700764663.89,2341379348.43,1786420419.32,1438035885.96,903343462.47,348384533.36,0.6142,0.805,0.3858,0.195,12,3,5,3,1,40.62,59,51.8145,73.0467,51.3103,medium
1297,24,1,4.1667,120000000000.0,57.5472,189056608090.24,656446555.87,2047708634.19,1660493351.75,1580496847.78,467211786.4,79996503.97,0.7718,0.9518,0.2282,0.0482,12,10,0,2,0,1.72,1,29.322,51.9984,9.0,low
1298,20,2,10.0,90000000000.0,18.0,106200000000.0,885000000.0,3121289679.98,2842392835.38,1563998829.15,1557290850.83,1278394006.23,0.5011,0.5502,0.4989,0.4498,9,2,3,1,3,24.94,107,57.149,143.5509,86.9884,high
1299,20,1,5.0,70000000000.0,75.679,122975323468.77,512397181.12,1073733183.19,986521336.07,924119513.53,149613669.66,62401822.54,0.8607,0.9367,0.1393,0.0633,9,8,0,1,0,0.21,3,54.0399,156.0463,13.9724,low
1300,48,1,2.0833,90000000000.0,22.0973,109887561349.08,190777016.23,879734798.98,721110988.04,614781358.52,264953440.46,106329629.52,0.6988,0.8525,0.3012,0.1475,12,5,5,2,0,8.56,34,53.5142,77.2868,26.6354,low
1301,24,1,4.1667,120000000000.0,39.9539,167944692091.63,583141291.98,1490857562.27,1094066193.94,941590361.73,549267200.55,152475832.21,0.6316,0.8606,0.3684,0.1394,8,4,2,2,0,5.89,21,45.5986,120.193,33.9884,low
1302,24,1,4.1667,300000000000.0,57.4629,472388812109.56,1640238930.94,4861729410.1,3993161255.66,3422336654.02,1439392756.09,570824601.64,0.7039,0.857,0.2961,0.143,12,9,1,2,0,10.88,19,50.8735,87.9541,20.8558,low
1303,48,1,2.0833,160000000000.0,24.0063,198410010031.4,344461822.97,1558165646.86,1239476764.56,755361534.84,802804112.02,484115229.72,0.4848,0.6094,0.5152,0.3906,16,7,4,3,2,20.28,55,52.7389,92.6995,64.132,medium
1304,16,2,12.5,160000000000.0,62.8012,260481875521.41,2713352870.01,9061441872.14,7786215261.48,7689742847.25,1371699024.88,96472414.23,0.8486,0.9876,0.1514,0.0124,15,13,0,2,0,0.59,3,52.9013,170.8012,10.8354,low
1305,20,1,5.0,70000000000.0,53.6879,107581539882.88,448256416.18,1056152230.89,866995013.44,450522608.39,605629622.5,416472405.06,0.4266,0.5196,0.5734,0.4804,11,3,3,2,3,26.9,52,51.846,58.3299,77.4334,high
1306,30,1,3.3333,90000000000.0,50.359,135323078520.52,375897440.33,580288813.45,601266633.14,577387369.38,2901444.07,23879263.75,0.995,0.9603,0.005,0.0397,7,6,1,0,0,2.05,4,54.832,103.467,9.0,low
1307,16,1,6.25,120000000000.0,36.3885,163666241753.46,852428342.47,1941912560.36,1559816085.6,1492912362.63,449000197.73,66903722.97,0.7688,0.9571,0.2312,0.0429,10,7,1,2,0,8.2,16,28.7969,88.6229,9.0,low
1308,36,1,2.7778,300000000000.0,52.9674,458902300889.99,1062273844.65,3663522844.13,2574756576.95,2185970783.36,1477552060.77,388785793.59,0.5967,0.849,0.4033,0.151,11,4,2,3,2,40.59,56,41.2981,74.4431,63.0655,medium
1309,30,1,3.3333,120000000000.0,43.4822,172178690134.82,478274139.26,1383776508.64,1035059710.38,965902062.65,417874445.99,69157647.73,0.698,0.9332,0.302,0.0668,9,4,3,2,0,6.4,10,40.7948,88.1807,34.2252,low
1310,20,1,5.0,120000000000.0,80.3855,216462652441.12,901927718.5,2857436266.05,2428659201.01,2161376073.57,696060192.48,267283127.43,0.7564,0.8899,0.2436,0.1101,15,8,4,2,1,15.04,20,45.0781,97.7031,33.1007,low
1311,16,1,6.25,70000000000.0,67.1436,117000505008.19,609377630.25,1689930854.31,1577625875.87,1435885204.88,254045649.43,141740670.99,0.8497,0.9102,0.1503,0.0898,14,9,3,1,1,11.03,15,54.0234,101.7044,22.7156,low
1312,16,1,6.25,220000000000.0,69.4035,372687707783.75,1941081811.37,6239853622.58,5706545833.38,5239378416.29,1000475206.29,467167417.08,0.8397,0.9181,0.1603,0.0819,16,12,3,1,0,7.94,15,42.9303,104.2248,24.8782,low
1313,36,1,2.7778,120000000000.0,45.0341,174040895158.41,402872442.5,847430516.42,595269391.12,476380000.09,371050516.33,118889391.03,0.5621,0.8003,0.4379,0.1997,7,3,2,2,0,10.89,33,53.8964,67.4876,36.9381,medium
1314,20,1,5.0,120000000000.0,59.0904,190908518029.35,795452158.46,1257330450.44,1024396637.24,635316724.82,622013725.62,389079912.42,0.5053,0.6202,0.4947,0.3798,6,2,2,1,1,38.63,62,50.5535,121.6513,73.0208,high
1315,24,2,8.3333,220000000000.0,58.1878,348013121386.0,2416757787.4,10522456438.7,10145799002.35,10138618606.93,383837831.77,7180395.42,0.9635,0.9993,0.0365,0.0007,15,13,1,1,0,1.79,5,43.1936,90.0671,9.0,low
1316,24,2,8.3333,90000000000.0,58.8289,142945999994.79,992680555.52,2554146309.45,2095430655.11,1631422823.0,922723486.46,464007832.11,0.6387,0.7786,0.3613,0.2214,11,5,2,2,2,11.72,26,51.2245,15.0,54.7631,medium
1317,24,2,8.3333,220000000000.0,56.2803,343816647412.55,2387615607.03,7320414195.8,5192260160.79,2892363330.95,4428050864.85,2299896829.83,0.3951,0.5571,0.6049,0.4429,11,4,3,3,1,16.0,59,40.4563,156.8636,69.3538,high
1318,16,1,6.25,120000000000.0,56.109,187330838856.33,975681452.38,1837422657.14,1483182538.48,1430288239.56,407134417.58,52894298.92,0.7784,0.9643,0.2216,0.0357,6,5,0,1,0,1.51,2,39.8248,83.5628,13.1203,low
1319,48,1,2.0833,120000000000.0,59.4484,191338020419.28,332184063.23,763626586.22,658298288.34,644471930.73,119154655.49,13826357.61,0.844,0.979,0.156,0.021,9,6,2,1,0,9.41,15,31.4872,110.0038,18.2617,low
1320,24,1,4.1667,120000000000.0,76.7957,212154800140.29,736648611.6,2253835571.95,2071652476.31,1500081687.77,753753884.18,571570788.55,0.6656,0.7241,0.3344,0.2759,13,8,3,1,1,19.52,24,47.1416,63.4039,56.9849,medium
1321,12,1,8.3333,300000000000.0,89.7421,569226223097.59,3952959882.62,10151039185.81,9579970437.62,8952232042.86,1198807142.95,627738394.76,0.8819,0.9345,0.1181,0.0655,15,14,0,1,0,1.56,0,37.5497,150.1609,9.0,low
1322,24,1,4.1667,70000000000.0,19.4774,83634147583.42,290396345.78,1331716076.43,1162911053.62,1072124839.75,259591236.68,90786213.87,0.8051,0.9219,0.1949,0.0781,14,8,4,2,0,18.75,24,31.8787,48.6565,33.6952,low
1323,48,1,2.0833,90000000000.0,39.0041,125103682850.37,217193893.84,520195943.08,466991255.67,469781573.61,50414369.47,0.0,0.9031,1.0,0.0969,0.0,10,9,0,1,0,1.86,1,43.8657,106.6842,9.0,low
1324,36,2,5.5556,70000000000.0,52.9186,107043004078.66,495569463.33,1761996620.65,1439407819.23,1412986874.61,349009746.04,26420944.62,0.8019,0.9816,0.1981,0.0184,13,11,0,2,0,1.41,1,38.7592,72.8306,9.0,low
1325,60,1,1.6667,160000000000.0,20.55,192879967102.37,267888843.2,999354626.31,898356468.24,898623891.63,100730734.69,0.0,0.8992,1.0,0.1008,0.0,12,10,1,1,0,0.63,6,28.7973,119.6395,9.0,low
1326,30,1,3.3333,300000000000.0,43.6848,431054499036.55,1197373608.43,4694107506.88,4513170217.82,3960788265.31,733319241.57,552381952.5,0.8438,0.8776,0.1562,0.1224,14,11,2,1,0,7.83,16,42.5037,150.9108,31.1284,low
1327,48,1,2.0833,120000000000.0,32.2896,158747468400.31,275603243.75,1181667332.88,888625039.62,643692001.33,537975331.55,244933038.29,0.5447,0.7244,0.4553,0.2756,12,4,3,3,2,35.51,62,42.477,55.8988,63.3701,medium
1328,48,1,2.0833,220000000000.0,81.1449,398518763927.92,691872854.04,1419047446.29,1125746887.44,924040771.12,495006675.18,201706116.33,0.6512,0.8208,0.3488,0.1792,10,5,3,2,0,7.22,27,49.6116,91.1483,42.5751,medium
1329,30,2,6.6667,160000000000.0,69.3646,270983396563.87,1505463314.24,3920779568.57,3528617793.58,2629144949.73,1291634618.84,899472843.85,0.6706,0.7451,0.3294,0.2549,12,5,4,1,2,19.11,60,42.5036,80.6147,60.8607,medium
1330,20,2,10.0,160000000000.0,59.7655,255624725769.71,2130206048.08,5734831847.93,5451607983.64,5134786613.65,600045234.28,316821369.99,0.8954,0.9419,0.1046,0.0581,13,11,1,1,0,2.13,9,65.5925,141.8402,9.0,low
1331,30,2,6.6667,120000000000.0,48.1086,177730360883.7,987390893.8,3504032843.41,2931813635.9,2450608843.01,1053424000.4,481204792.89,0.6994,0.8359,0.3006,0.1641,14,7,4,2,1,7.9,27,36.9305,157.0623,46.2926,medium
1332,48,1,2.0833,160000000000.0,58.1726,253076119900.69,439368263.72,1127086058.52,919301271.55,801084823.97,326001234.56,118216447.58,0.7108,0.8714,0.2892,0.1286,11,8,1,2,0,10.69,18,51.366,44.5269,25.8495,low
1333,12,2,16.6667,70000000000.0,18.0,82600000000.0,1147222222.22,6334008760.98,5660852207.88,5398603199.57,935405561.41,262249008.31,0.8523,0.9537,0.1477,0.0463,14,12,1,1,0,3.52,8,42.8244,67.9276,9.0,low
1334,36,1,2.7778,300000000000.0,18.6994,356098234084.18,824301467.79,3148101948.2,2541568855.65,1722738388.1,1425363560.1,818830467.55,0.5472,0.6778,0.4528,0.3222,14,4,5,3,2,15.28,25,44.8757,98.8234,62.2632,medium
1335,30,1,3.3333,160000000000.0,70.5168,272826805151.76,757852236.53,2334271362.69,1915269825.04,288726751.65,2045544611.05,1626543073.39,0.1237,0.1507,0.8763,0.8493,15,0,3,3,9,42.13,136,28.0178,26.7808,100.0,high
1336,30,1,3.3333,90000000000.0,56.0652,140458666172.65,390162961.59,1410797633.4,1290374149.46,1213138946.61,197658686.79,77235202.85,0.8599,0.9401,0.1401,0.0599,12,9,1,1,1,9.73,14,40.6319,125.8451,21.1381,low
1337,20,1,5.0,90000000000.0,75.09,157580955612.73,656587315.05,1314787412.9,1356283798.14,1223414030.11,91373382.79,132869768.03,0.9305,0.902,0.0695,0.098,7,6,1,0,0,7.03,16,44.1751,108.8775,19.8448,low
1338,36,2,5.5556,300000000000.0,63.932,491796088690.77,2276833743.94,4639860833.29,3450923460.37,2969942236.3,1669918596.99,480981224.07,0.6401,0.8606,0.3599,0.1394,8,5,1,2,0,7.1,15,38.5708,85.1377,30.1057,low
1339,30,2,6.6667,300000000000.0,45.7914,437374064226.77,2429855912.37,9571871807.38,8765836383.73,7503690221.46,2068181585.93,1262146162.27,0.7839,0.856,0.2161,0.144,16,9,5,1,1,9.25,34,60.256,97.2458,30.3574,low
1340,16,1,6.25,160000000000.0,51.9284,243085389354.55,1266069736.22,5374722295.06,5585810123.43,3518768015.63,1855954279.44,2067042107.81,0.6547,0.6299,0.3453,0.3701,16,8,6,0,2,29.7,63,28.688,121.9483,67.6289,high
1341,12,2,16.6667,90000000000.0,51.5649,136408421602.7,1894561411.15,2747258848.87,2203996673.35,1403092841.35,1344166007.52,800903832.0,0.5107,0.6366,0.4893,0.3634,6,2,1,1,2,69.31,84,52.5137,85.79,78.5944,high
1342,30,3,10.0,90000000000.0,30.48,117431957056.47,978599642.14,1526744282.44,1271716754.1,1038874768.96,487869513.48,232841985.14,0.6805,0.8169,0.3195,0.1831,6,2,2,1,1,32.94,37,55.5246,123.311,45.0467,medium
1343,20,1,5.0,120000000000.0,26.7543,152105147808.09,633771449.2,3669383074.08,3291726912.83,3267139956.12,402243117.96,24586956.71,0.8904,0.9925,0.1096,0.0075,16,13,1,2,0,1.47,9,39.5785,86.5102,9.0,low
1344,24,1,4.1667,160000000000.0,29.8594,207775102144.82,721441326.89,1129520579.44,943281166.32,941742335.81,187778243.64,1538830.51,0.8338,0.9984,0.1662,0.0016,6,5,0,1,0,1.86,2,44.8924,71.0825,9.0,low
1345,20,3,15.0,70000000000.0,50.434,105303783351.77,1316297291.9,3004981167.91,2611155175.39,1166195837.14,1838785330.77,1444959338.25,0.3881,0.4466,0.6119,0.5534,7,2,2,1,2,69.63,93,38.0177,110.2523,86.3183,high
1346,20,1,5.0,120000000000.0,19.4119,143294302531.43,597059593.88,1629387251.27,1265322163.39,606708378.01,1022678873.27,658613785.39,0.3724,0.4795,0.6276,0.5205,9,2,3,2,2,52.11,80,36.1729,35.2067,87.9079,high
1347,16,1,6.25,90000000000.0,27.0699,114362882321.31,595640012.09,1402616425.44,1392800583.39,1104991117.64,297625307.81,287809465.75,0.7878,0.7934,0.2122,0.2066,9,6,2,0,1,10.22,29,50.6675,154.1611,40.5655,medium
1348,36,1,2.7778,120000000000.0,53.2106,183852758706.73,425585089.6,1863006217.79,1825885950.9,1742016686.43,120989531.36,83869264.47,0.9351,0.9541,0.0649,0.0459,14,10,3,0,1,7.35,18,38.1638,65.7488,17.0,low
1349,16,1,6.25,160000000000.0,68.7582,270013170751.62,1406318597.66,2978027954.85,3031921319.82,2853454660.19,124573294.65,178466659.63,0.9582,0.9411,0.0418,0.0589,7,6,1,0,0,3.68,9,63.8492,123.7451,17.217,low
1350,48,1,2.0833,220000000000.0,35.1916,297421414919.11,516356623.12,1827260787.16,1665602861.43,1641106627.6,186154159.56,24496233.83,0.8981,0.9853,0.1019,0.0147,13,11,1,1,0,0.24,2,49.158,63.3121,9.0,low
1351,20,1,5.0,90000000000.0,80.7712,162694035476.1,677891814.48,1916340024.82,1607814975.43,1516796111.63,399543913.19,91018863.8,0.7915,0.9434,0.2085,0.0566,11,8,1,2,0,8.94,17,53.8992,39.8439,9.0,low
1352,12,1,8.3333,160000000000.0,90.8297,305327494430.75,2120329822.44,6381227063.73,5737402551.33,5532602301.51,848624762.22,204800249.82,0.867,0.9643,0.133,0.0357,15,11,2,1,1,5.36,14,31.5355,52.2006,22.7952,low
1353,12,1,8.3333,120000000000.0,83.0201,219624081262.38,1525167230.99,4774472222.02,4171659766.38,4034680570.22,739791651.8,136979196.16,0.8451,0.9672,0.1549,0.0328,16,13,1,2,0,11.95,19,51.5902,117.6482,17.8597,low
1354,30,1,3.3333,70000000000.0,46.8099,102766935469.92,285463709.64,1034807196.17,947380109.89,920032907.9,114774288.27,27347201.98,0.8891,0.9711,0.1109,0.0289,10,9,0,1,0,0.74,1,47.634,123.5418,9.0,low
1355,12,1,8.3333,220000000000.0,43.1717,314977776018.17,2187345666.79,4982201242.35,4381444457.13,3337740872.67,1644460369.69,1043703584.47,0.6699,0.7618,0.3301,0.2382,7,3,2,1,1,22.34,52,37.7483,118.1263,55.2849,medium
1356,24,3,12.5,160000000000.0,33.4019,213443087941.07,2223365499.39,3813293664.75,3204426206.34,3158535040.42,654758624.32,45891165.91,0.8283,0.9857,0.1717,0.0143,7,5,1,1,0,5.04,9,39.1279,112.5552,18.9859,low
1357,16,1,6.25,120000000000.0,35.218,162261542931.21,845112202.77,2889302176.73,2815158044.04,2523694575.02,365607601.71,291463469.02,0.8735,0.8965,0.1265,0.1035,10,8,2,0,0,9.75,13,29.4955,55.0593,18.0165,low
1358,36,1,2.7778,90000000000.0,63.7257,147353161083.65,341095280.29,1027428688.32,941657255.31,912055202.37,115373485.94,29602052.94,0.8877,0.9686,0.1123,0.0314,13,11,1,1,0,4.09,6,45.4995,101.2831,9.0,low
1359,24,2,8.3333,160000000000.0,37.6251,220200140964.31,1529167645.59,4218561394.18,3752705445.17,3756686598.37,461874795.81,0.0,0.8905,1.0,0.1095,0.0,11,9,1,1,0,1.87,4,46.7588,78.3387,9.0,low
1360,48,1,2.0833,120000000000.0,31.7885,158146214268.97,274559399.77,927642253.75,803310261.86,672258409.5,255383844.25,131051852.36,0.7247,0.8369,0.2753,0.1631,12,5,5,2,0,8.18,20,56.5318,49.8556,30.5028,low
1361,48,1,2.0833,120000000000.0,54.9787,185974440353.48,322872292.28,1367259380.14,1150807792.24,992111943.01,375147437.12,158695849.23,0.7256,0.8621,0.2744,0.1379,14,10,1,2,1,12.65,18,43.3656,107.4081,33.3067,low
1362,16,1,6.25,120000000000.0,52.1333,182559994488.36,950833304.63,1488483482.21,1282014700.74,1299714198.19,188769284.02,0.0,0.8732,1.0,0.1268,0.0,6,5,0,1,0,0.85,2,47.4527,85.4369,10.1442,low
1363,36,1,2.7778,90000000000.0,18.0,106200000000.0,245833333.33,746323880.5,644936669.67,376002065.09,370321815.41,268934604.58,0.5038,0.583,0.4962,0.417,8,4,2,1,1,30.78,47,55.9173,126.1892,65.7014,high
1364,12,2,16.6667,70000000000.0,33.8682,93707718423.84,1301496089.22,4212018786.1,3745532665.26,2582538749.59,1629480036.51,1162993915.67,0.6131,0.6895,0.3869,0.3105,9,4,3,1,1,34.27,47,47.0397,87.8581,54.9467,medium
1365,36,2,5.5556,70000000000.0,18.0,82600000000.0,382407407.41,1780488276.84,1667689574.47,1200148313.81,580339963.03,467541260.66,0.6741,0.7196,0.3259,0.2804,13,5,4,1,3,36.83,44,55.232,93.5282,58.8884,medium
1366,24,1,4.1667,220000000000.0,49.9215,329827212826.96,1145233377.87,4271077313.64,3550919062.04,2822840626.33,1448236687.31,728078435.71,0.6609,0.795,0.3391,0.205,14,8,4,2,0,10.67,33,36.431,100.9953,32.6344,low
1367,16,1,6.25,90000000000.0,29.0523,116147039415.54,604932496.96,1631832836.83,1504028788.97,1289944739.15,341888097.68,214084049.82,0.7905,0.8577,0.2095,0.1423,9,7,1,1,0,5.77,15,43.8681,88.6159,22.9594,low
1368,30,2,6.6667,300000000000.0,54.2899,462869705665.93,2571498364.81,9931240522.41,8058244711.32,5255286493.16,4675954029.25,2802958218.16,0.5292,0.6522,0.4708,0.3478,16,6,6,3,1,33.45,51,52.2958,89.0578,63.6643,medium
1369,30,1,3.3333,90000000000.0,51.8217,136639563006.33,379554341.68,1602326262.92,1308821217.75,899903202.28,702423060.64,408918015.47,0.5616,0.6876,0.4384,0.3124,16,6,4,3,3,42.45,47,36.1825,95.5939,60.6066,medium
1370,36,1,2.7778,160000000000.0,74.5782,279325187903.94,646586083.11,1426307590.3,1053662639.22,959432971.81,466874618.5,94229667.42,0.6727,0.9106,0.3273,0.0894,8,4,2,2,0,18.97,28,33.226,142.4372,34.4662,low
1371,60,1,1.6667,220000000000.0,48.6023,326925030888.5,454062542.9,1153575273.85,954742842.31,896365086.91,257210186.94,58377755.4,0.777,0.9389,0.223,0.0611,10,7,1,2,0,9.32,12,32.1124,99.705,14.9272,low
1372,36,1,2.7778,220000000000.0,46.7746,322904181078.68,747463382.13,3269938205.67,3100860774.85,2700365976.74,569572228.93,400494798.11,0.8258,0.8708,0.1742,0.1292,15,11,3,1,0,6.08,11,36.6486,74.8151,22.6156,low
1373,60,2,3.3333,160000000000.0,35.514,216822352140.26,602284311.5,1181747268.08,850979156.86,767108784.72,414638483.36,83870372.14,0.6491,0.9014,0.3509,0.0986,8,3,3,2,0,9.66,14,51.9052,77.1224,31.0806,low
1374,36,1,2.7778,70000000000.0,43.5791,100505390776.12,232651367.54,549062527.1,446454223.22,391131231.58,157931295.52,55322991.64,0.7124,0.8761,0.2876,0.1239,10,7,1,2,0,5.03,17,51.878,55.5831,20.4736,low
1375,30,1,3.3333,70000000000.0,41.164,98814822205.23,274485617.24,799186480.58,712388121.45,656732534.11,142453946.47,55655587.34,0.8218,0.9219,0.1782,0.0781,9,6,2,1,0,5.74,17,58.6231,101.7443,10.3719,low
1376,24,1,4.1667,90000000000.0,78.7366,160862896119.0,558551722.64,1692711298.46,1532591498.14,1492028576.4,200682722.06,40562921.74,0.8814,0.9735,0.1186,0.0265,16,14,1,1,0,3.25,5,38.1876,46.8222,9.0,low
1377,36,1,2.7778,300000000000.0,69.2344,507703090116.5,1175238634.53,3499338558.24,3075575848.62,2464448797.86,1034889760.38,611127050.77,0.7043,0.8013,0.2957,0.1987,13,6,3,2,2,34.35,64,29.5328,90.2113,55.8656,medium
1378,20,1,5.0,160000000000.0,50.1169,240186983285.44,1000779097.02,4041352808.7,3872122969.49,2056121944.51,1985230864.19,1816001024.98,0.5088,0.531,0.4912,0.469,15,6,5,1,3,15.27,65,32.9658,81.5569,67.5439,high
1379,36,1,2.7778,160000000000.0,61.8454,258952651077.31,599427433.05,924261518.38,914877811.73,902926296.01,21335222.37,11951515.72,0.9769,0.9869,0.0231,0.0131,7,6,1,0,0,1.07,5,48.8071,110.2651,9.0,low
1380,24,1,4.1667,90000000000.0,60.7642,144687821341.37,502388268.55,771932639.87,552336908.33,266488798.48,505443841.4,285848109.86,0.3452,0.4825,0.6548,0.5175,7,1,2,2,2,57.45,59,56.3517,56.6295,86.656,high
1381,30,2,6.6667,120000000000.0,19.5864,143503670115.01,797242611.75,2259446411.84,2333080971.39,2248149179.78,11297232.06,84931791.61,0.995,0.9636,0.005,0.0364,9,8,1,0,0,5.07,7,23.9368,66.1123,9.0,low
1382,12,1,8.3333,90000000000.0,41.0328,126929552443.82,881455225.3,3346523534.91,2896070132.61,2460799462.33,885724072.58,435270670.28,0.7353,0.8497,0.2647,0.1503,14,7,4,2,1,20.47,33,61.2552,108.0344,38.8216,medium
1383,24,1,4.1667,220000000000.0,52.042,334492386845.42,1161431898.77,4582113313.18,3744116720.86,1013687248.06,3568426065.13,2730429472.81,0.2212,0.2707,0.7788,0.7293,13,0,5,2,6,105.31,122,62.1797,51.6838,100.0,high
1384,30,1,3.3333,70000000000.0,51.1438,105800686277.92,293890795.22,578774289.17,486183014.88,464224338.4,114549950.77,21958676.47,0.8021,0.9548,0.1979,0.0452,7,5,1,1,0,6.69,19,46.9817,111.0636,12.3275,low
1385,36,3,8.3333,120000000000.0,24.087,148904346271.85,1034057960.22,4292183237.51,3442524468.24,3180192608.5,1111990629.01,262331859.73,0.7409,0.9238,0.2591,0.0762,12,6,4,2,0,17.39,28,44.0241,120.5753,35.4339,medium
1386,36,1,2.7778,300000000000.0,44.4022,433206656688.88,1002793186.78,2680091180.19,2676146146.32,2502064368.19,178026812.0,174081778.13,0.9336,0.935,0.0664,0.065,9,8,1,0,0,2.94,5,42.3088,83.1969,9.0,low
1387,20,1,5.0,70000000000.0,89.8629,132904008817.84,553766703.41,1267267067.84,1289216223.67,969110772.66,298156295.17,320105451.0,0.7647,0.7517,0.2353,0.2483,9,6,3,0,0,7.16,34,52.7217,100.4055,39.041,medium
1388,48,1,2.0833,70000000000.0,30.4977,91348355902.7,158590895.66,788690317.11,672698356.53,453520896.99,335169420.12,219177459.54,0.575,0.6742,0.425,0.3258,16,7,4,2,3,15.08,19,50.0495,118.6643,58.9219,medium
1389,24,1,4.1667,220000000000.0,39.3604,306592954766.34,1064558870.72,2869053916.6,2770320800.76,2765006171.69,104047744.91,5314629.08,0.9637,0.9981,0.0363,0.0019,8,7,1,0,0,5.98,10,53.4641,164.5409,9.0,low
1390,48,1,2.0833,70000000000.0,67.5636,117294486685.96,203636261.61,656371448.89,583076218.94,511279970.7,145091478.19,71796248.24,0.7789,0.8769,0.2211,0.1231,15,10,3,2,0,9.8,11,57.4137,92.7668,25.7875,low
1391,30,2,6.6667,160000000000.0,73.8339,278134191213.58,1545189951.19,3845350405.25,3119435963.73,2699921247.48,1145429157.77,419514716.24,0.7021,0.8655,0.2979,0.1345,12,7,2,2,1,20.7,25,54.9618,95.3885,41.9552,medium
1392,36,1,2.7778,120000000000.0,63.4895,196187360160.28,454137407.78,1542239143.2,1423202440.29,1114878299.09,427360844.11,308324141.2,0.7229,0.7834,0.2771,0.2166,15,8,5,1,1,17.51,19,37.4943,116.6805,43.2795,medium
1393,24,1,4.1667,90000000000.0,70.5927,153533407529.16,533102109.48,1175992439.64,958902533.65,746991081.43,429001358.21,211911452.22,0.6352,0.779,0.3648,0.221,11,5,4,2,0,5.9,36,39.3064,55.1123,41.3322,medium
1394,16,1,6.25,90000000000.0,61.7202,145548154990.47,758063307.24,1325995997.5,1067298387.48,956454825.77,369541171.72,110843561.71,0.7213,0.8961,0.2787,0.1039,9,6,1,2,0,5.05,14,40.1803,112.038,27.5257,low
1395,36,1,2.7778,160000000000.0,65.6514,265042224809.75,613523668.54,946411878.5,699417008.62,284623028.74,661788849.76,414793979.89,0.3007,0.4069,0.6993,0.5931,7,1,2,2,2,69.16,90,43.3544,45.7157,90.382,high
1396,24,2,8.3333,120000000000.0,23.0845,147701393527.98,1025704121.72,3453044594.89,2498044191.12,1460088799.59,1992955795.3,1037955391.53,0.4228,0.5845,0.5772,0.4155,12,2,3,3,4,35.49,46,46.4106,107.7316,77.2928,high
1397,16,1,6.25,120000000000.0,76.7336,212080363612.21,1104585227.15,1980594648.65,1810054254.34,1766286301.34,214308347.32,43767953.0,0.8918,0.9758,0.1082,0.0242,10,8,1,1,0,6.11,14,51.2818,48.5575,9.0498,low
1398,24,1,4.1667,120000000000.0,43.8401,172608178007.94,599333951.42,1992481349.93,1727746059.37,1754595481.58,237885868.36,0.0,0.8806,1.0,0.1194,0.0,10,8,1,1,0,0.53,4,49.026,105.3656,9.0,low
1399,36,1,2.7778,70000000000.0,40.6188,98433140347.32,227854491.54,976768016.44,770419749.56,330373332.26,646394684.17,440046417.3,0.3382,0.4288,0.6618,0.5712,16,3,5,3,5,30.31,63,50.9776,143.22,89.1544,high
1400,24,1,4.1667,220000000000.0,51.9682,334330017978.43,1160868117.98,2034445007.27,1636211085.01,1573892645.47,460552361.8,62318439.54,0.7736,0.9619,0.2264,0.0381,6,4,1,1,0,4.21,10,36.9084,100.3502,17.0966,low
