sample_id,planned_duration_months,total_units,predicted_construction_cost_growth,predicted_general_inflation_rate,predicted_usd_growth,project_payment_completion_ratio,overdue_payment_ratio,paid_late_payment_ratio,low_risk_member_ratio,medium_risk_member_ratio,high_risk_member_ratio,cash_flow_pressure_ratio,predicted_delay_months,delay_risk_level
1,18,24,41.9658,37.0685,30.1561,0.6811,0.1492,0.0812,0.5773,0.3047,0.1179,0.2504,8.36,low
2,24,20,53.4749,35.5739,42.5051,0.5722,0.3237,0.2003,0.3229,0.4629,0.2142,0.3939,23.38,medium
3,18,20,38.9841,42.9061,42.346,0.7141,0.1596,0.1821,0.4698,0.3769,0.1533,0.2136,9.88,low
4,42,20,48.1936,40.4117,49.9343,0.4957,0.1561,0.332,0.3543,0.2856,0.3602,0.4158,19.57,medium
5,30,24,37.216,32.8398,40.0531,0.7861,0.1796,0.22,0.6403,0.1821,0.1775,0.2518,9.87,low
6,36,80,81.8691,56.615,72.4592,0.3691,0.8026,0.4792,0.206,0.1489,0.6451,0.7159,120.0,critical
7,18,12,33.0847,35.2946,13.9872,0.8237,0.0122,0.0189,0.8093,0.1372,0.0536,0.0992,4.73,acceptable_delay
8,36,48,57.1979,49.212,57.885,0.5865,0.1536,0.1821,0.4539,0.3876,0.1585,0.3466,19.51,medium
9,36,48,43.6384,50.045,61.7968,0.5099,0.3457,0.219,0.1074,0.5671,0.3255,0.4901,22.2,medium
10,30,60,77.1604,46.9725,52.9416,0.3055,0.5326,0.4589,0.2363,0.2542,0.5095,0.7142,51.27,high
11,36,24,32.903,41.3136,25.2373,0.8654,0.1139,0.1953,0.4811,0.3439,0.175,0.1002,11.69,low
12,24,16,28.355,29.1333,24.9569,0.8732,0.0044,0.1347,0.7996,0.124,0.0764,0.0583,3.22,acceptable_delay
13,42,60,73.7987,42.4021,55.9268,0.2828,0.5041,0.4019,0.0,0.4347,0.6746,0.65,52.44,high
14,42,20,62.5398,50.6433,51.12,0.5216,0.2415,0.3902,0.3432,0.3218,0.335,0.4533,16.49,medium
15,48,48,77.5875,57.3957,64.7946,0.4385,0.5818,0.5632,0.0,0.4486,0.6034,0.5871,60.0,high
16,30,24,46.5881,45.2977,37.7244,0.5798,0.3587,0.2529,0.5077,0.2941,0.1982,0.331,23.37,medium
17,24,30,37.3293,37.6619,33.7933,0.8715,0.0817,0.1403,0.6692,0.2314,0.0993,0.1019,7.57,low
18,36,48,85.1778,51.0096,91.7345,0.1074,0.7097,0.3511,0.205,0.1114,0.6836,0.8148,84.14,critical
19,30,20,31.9262,27.7156,15.9978,0.8531,0.043,0.0361,0.789,0.1929,0.018,0.0766,2.04,acceptable_delay
20,30,20,43.5443,37.6014,58.7573,0.6048,0.2019,0.2049,0.4126,0.4317,0.1557,0.316,23.47,medium
21,24,12,25.919,33.4303,24.9161,0.9241,0.0036,0.0517,0.776,0.2189,0.0051,0.1344,1.64,acceptable_delay
22,18,16,46.6062,36.4758,25.535,0.7158,0.1326,0.1356,0.5811,0.3296,0.0894,0.2759,10.48,low
23,30,48,47.6337,50.4575,53.2008,0.6398,0.2772,0.371,0.456,0.3154,0.2286,0.3327,18.36,medium
24,36,48,78.0115,42.3896,74.6519,0.3363,0.5293,0.3473,0.2449,0.2669,0.4882,0.6678,38.74,high
25,24,30,49.0133,41.3658,42.9375,0.4867,0.18,0.3681,0.1919,0.561,0.247,0.3761,16.0,medium
26,42,36,73.0071,70.8489,101.9531,0.3459,0.813,0.5856,0.0597,0.0756,0.8647,0.7204,95.73,critical
27,24,24,25.0246,27.2549,26.5761,0.962,0.0462,0.1137,0.8662,0.1157,0.018,0.1094,1.0,acceptable_delay
28,42,20,57.6667,45.9879,60.8922,0.5327,0.1612,0.1886,0.489,0.2998,0.2112,0.3112,16.12,medium
29,30,16,30.2593,33.2674,37.4112,0.8362,0.1644,0.2211,0.4824,0.3491,0.1685,0.2154,10.73,low
30,30,16,48.6631,37.6788,32.5154,0.6813,0.1367,0.1265,0.6364,0.2909,0.0727,0.2667,11.39,low
31,42,60,91.9026,51.4843,80.5504,0.2867,0.5674,0.5611,0.1387,0.1511,0.7102,0.7117,117.7,critical
32,36,60,65.2495,54.6539,76.0678,0.5098,0.4836,0.5725,0.0,0.4027,0.6431,0.5266,56.78,high
33,24,24,33.2662,33.5447,33.3903,0.8624,0.1027,0.1293,0.4764,0.4047,0.1188,0.1563,9.88,low
34,30,20,23.2033,35.8695,10.6216,0.8928,0.0362,0.1122,0.8622,0.1178,0.02,0.1454,1.0,acceptable_delay
35,30,24,32.5992,33.8506,11.1581,0.8355,0.0348,0.068,0.8625,0.0888,0.0487,0.172,3.72,acceptable_delay
36,30,12,19.4652,24.9842,15.304,0.988,0.0705,0.1319,0.9105,0.06,0.0296,0.1089,4.05,acceptable_delay
37,30,30,38.2798,32.3905,25.462,0.8256,0.1394,0.2399,0.6597,0.1992,0.1411,0.1423,6.1,low
38,42,48,80.9623,51.7049,55.9192,0.4218,0.3561,0.5461,0.2091,0.4357,0.3553,0.4861,36.84,high
39,18,16,37.6337,28.6844,28.7165,0.8212,0.0307,0.067,0.886,0.0926,0.0214,0.1523,3.2,acceptable_delay
40,18,16,42.8285,38.0385,40.1192,0.7971,0.1441,0.0923,0.6239,0.2055,0.1706,0.2506,7.4,low
41,24,20,41.7772,36.1843,33.203,0.6959,0.132,0.1216,0.5501,0.3287,0.1212,0.2631,10.49,low
42,48,60,71.0282,54.3717,55.947,0.5319,0.4185,0.2974,0.3685,0.2431,0.3884,0.4547,46.88,high
43,36,30,62.9123,35.1343,42.5541,0.6067,0.3433,0.3481,0.4058,0.3415,0.2526,0.3934,23.19,medium
44,36,36,75.2979,51.0052,119.9072,0.3086,0.7559,0.6236,0.2529,0.1045,0.6425,0.7978,98.24,critical
45,24,24,52.4749,35.5543,39.2347,0.6142,0.3436,0.2085,0.3409,0.3131,0.346,0.3789,16.93,medium
46,36,30,102.4967,60.7027,86.6147,0.1381,0.7979,0.703,0.1359,0.2504,0.6137,0.8176,78.25,critical
47,24,20,40.0982,30.8884,41.3917,0.8326,0.1235,0.2017,0.6034,0.2212,0.1754,0.2209,6.78,low
48,30,60,57.5453,59.833,55.0947,0.4532,0.4182,0.3798,0.0803,0.3978,0.5219,0.5929,37.25,high
49,36,24,55.4587,43.6756,36.2281,0.6574,0.2682,0.2522,0.4422,0.3169,0.2409,0.2846,19.28,medium
50,24,16,24.9205,35.1727,27.8985,0.9723,0.02,0.0953,0.9022,0.0538,0.0441,0.0303,2.96,acceptable_delay
51,24,16,36.6785,22.5088,26.7241,0.9618,0.0149,0.1124,0.8452,0.085,0.0698,0.0012,2.16,acceptable_delay
52,42,24,56.0402,51.2761,43.5942,0.6437,0.222,0.2427,0.2611,0.4158,0.3231,0.3054,24.0,medium
53,18,12,26.6997,35.4991,14.7354,0.867,0.0252,0.1201,0.7742,0.1697,0.0561,0.0937,1.06,acceptable_delay
54,36,30,37.9023,38.5894,34.4798,0.7867,0.0764,0.1465,0.5354,0.311,0.1537,0.2577,7.51,low
55,24,16,32.7444,40.4772,42.2031,0.8587,0.1434,0.2382,0.5799,0.2891,0.131,0.1598,10.66,low
56,30,30,31.0812,41.1051,27.7473,0.7201,0.1091,0.1768,0.5423,0.2898,0.1679,0.2162,11.08,low
57,36,36,72.2175,56.1622,115.0536,0.2312,0.6845,0.5491,0.1914,0.1726,0.636,0.8089,83.25,critical
58,24,30,62.632,44.3746,60.7389,0.5857,0.2042,0.3688,0.3618,0.4285,0.2097,0.3124,16.05,medium
59,36,36,56.5044,43.7183,55.9802,0.6496,0.2161,0.4019,0.1906,0.5597,0.2497,0.3662,17.64,medium
60,30,30,52.5889,49.1993,49.8905,0.7035,0.2384,0.2306,0.2942,0.5041,0.2017,0.2413,20.42,medium
61,30,12,32.9376,32.5606,28.2888,0.9452,0.0563,0.0595,0.8897,0.0911,0.0191,0.0495,3.1,acceptable_delay
62,36,30,46.978,30.9275,28.24,0.7256,0.098,0.1295,0.5805,0.3347,0.0848,0.191,9.74,low
63,36,20,33.8624,38.5394,36.4006,0.8695,0.127,0.1749,0.4891,0.3639,0.147,0.1726,10.46,low
64,30,24,61.9381,36.9514,40.8579,0.5586,0.1961,0.3547,0.2736,0.3603,0.3662,0.384,24.0,medium
65,30,24,47.2856,30.248,42.3482,0.8099,0.0877,0.1447,0.6191,0.2039,0.177,0.1616,11.52,low
66,30,20,50.0604,44.5057,41.1028,0.6309,0.3449,0.2459,0.1208,0.5404,0.3388,0.3991,17.28,medium
67,18,24,22.4903,25.4757,28.3171,0.8776,0.0661,0.0857,0.8325,0.1579,0.0096,0.056,1.57,acceptable_delay
68,42,36,108.7893,70.5984,79.7164,0.2473,0.7055,0.7034,0.1288,0.2321,0.6391,0.7944,111.5,critical
69,24,16,42.9808,39.5859,40.0455,0.8542,0.1443,0.208,0.5942,0.2569,0.1489,0.2315,9.14,low
70,30,16,42.8452,39.8213,27.3199,0.7135,0.1078,0.1312,0.4924,0.3606,0.147,0.2465,9.15,low
71,36,30,107.7539,71.8707,72.7694,0.3478,0.6265,0.5091,0.0,0.2545,0.7944,0.7326,87.42,critical
72,24,36,49.9078,51.6007,52.295,0.5283,0.1644,0.2254,0.253,0.4876,0.2594,0.3731,22.15,medium
73,36,48,69.5874,42.1138,77.1509,0.4978,0.5897,0.5049,0.4044,0.2293,0.3662,0.5157,51.53,high
74,18,20,43.5602,31.5194,25.4959,0.8035,0.0864,0.1408,0.5816,0.326,0.0924,0.1352,9.83,low
75,42,48,75.4119,56.2034,81.5731,0.3636,0.6009,0.4656,0.0214,0.2905,0.6881,0.5949,56.4,high
76,24,36,43.6922,51.3067,37.0604,0.645,0.2288,0.2553,0.1185,0.5226,0.3589,0.3029,12.54,medium
77,30,24,43.3566,38.1064,55.4974,0.5422,0.3395,0.2781,0.2385,0.4673,0.2942,0.4793,15.02,medium
78,48,48,59.5116,59.7624,79.7705,0.4827,0.3074,0.5025,0.2123,0.3618,0.4259,0.4617,56.98,high
79,36,30,101.0533,54.4331,89.1466,0.2482,0.8492,0.6284,0.042,0.1904,0.7676,0.8281,114.8,critical
80,30,24,23.6829,32.1323,23.1313,0.9831,0.0699,0.05,0.8965,0.0569,0.0466,0.0462,5.56,acceptable_delay
81,18,12,25.858,29.6953,19.819,0.8298,0.0003,0.0131,0.7853,0.1488,0.0659,0.1308,1.0,acceptable_delay
82,36,30,77.7928,56.7141,60.4513,0.4662,0.3686,0.4458,0.2325,0.3052,0.4622,0.5242,35.39,high
83,42,36,49.309,40.4421,40.3223,0.6727,0.2547,0.4177,0.4359,0.3172,0.2469,0.2774,16.62,medium
84,36,24,54.9177,41.555,51.2487,0.6065,0.1716,0.2467,0.1652,0.545,0.2898,0.3917,14.92,medium
85,42,48,74.6857,55.667,53.4413,0.4366,0.4338,0.388,0.3923,0.1878,0.4199,0.4944,48.24,high
86,24,20,55.4909,50.507,52.6676,0.5257,0.298,0.4021,0.3888,0.444,0.1672,0.3833,22.96,medium
87,24,16,37.0558,23.9989,22.1515,0.9606,0.0028,0.0101,0.8381,0.0996,0.0623,0.0454,3.55,acceptable_delay
88,30,24,21.0959,26.1539,29.3742,0.9243,0.0434,0.1122,0.8544,0.141,0.0046,0.0858,3.92,acceptable_delay
89,36,48,51.2218,50.6601,50.7675,0.4888,0.1961,0.2287,0.2527,0.3988,0.3485,0.3951,24.0,medium
90,30,12,28.042,34.6064,26.009,0.942,0.0496,0.018,0.8766,0.0628,0.0606,0.1537,6.0,acceptable_delay
91,48,48,71.8249,47.7068,84.5373,0.5115,0.3795,0.4534,0.0,0.4102,0.6772,0.5308,58.15,high
92,24,24,64.2666,36.2712,50.5346,0.6848,0.3457,0.3,0.4612,0.297,0.2418,0.371,14.64,medium
93,36,30,74.9022,57.7714,51.883,0.3044,0.5537,0.2967,0.235,0.2869,0.4781,0.6449,49.96,high
94,36,36,108.3449,58.1844,104.4819,0.2551,0.6988,0.3506,0.261,0.0771,0.6619,0.7215,109.23,critical
95,30,24,55.644,60.4034,80.4312,0.3695,0.3288,0.5574,0.1373,0.3808,0.482,0.6118,36.43,high
96,36,30,30.877,41.6777,28.8502,0.7828,0.1738,0.1085,0.5166,0.3091,0.1743,0.1588,6.95,low
97,18,20,28.1751,23.6991,14.0196,0.845,0.0632,0.0039,0.8556,0.1001,0.0443,0.1834,3.72,acceptable_delay
98,24,48,46.9718,46.8446,57.5855,0.6748,0.2846,0.3519,0.2465,0.3972,0.3563,0.3209,12.78,medium
99,30,20,37.5412,28.63,12.3102,0.9613,0.0377,0.1342,0.8268,0.152,0.0212,0.05,2.12,acceptable_delay
100,42,48,79.0569,56.5811,79.7301,0.3484,0.5619,0.3635,0.0426,0.2471,0.7102,0.6559,28.85,high
101,36,48,62.2225,42.8235,50.5556,0.6569,0.2105,0.3914,0.255,0.4901,0.255,0.3497,17.0,medium
102,30,30,50.2931,48.7706,55.0592,0.6213,0.277,0.2372,0.3312,0.4553,0.2135,0.2956,14.58,medium
103,36,80,93.6253,69.3143,83.4259,0.2204,0.7131,0.4655,0.171,0.054,0.775,0.7411,116.48,critical
104,60,80,98.8114,63.1119,70.4191,0.3552,0.573,0.3606,0.0,0.1965,0.8594,0.6623,88.66,critical
105,30,16,45.6806,34.1322,29.3992,0.7168,0.0682,0.1659,0.587,0.3089,0.1041,0.1647,7.07,low
106,30,24,45.7908,49.8684,43.7301,0.695,0.161,0.3028,0.2694,0.4795,0.2511,0.2595,17.95,medium
107,48,48,59.8939,43.3112,65.1205,0.3623,0.5961,0.3963,0.0886,0.3254,0.586,0.6031,55.22,high
108,36,60,65.4556,43.3853,80.4695,0.5307,0.5106,0.3166,0.142,0.4476,0.4104,0.4655,59.68,high
109,24,24,52.2352,51.2793,46.068,0.4991,0.2677,0.1983,0.3414,0.4252,0.2333,0.383,22.2,medium
110,24,48,64.6894,43.2247,36.2973,0.5024,0.2148,0.4153,0.1095,0.5676,0.3229,0.4166,17.17,medium
111,42,48,71.2953,51.4662,70.843,0.2017,0.8168,0.7326,0.0,0.2421,0.7806,0.8244,89.79,critical
112,24,24,29.054,22.7856,10.189,0.8508,0.04,0.0651,0.7997,0.1375,0.0628,0.1836,1.28,acceptable_delay
113,24,16,42.8124,38.9702,30.0884,0.6936,0.096,0.1735,0.643,0.2073,0.1497,0.2265,8.96,low
114,36,24,41.0773,30.549,41.525,0.8469,0.0965,0.1751,0.7033,0.1864,0.1102,0.09,8.5,low
115,18,16,48.7701,38.5359,41.7092,0.8701,0.1366,0.2004,0.5489,0.3855,0.0656,0.1004,10.8,low
116,36,48,79.2526,60.9608,54.0631,0.3244,0.3422,0.573,0.2397,0.1864,0.5739,0.5898,55.14,high
117,42,30,107.0491,62.2387,119.6128,0.3228,0.8106,0.39,0.1315,0.1073,0.7612,0.7704,64.54,critical
118,30,60,58.1145,42.0808,82.7077,0.4595,0.3527,0.3248,0.117,0.2704,0.6126,0.4714,53.04,high
119,42,24,59.6046,42.986,38.783,0.6066,0.3492,0.2928,0.2706,0.4132,0.3162,0.4189,12.95,medium
120,18,12,21.3441,25.8635,15.995,0.9609,0.0289,0.1416,0.8181,0.1242,0.0577,0.0852,1.9,acceptable_delay
121,30,24,69.484,58.4865,67.5377,0.337,0.4064,0.4674,0.0611,0.3163,0.6225,0.6143,59.69,high
122,48,24,79.1643,60.2668,80.1518,0.5219,0.3074,0.2924,0.1224,0.2456,0.632,0.4348,28.81,high
123,36,24,59.1204,38.2953,60.78,0.6333,0.3527,0.3905,0.1441,0.5498,0.3061,0.3763,24.0,medium
124,24,20,47.656,44.9678,58.5471,0.5329,0.1911,0.2928,0.4024,0.3361,0.2614,0.383,15.05,medium
125,36,24,73.5062,47.5152,57.7083,0.2919,0.3039,0.2939,0.2629,0.2323,0.5048,0.6283,58.21,high
126,24,24,29.1457,23.8773,14.8572,0.8566,0.0517,0.1383,0.8847,0.0476,0.0678,0.166,1.22,acceptable_delay
127,48,30,83.296,42.4767,57.2259,0.4332,0.3551,0.5746,0.0105,0.3877,0.6018,0.5583,47.93,high
128,42,80,104.2456,53.1162,91.0112,0.2815,0.6742,0.7411,0.1724,0.0978,0.7298,0.7023,70.94,critical
129,30,60,79.9377,45.7616,53.1216,0.5209,0.5393,0.4385,0.3212,0.2647,0.4141,0.4542,28.3,high
130,30,20,33.9611,31.9835,11.6408,0.8478,0.0569,0.0951,0.8507,0.0902,0.0592,0.0846,1.0,acceptable_delay
131,30,20,55.8439,49.7731,42.5456,0.6478,0.3212,0.2684,0.2301,0.4777,0.2922,0.3604,17.62,medium
132,42,30,62.7229,37.7253,40.3728,0.595,0.2897,0.2438,0.3081,0.445,0.2469,0.4186,21.64,medium
133,36,36,60.699,55.7196,74.9417,0.4293,0.3654,0.4027,0.2459,0.2116,0.5424,0.5661,36.26,high
134,30,16,22.3826,23.87,13.0637,0.9546,0.0485,0.0624,0.8366,0.1195,0.0439,0.0814,3.12,acceptable_delay
135,42,20,59.4537,50.6661,51.07,0.5167,0.3026,0.2418,0.3273,0.4161,0.2566,0.4076,19.91,medium
136,24,30,42.6271,41.4331,40.3348,0.7613,0.0641,0.2273,0.4373,0.4057,0.157,0.2,9.45,low
137,18,20,26.1773,32.7656,25.3166,0.9961,0.0517,0.0631,0.8179,0.1027,0.0794,0.1113,4.73,acceptable_delay
138,36,60,89.7959,63.3049,89.2237,0.142,0.7183,0.7161,0.0085,0.2296,0.7619,0.7832,113.65,critical
139,30,48,72.1497,49.1904,50.7173,0.3978,0.4425,0.39,0.2142,0.274,0.5118,0.5384,58.78,high
140,48,30,106.4368,65.5085,118.4711,0.3146,0.8472,0.4149,0.11,0.1805,0.7095,0.7941,76.77,critical
141,24,30,47.8273,30.9559,36.7018,0.6909,0.1123,0.1167,0.648,0.2227,0.1292,0.2354,8.66,low
142,30,36,63.891,48.3065,38.3346,0.6064,0.3339,0.3213,0.3558,0.3087,0.3356,0.3758,19.96,medium
143,36,48,58.5213,45.2098,44.4427,0.4986,0.2432,0.3026,0.4178,0.3777,0.2045,0.3914,23.04,medium
144,24,24,19.5497,26.0002,15.4343,0.8775,0.0432,0.0208,0.8196,0.1619,0.0185,0.142,1.0,acceptable_delay
145,24,16,30.7929,23.4575,19.9237,0.8796,0.0062,0.052,0.8236,0.1509,0.0256,0.1667,5.08,acceptable_delay
146,18,12,29.2537,23.4139,15.7219,0.9164,0.0275,0.0616,0.8471,0.1223,0.0306,0.1041,1.0,acceptable_delay
147,24,36,54.0741,46.1269,54.7921,0.521,0.2287,0.349,0.4699,0.3346,0.1955,0.4542,19.36,medium
148,36,48,52.6606,44.7342,50.3442,0.6045,0.1841,0.2715,0.1211,0.5574,0.3215,0.2994,13.93,medium
149,42,30,96.3564,54.2735,81.1954,0.1978,0.7359,0.3845,0.0058,0.2684,0.7259,0.7821,110.69,critical
150,24,48,62.9288,49.8921,39.4772,0.5824,0.2953,0.3002,0.1814,0.546,0.2726,0.4012,22.76,medium
151,24,12,35.8854,31.4377,12.3067,0.9533,0.0002,0.1288,0.9603,0.0387,0.001,0.0368,4.37,acceptable_delay
152,24,16,33.1182,26.0214,15.7083,0.8306,0.0615,0.0978,0.8111,0.1704,0.0186,0.1934,1.85,acceptable_delay
153,18,24,24.2837,35.504,29.3745,0.8725,0.0556,0.0737,0.8779,0.0761,0.0461,0.1064,4.42,acceptable_delay
154,30,24,37.3784,26.5693,22.6825,0.961,0.036,0.0342,0.8544,0.1013,0.0442,0.0249,3.19,acceptable_delay
155,36,16,44.5263,42.7784,36.9153,0.7835,0.1792,0.1313,0.6777,0.2333,0.089,0.266,7.23,low
156,18,12,36.582,34.3021,26.6333,0.8754,0.0046,0.1317,0.878,0.0463,0.0758,0.1093,1.58,acceptable_delay
157,36,48,96.5929,74.9601,104.7953,0.3284,0.8497,0.4623,0.0,0.2953,0.8719,0.8516,86.04,critical
158,24,48,56.0221,49.5926,37.7504,0.615,0.2565,0.2201,0.4812,0.3416,0.1772,0.3259,22.21,medium
159,24,12,31.6059,32.0369,19.7766,0.9818,0.0356,0.0083,0.8805,0.1089,0.0106,0.0612,3.52,acceptable_delay
160,18,16,28.0779,26.0497,26.3157,0.9517,0.0255,0.0897,0.8553,0.0909,0.0538,0.0446,1.43,acceptable_delay
161,36,36,44.2711,37.4218,59.1113,0.5419,0.3477,0.3959,0.4862,0.3519,0.1619,0.4241,16.08,medium
162,24,24,24.2901,23.9576,15.5394,0.8352,0.0443,0.09,0.7734,0.178,0.0486,0.1679,5.22,acceptable_delay
163,18,12,27.5249,32.8922,20.2648,0.8396,0.0403,0.1418,0.8177,0.1788,0.0035,0.1822,3.19,acceptable_delay
164,42,24,58.4287,43.9812,46.3941,0.5558,0.1633,0.3943,0.3321,0.422,0.2459,0.3595,24.0,medium
165,24,12,23.8689,22.6133,13.9894,0.8275,0.0747,0.0773,0.7877,0.1332,0.0791,0.1246,3.83,acceptable_delay
166,42,60,72.1032,43.6442,84.9804,0.3995,0.313,0.4308,0.1491,0.2539,0.597,0.543,57.37,high
167,24,20,57.1899,40.4679,42.7036,0.5472,0.2774,0.2834,0.3646,0.4274,0.208,0.3702,15.02,medium
168,18,16,33.998,39.7524,28.2187,0.7373,0.0901,0.2227,0.6094,0.2508,0.1398,0.258,7.13,low
169,30,20,31.8857,35.9848,28.1221,0.733,0.1668,0.1225,0.6646,0.2521,0.0833,0.2492,9.09,low
170,42,30,47.7976,37.9938,38.8269,0.5457,0.1672,0.3897,0.3403,0.4059,0.2538,0.328,23.09,medium
171,48,30,83.6072,59.732,107.8378,0.129,0.6793,0.6747,0.2345,0.0975,0.668,0.8323,110.71,critical
172,30,20,32.5037,29.8264,28.2525,0.9904,0.072,0.0982,0.9098,0.0724,0.0178,0.1115,3.37,acceptable_delay
173,36,30,47.3669,38.1639,34.5208,0.8188,0.0744,0.1671,0.4923,0.3829,0.1248,0.1235,6.19,low
174,42,30,58.0185,46.0654,60.016,0.6566,0.2009,0.1883,0.1937,0.4693,0.337,0.3544,21.85,medium
175,30,20,29.547,31.864,10.9165,0.861,0.0232,0.012,0.9322,0.0492,0.0186,0.0851,3.46,acceptable_delay
176,48,30,70.0946,51.9945,78.1694,0.3359,0.4919,0.3713,0.1964,0.3432,0.4604,0.5997,39.9,high
177,30,20,49.9199,42.7216,30.5176,0.6924,0.0909,0.1458,0.4023,0.4177,0.18,0.3156,11.79,low
178,30,30,41.9307,30.895,32.5642,0.7064,0.062,0.1689,0.4875,0.3442,0.1682,0.281,9.43,low
179,42,36,80.6614,51.3982,67.0726,0.4845,0.5686,0.4446,0.0785,0.3642,0.5573,0.5816,54.27,high
180,48,48,109.7972,55.9127,80.2445,0.17,0.5356,0.5382,0.2799,0.0854,0.6347,0.7372,111.62,critical
181,48,30,76.4671,56.8505,60.0281,0.3039,0.4175,0.5208,0.1677,0.2808,0.5515,0.6771,53.07,high
182,30,20,45.7281,47.7185,39.4873,0.585,0.3541,0.1894,0.4212,0.3312,0.2476,0.444,19.64,medium
183,24,24,44.6323,35.6545,53.4799,0.6865,0.2718,0.1901,0.3868,0.2982,0.315,0.3612,15.68,medium
184,42,60,71.0688,49.8435,80.067,0.4136,0.4485,0.5226,0.0542,0.4295,0.5163,0.5194,36.9,high
185,36,30,37.3054,32.4764,31.8905,0.8111,0.1524,0.1088,0.5274,0.3772,0.0955,0.2363,9.81,low
186,48,80,102.4305,69.3733,100.5606,0.303,0.5632,0.5287,0.0,0.2652,0.864,0.7033,74.41,critical
187,42,48,76.3924,55.4656,55.4054,0.4974,0.3411,0.4505,0.0826,0.2495,0.6679,0.4709,57.17,high
188,30,20,36.6941,24.8596,24.3238,0.863,0.0317,0.1008,0.8859,0.0901,0.024,0.1537,1.03,acceptable_delay
189,48,30,73.4115,43.8991,73.9338,0.4402,0.5161,0.2593,0.264,0.1987,0.5373,0.5287,36.59,high
190,48,30,91.9701,71.2243,77.3621,0.2653,0.6256,0.6206,0.1446,0.1165,0.7389,0.7723,86.43,critical
191,30,16,23.5494,26.3387,20.2261,0.8566,0.0646,0.0805,0.8182,0.1505,0.0313,0.1798,3.18,acceptable_delay
192,30,20,36.3737,30.2624,23.4422,0.8764,0.0191,0.0175,0.9133,0.0569,0.0299,0.0926,3.78,acceptable_delay
193,30,20,25.6181,30.3635,15.898,0.911,0.0344,0.119,0.8365,0.1544,0.0092,0.1435,3.98,acceptable_delay
194,48,36,73.504,61.5892,79.7708,0.538,0.3826,0.4343,0.0,0.3999,0.679,0.477,50.34,high
195,36,30,68.8664,61.2495,50.2409,0.2887,0.5166,0.5361,0.0,0.4128,0.7183,0.6238,41.56,high
196,30,12,20.064,27.1459,15.9851,0.8889,0.0651,0.1312,0.79,0.1587,0.0513,0.0579,3.46,acceptable_delay
197,48,60,70.6885,46.8938,77.9044,0.3293,0.5996,0.533,0.1918,0.3737,0.4345,0.5988,60.0,high
198,48,48,105.5363,54.5655,80.6155,0.3241,0.581,0.4606,0.0,0.1876,0.8693,0.7122,116.02,critical
199,18,30,38.7612,38.5611,26.7001,0.7087,0.1081,0.1804,0.5347,0.4021,0.0632,0.299,7.74,low
200,36,30,60.6465,47.0922,37.062,0.4805,0.3459,0.2157,0.3231,0.3761,0.3008,0.4493,22.93,medium
201,24,20,22.1901,25.7377,28.7331,0.9366,0.0487,0.0257,0.8806,0.061,0.0583,0.0713,5.62,acceptable_delay
202,60,80,82.9751,65.2471,107.7994,0.3164,0.6006,0.4547,0.2709,0.1267,0.6024,0.6937,116.64,critical
203,30,16,28.3199,29.7267,16.6198,0.8967,0.037,0.1197,0.8842,0.0654,0.0504,0.1275,3.04,acceptable_delay
204,36,36,50.4484,37.04,37.2312,0.5974,0.2904,0.3023,0.3928,0.4519,0.1553,0.372,16.88,medium
205,42,48,67.1271,49.5413,67.1663,0.4126,0.4029,0.4098,0.1918,0.3144,0.4939,0.5881,37.11,high
206,36,24,54.3146,39.1693,56.0608,0.6687,0.3118,0.3382,0.2263,0.5605,0.2132,0.3556,20.92,medium
207,36,30,36.5669,38.5725,38.8692,0.7105,0.128,0.2173,0.6049,0.2205,0.1746,0.2277,11.5,low
208,18,30,39.9057,31.0802,40.0616,0.8186,0.1088,0.1171,0.666,0.2374,0.0966,0.2467,6.68,low
209,42,36,85.8801,61.9337,111.9033,0.2642,0.7648,0.5129,0.1147,0.2307,0.6546,0.8241,100.14,critical
210,18,20,34.1422,25.8077,11.2774,0.9482,0.0461,0.0116,0.8652,0.0984,0.0364,0.0777,3.1,acceptable_delay
211,24,20,36.2535,29.0335,17.7676,0.8524,0.0255,0.0329,0.7504,0.1779,0.0717,0.0678,5.72,acceptable_delay
212,48,36,77.9024,48.2695,84.9684,0.3314,0.4879,0.2641,0.2139,0.3055,0.4806,0.6108,60.0,high
213,42,30,90.7182,65.621,73.5718,0.3019,0.6914,0.6451,0.2059,0.0912,0.703,0.6955,113.45,critical
214,24,30,46.7133,32.6725,41.575,0.8557,0.149,0.154,0.6465,0.1973,0.1562,0.2035,6.93,low
215,48,36,69.9905,45.6913,64.05,0.3412,0.6154,0.4589,0.1413,0.383,0.4757,0.6517,27.81,high
216,18,16,37.4563,35.8813,35.029,0.8459,0.1164,0.1704,0.4468,0.3959,0.1573,0.1665,8.67,low
217,24,16,43.651,34.1722,43.3186,0.869,0.1063,0.1718,0.5145,0.3987,0.0868,0.1921,8.97,low
218,36,16,40.8026,30.043,44.0831,0.8436,0.1178,0.1764,0.5623,0.2661,0.1716,0.2026,8.9,low
219,42,20,44.6028,42.2667,54.6211,0.5147,0.2178,0.2106,0.2877,0.3858,0.3265,0.4104,20.01,medium
220,30,30,71.1082,45.3473,75.9033,0.5379,0.5288,0.4794,0.2873,0.2573,0.4554,0.5609,36.28,high
221,24,30,44.5421,33.0265,28.0137,0.7787,0.101,0.133,0.4266,0.4195,0.1539,0.2,10.7,low
222,36,48,73.3783,48.9029,84.5792,0.4028,0.5942,0.3005,0.1743,0.2772,0.5485,0.5692,49.01,high
223,42,36,83.4846,42.8194,79.3292,0.349,0.5006,0.3906,0.216,0.3716,0.4123,0.6513,43.93,high
224,24,20,40.5348,32.2179,25.7031,0.7514,0.1698,0.2269,0.5002,0.389,0.1107,0.2952,9.0,low
225,18,12,36.5887,24.2118,19.1304,0.9985,0.0342,0.1494,0.7296,0.1976,0.0728,0.0242,5.59,acceptable_delay
226,30,20,26.762,29.2461,12.4201,0.8604,0.027,0.0882,0.9097,0.0718,0.0184,0.0576,3.09,acceptable_delay
227,48,30,83.5063,53.095,67.4289,0.3143,0.6186,0.4048,0.3678,0.2417,0.3905,0.6979,34.21,high
228,42,30,56.2255,51.5567,44.7397,0.6417,0.295,0.2748,0.4629,0.3175,0.2196,0.2804,13.49,medium
229,36,24,32.416,38.8931,35.9177,0.7443,0.1758,0.1162,0.7224,0.2216,0.0559,0.1706,8.3,low
230,24,12,37.4499,25.1914,16.0096,0.9539,0.0619,0.0481,0.7968,0.1449,0.0583,0.0252,3.59,acceptable_delay
231,30,36,57.8647,42.0346,84.4795,0.2834,0.4046,0.3511,0.0206,0.3334,0.646,0.6249,28.54,high
232,30,48,70.2268,49.758,65.4766,0.3355,0.3462,0.2755,0.0,0.3645,0.6597,0.5519,40.62,high
233,36,20,31.793,39.2333,33.6586,0.7321,0.0976,0.2463,0.4715,0.4136,0.1149,0.1932,8.18,low
234,36,80,100.64,69.4884,93.2649,0.1342,0.7338,0.4613,0.1261,0.2473,0.6266,0.7998,86.71,critical
235,30,20,59.6504,39.2844,43.4093,0.5611,0.1816,0.2571,0.318,0.402,0.28,0.2987,21.99,medium
236,42,30,65.9135,57.5552,66.5811,0.3403,0.301,0.3675,0.0887,0.3317,0.5796,0.6098,60.0,high
237,48,24,65.0136,49.4076,60.7803,0.4114,0.6193,0.5562,0.2656,0.2378,0.4966,0.6043,34.59,high
238,48,36,91.8991,61.841,114.0227,0.1697,0.5678,0.6373,0.128,0.2119,0.6601,0.742,78.56,critical
239,36,60,86.1079,53.2376,79.0353,0.1339,0.7526,0.5286,0.0,0.2154,0.8314,0.9164,110.68,critical
240,24,30,44.6377,50.5913,43.832,0.6597,0.2518,0.1964,0.3712,0.3527,0.2761,0.3971,15.4,medium
241,24,30,43.4234,44.1053,57.8722,0.7152,0.2171,0.2676,0.1748,0.519,0.3062,0.3005,19.48,medium
242,30,20,32.6472,23.2619,15.9022,0.9545,0.0141,0.0198,0.7423,0.2146,0.0432,0.07,5.69,acceptable_delay
243,30,20,41.1068,41.132,28.9213,0.84,0.1486,0.1604,0.6676,0.2812,0.0513,0.1191,11.6,low
244,24,24,54.0137,35.1235,51.2806,0.7169,0.3099,0.4037,0.36,0.3811,0.2588,0.3076,18.28,medium
245,18,16,35.1422,31.0633,23.5539,0.8684,0.0328,0.003,0.7617,0.1758,0.0624,0.0528,5.5,acceptable_delay
246,48,80,77.9787,60.0488,112.0955,0.2684,0.6974,0.3884,0.1499,0.0991,0.751,0.7185,66.0,critical
247,36,24,43.5677,44.8007,44.5409,0.4971,0.2992,0.2906,0.0496,0.5735,0.3768,0.4897,19.7,medium
248,42,20,54.3807,42.8302,38.9069,0.7063,0.3258,0.3,0.2847,0.4604,0.2548,0.2779,21.6,medium
249,36,20,64.9725,48.1128,42.9873,0.6171,0.1581,0.2458,0.433,0.3552,0.2118,0.3412,21.41,medium
250,36,36,59.8342,49.9766,37.2756,0.609,0.2319,0.3525,0.2115,0.4361,0.3524,0.3732,16.0,medium
251,42,36,42.2129,36.9989,61.8851,0.6528,0.3348,0.2451,0.229,0.5469,0.2241,0.364,14.61,medium
252,48,24,77.3488,55.1092,68.0072,0.3711,0.6189,0.3115,0.1084,0.4154,0.4762,0.6711,42.53,high
253,42,30,83.2564,50.4228,64.6204,0.478,0.442,0.3782,0.2475,0.268,0.4845,0.5082,51.9,high
254,24,16,35.5457,30.811,32.7718,0.8792,0.091,0.2182,0.7302,0.1967,0.0731,0.2018,6.96,low
255,36,24,58.1611,36.6555,45.9967,0.6579,0.1712,0.3738,0.3593,0.4562,0.1845,0.2807,20.64,medium
256,30,24,43.0123,43.7125,57.0219,0.5574,0.2816,0.3299,0.2366,0.3985,0.3649,0.4025,15.33,medium
257,36,60,85.0908,60.2798,83.9894,0.1814,0.7015,0.6759,0.0,0.2795,0.7617,0.843,107.49,critical
258,24,16,32.8246,29.7235,18.5537,0.8217,0.006,0.1325,0.794,0.1337,0.0723,0.1875,3.03,acceptable_delay
259,24,20,24.4212,23.4644,13.2165,0.8941,0.0396,0.0994,0.7935,0.1745,0.032,0.0401,1.0,acceptable_delay
260,24,20,42.6037,48.4387,57.7008,0.6046,0.3057,0.2562,0.3591,0.4517,0.1892,0.3578,19.44,medium
261,18,12,21.1523,31.6048,26.5277,0.9454,0.0032,0.1254,0.9264,0.0473,0.0262,0.0297,2.03,acceptable_delay
262,30,48,79.8866,50.3449,66.224,0.5188,0.483,0.5546,0.1009,0.2402,0.6589,0.5055,59.37,high
263,42,20,58.3882,48.4514,59.9,0.6166,0.2029,0.2027,0.3061,0.4693,0.2246,0.3198,24.0,medium
264,42,36,77.6289,43.2931,52.1974,0.3729,0.5345,0.4545,0.1459,0.2016,0.6526,0.6701,51.81,high
265,18,12,31.6342,29.5176,15.3365,0.9354,0.0089,0.0652,0.7525,0.2112,0.0363,0.1263,1.85,acceptable_delay
266,18,16,32.3204,31.8185,18.3904,0.9009,0.0223,0.1304,0.879,0.0603,0.0607,0.0895,1.41,acceptable_delay
267,48,30,62.9352,48.6005,74.2801,0.4037,0.5269,0.4983,0.0975,0.2725,0.6301,0.637,38.51,high
268,36,36,86.2326,59.3882,96.7724,0.3596,0.8062,0.3961,0.0,0.2752,0.8222,0.7096,106.62,critical
269,42,30,105.2953,71.3703,106.168,0.3677,0.8213,0.5948,0.0,0.2396,0.7616,0.7142,87.24,critical
270,36,30,82.5288,47.5894,50.1109,0.4612,0.4393,0.5341,0.0352,0.3005,0.6643,0.5203,56.99,high
271,24,30,56.5517,51.5277,43.7632,0.7071,0.3356,0.2434,0.2698,0.5495,0.1807,0.2902,24.0,medium
272,30,30,57.0865,44.5735,47.406,0.6861,0.1794,0.3684,0.1415,0.557,0.3014,0.2412,22.96,medium
273,60,30,97.4699,60.1234,77.517,0.1204,0.728,0.7248,0.1841,0.1927,0.6233,0.8015,87.81,critical
274,36,24,77.6398,61.4464,61.8355,0.3914,0.5403,0.4125,0.1266,0.3217,0.5517,0.6294,40.41,high
275,30,24,43.7278,49.27,48.8695,0.7086,0.2388,0.271,0.4502,0.314,0.2359,0.3552,15.95,medium
276,24,12,26.2979,27.5504,17.4792,0.8895,0.0065,0.0337,0.9257,0.0488,0.0255,0.1266,1.47,acceptable_delay
277,30,36,53.2384,46.6957,60.773,0.6367,0.2288,0.346,0.1895,0.4776,0.3329,0.3873,23.88,medium
278,24,36,58.1596,47.7444,41.5941,0.6574,0.3497,0.3776,0.2091,0.4384,0.3525,0.3915,21.65,medium
279,36,36,60.0631,40.7634,44.7285,0.6854,0.2405,0.3938,0.2756,0.3963,0.3281,0.2836,19.61,medium
280,24,20,36.3499,37.2454,43.972,0.7037,0.0981,0.2295,0.4918,0.3637,0.1445,0.2973,8.72,low
281,36,16,40.4454,34.7356,27.9549,0.7101,0.1422,0.131,0.6369,0.2565,0.1066,0.2943,6.3,low
282,42,24,56.725,40.4432,35.8457,0.6243,0.2299,0.4048,0.3578,0.409,0.2331,0.3369,14.55,medium
283,30,20,48.1184,47.1584,46.2052,0.6311,0.2015,0.3608,0.212,0.5162,0.2718,0.2835,18.93,medium
284,30,36,47.2343,47.2967,40.6666,0.5361,0.2733,0.3126,0.2179,0.5243,0.2578,0.3835,15.0,medium
285,30,24,29.6897,22.1029,29.9886,0.994,0.0672,0.0842,0.8688,0.0837,0.0475,0.0864,2.53,acceptable_delay
286,30,36,72.5698,55.9643,67.1885,0.5236,0.3939,0.3037,0.2731,0.2695,0.4574,0.4241,32.34,high
287,42,60,62.7351,52.2979,71.5082,0.5155,0.4392,0.4034,0.2209,0.4143,0.3647,0.4774,27.97,high
288,30,36,72.6442,60.3267,62.6518,0.4639,0.517,0.2717,0.1462,0.4067,0.4471,0.5401,53.06,high
289,18,12,29.1615,27.8264,21.9225,0.9313,0.0621,0.0571,0.8408,0.0865,0.0727,0.1097,2.86,acceptable_delay
290,36,48,62.6028,42.2086,74.2383,0.2913,0.5455,0.2925,0.1958,0.199,0.6051,0.6202,33.15,high
291,36,30,66.9029,42.2343,66.8272,0.5116,0.3601,0.5369,0.0013,0.2895,0.7092,0.582,42.29,high
292,36,20,54.2238,46.6276,45.9831,0.559,0.1687,0.3982,0.3471,0.3239,0.329,0.4142,15.82,medium
293,18,12,37.9717,33.8622,18.5255,0.8394,0.057,0.0665,0.8369,0.0912,0.0719,0.097,1.7,acceptable_delay
294,42,24,60.8662,49.3093,49.7614,0.6772,0.2931,0.3862,0.2983,0.4097,0.2919,0.3583,16.16,medium
295,42,24,62.6971,49.8989,35.4188,0.509,0.2053,0.3131,0.1332,0.5029,0.3639,0.3639,13.86,medium
296,36,24,46.4742,38.3986,30.1289,0.8002,0.1087,0.0993,0.6861,0.2389,0.0749,0.2295,9.18,low
297,48,48,69.2072,46.8718,75.318,0.4423,0.4544,0.3824,0.2043,0.4308,0.3648,0.4906,60.0,high
298,30,20,37.9485,32.4547,18.6794,0.8377,0.0507,0.1309,0.8026,0.1619,0.0355,0.1963,1.71,acceptable_delay
299,36,30,109.3125,71.8305,112.6515,0.1009,0.5838,0.6615,0.0,0.2861,0.8542,0.8929,71.19,critical
300,42,48,68.5387,59.6108,75.8628,0.4556,0.3234,0.4638,0.2018,0.3225,0.4757,0.5247,55.52,high
301,24,24,62.5988,45.0904,44.9866,0.6359,0.2297,0.2853,0.2766,0.4564,0.267,0.4015,14.11,medium
302,18,24,35.3058,23.6434,26.2378,0.8578,0.059,0.1034,0.7852,0.1459,0.0689,0.1262,4.44,acceptable_delay
303,60,80,88.658,71.9649,76.1889,0.1135,0.8415,0.4464,0.1511,0.2197,0.6293,0.8633,72.5,critical
304,30,48,58.5777,35.7448,40.1761,0.6121,0.203,0.3905,0.1017,0.552,0.3463,0.4227,23.97,medium
305,18,20,45.5746,42.192,38.9223,0.7071,0.1096,0.1567,0.6051,0.3217,0.0733,0.2648,7.58,low
306,30,48,62.1393,44.1122,56.0479,0.5065,0.3533,0.3266,0.3784,0.4419,0.1797,0.4974,13.69,medium
307,18,24,20.7307,33.413,29.2766,0.911,0.0396,0.1027,0.7772,0.1896,0.0333,0.0942,1.0,acceptable_delay
308,30,30,37.0254,38.5961,29.9523,0.8096,0.1311,0.2348,0.6883,0.2532,0.0585,0.1601,6.1,low
309,30,24,31.8063,28.3957,16.0424,0.9999,0.0683,0.016,0.8713,0.0982,0.0305,0.0265,2.92,acceptable_delay
310,30,20,41.8992,42.8786,27.4552,0.8476,0.147,0.1273,0.5376,0.3197,0.1428,0.1475,11.16,low
311,24,24,56.5258,46.6972,35.912,0.66,0.3207,0.2707,0.2323,0.5255,0.2422,0.4023,22.72,medium
312,36,16,43.0763,41.6049,33.3431,0.7784,0.1425,0.1216,0.688,0.2465,0.0655,0.2737,7.27,low
313,18,12,26.4675,35.8359,18.7079,0.9995,0.0502,0.1251,0.7763,0.2031,0.0206,0.1064,1.0,acceptable_delay
314,42,48,43.8664,49.9042,52.5842,0.6093,0.3374,0.3759,0.4306,0.317,0.2524,0.4501,17.96,medium
315,36,24,52.1743,35.1027,58.4864,0.4968,0.1904,0.3322,0.4762,0.3413,0.1826,0.3341,20.89,medium
316,42,30,55.017,43.3246,80.0594,0.3517,0.4545,0.2718,0.0318,0.4449,0.5233,0.6609,43.39,high
317,48,24,73.6625,60.7059,81.0882,0.4943,0.3385,0.5583,0.0949,0.2091,0.696,0.5397,47.05,high
318,48,36,81.4581,49.3616,50.7328,0.4975,0.3461,0.4018,0.0608,0.3262,0.613,0.4639,41.58,high
319,48,30,65.553,52.7553,78.8311,0.4647,0.4388,0.4178,0.0184,0.3174,0.6642,0.581,27.6,high
320,30,30,74.7878,60.3049,61.5763,0.3278,0.4248,0.3254,0.022,0.2885,0.6895,0.5824,48.66,high
321,48,48,78.366,73.9673,96.2914,0.3255,0.5605,0.5673,0.0,0.2343,0.8612,0.655,66.58,critical
322,18,30,41.6601,38.6259,25.8696,0.7141,0.0941,0.2142,0.6769,0.1927,0.1303,0.2567,6.28,low
323,24,16,45.5905,30.9756,39.4715,0.861,0.1373,0.1576,0.5796,0.2434,0.177,0.1112,11.78,low
324,36,36,79.8933,59.0763,59.7184,0.3313,0.4942,0.4147,0.0791,0.4099,0.511,0.6209,50.51,high
325,42,48,66.2475,48.0757,71.674,0.5283,0.5033,0.4458,0.0,0.4438,0.6013,0.5306,38.56,high
326,30,20,44.7275,41.124,49.7427,0.5601,0.2918,0.24,0.1681,0.5105,0.3214,0.456,15.88,medium
327,42,24,68.0314,58.3481,81.6877,0.3208,0.6027,0.3216,0.3364,0.3075,0.3561,0.6057,33.74,high
328,36,48,61.676,49.9771,54.6803,0.5458,0.328,0.1855,0.1436,0.4833,0.3731,0.4502,22.64,medium
329,18,30,40.1199,40.3873,43.0991,0.7108,0.1008,0.1622,0.5819,0.2545,0.1636,0.2197,10.17,low
330,42,60,87.9602,65.933,92.0532,0.3658,0.7251,0.4099,0.2564,0.1416,0.602,0.6888,107.0,critical
331,42,60,86.161,67.6542,103.2579,0.1495,0.5632,0.49,0.1364,0.1151,0.7486,0.8453,97.07,critical
332,36,24,42.6207,32.2987,37.69,0.6809,0.0928,0.2094,0.5646,0.3635,0.0719,0.2427,10.11,low
333,42,80,99.8709,55.3522,84.6806,0.1539,0.6331,0.4334,0.301,0.0947,0.6043,0.797,103.37,critical
334,36,48,64.4947,46.914,75.8463,0.4859,0.4557,0.4514,0.0443,0.3233,0.6325,0.5623,26.94,high
335,24,30,48.408,31.4682,33.2257,0.6892,0.0914,0.1334,0.5157,0.3427,0.1416,0.2871,10.17,low
336,24,20,43.6963,50.6523,60.6478,0.6986,0.2825,0.3578,0.2425,0.5073,0.2502,0.3461,22.14,medium
337,18,16,47.1917,31.0911,37.032,0.8534,0.1681,0.1492,0.565,0.3378,0.0972,0.1183,12.0,low
338,24,30,60.7169,35.2753,59.2097,0.6005,0.3322,0.3478,0.284,0.4168,0.2992,0.3817,17.79,medium
339,30,30,34.4419,37.4966,26.083,0.8399,0.1174,0.1719,0.6102,0.2745,0.1153,0.1967,8.09,low
340,48,30,61.2837,48.524,58.1703,0.5154,0.4,0.5522,0.0,0.3924,0.7098,0.5307,46.77,high
341,36,48,48.8915,40.5865,37.8309,0.6903,0.3412,0.299,0.1668,0.4716,0.3616,0.384,18.28,medium
342,18,16,30.3761,36.2953,33.6249,0.7193,0.0639,0.1922,0.5803,0.2926,0.1271,0.2798,6.13,low
343,24,20,48.4963,30.4794,27.8318,0.8108,0.1165,0.2361,0.5957,0.3483,0.056,0.1257,6.31,low
344,30,36,53.1364,45.9581,46.7087,0.6171,0.1709,0.1952,0.1224,0.5186,0.359,0.3016,21.89,medium
345,42,36,44.1378,43.7268,61.2783,0.6423,0.286,0.3513,0.1978,0.4382,0.3641,0.3877,14.18,medium
346,24,20,44.6099,31.669,32.7481,0.8001,0.1659,0.1657,0.4849,0.4151,0.1,0.2629,10.47,low
347,30,24,34.0442,31.6538,38.8442,0.6919,0.0764,0.2248,0.6693,0.2211,0.1096,0.2169,11.71,low
348,30,24,47.0171,47.7225,54.8536,0.4822,0.3025,0.3182,0.1174,0.5765,0.306,0.4021,24.0,medium
349,42,48,65.069,58.0629,79.8769,0.4917,0.4303,0.3629,0.0,0.3742,0.6989,0.5508,43.6,high
350,42,20,45.0107,47.7885,50.6704,0.6732,0.3285,0.3503,0.4157,0.3291,0.2552,0.2958,20.88,medium
351,48,30,81.7707,56.2482,52.5537,0.335,0.3662,0.4613,0.2153,0.429,0.3558,0.5178,52.07,high
352,30,12,27.1083,34.4059,21.5134,0.9493,0.0307,0.0599,0.8275,0.1606,0.0118,0.1238,5.51,acceptable_delay
353,30,30,62.2007,54.0784,83.4972,0.525,0.5307,0.3879,0.0143,0.3505,0.6352,0.5753,54.97,high
354,36,48,48.7317,46.1119,49.2248,0.5442,0.2965,0.3008,0.2875,0.5501,0.1624,0.4228,20.22,medium
355,48,30,85.8912,63.0995,96.6768,0.1188,0.5683,0.4311,0.0414,0.2843,0.6743,0.8499,83.09,critical
356,48,60,70.3401,45.8606,81.9622,0.4036,0.5314,0.329,0.1028,0.3725,0.5247,0.5541,30.52,high
357,30,36,57.3777,60.6402,65.8585,0.3592,0.5747,0.3419,0.0692,0.2419,0.6889,0.6318,44.98,high
358,18,16,25.9693,25.9004,11.3884,0.9592,0.0281,0.0764,0.7553,0.1903,0.0544,0.0454,1.25,acceptable_delay
359,30,24,61.3528,43.8569,43.2334,0.6127,0.1758,0.354,0.378,0.2908,0.3312,0.3083,19.05,medium
360,36,48,78.0914,56.6254,51.3799,0.5403,0.4891,0.3458,0.0,0.3032,0.7188,0.5072,27.51,high
361,48,36,58.119,57.6184,74.7985,0.4314,0.568,0.374,0.0282,0.4298,0.542,0.578,48.28,high
362,42,48,52.3521,49.9159,61.7637,0.4902,0.3553,0.1937,0.1782,0.4899,0.3318,0.4752,14.77,medium
363,24,20,47.5329,50.1997,40.0498,0.4869,0.289,0.2886,0.2308,0.5581,0.2111,0.3724,17.75,medium
364,48,36,57.7724,49.1031,62.7265,0.4885,0.4674,0.5237,0.1698,0.226,0.6042,0.6051,46.73,high
365,42,48,61.5121,35.9774,35.1591,0.5905,0.2127,0.2057,0.2728,0.4967,0.2304,0.3399,13.24,medium
366,18,16,19.0498,27.7862,24.3472,0.8381,0.0617,0.0008,0.7494,0.2065,0.044,0.1311,5.98,acceptable_delay
367,30,16,34.1444,33.8322,29.4909,0.9673,0.0491,0.0964,0.7914,0.2065,0.0021,0.1091,1.2,acceptable_delay
368,42,36,84.6345,59.7298,52.4111,0.3164,0.396,0.3799,0.1466,0.4481,0.4053,0.6263,51.7,high
369,60,30,102.5869,71.3796,98.6926,0.1307,0.5232,0.6841,0.2453,0.1025,0.6522,0.7949,118.49,critical
370,42,36,51.0364,38.7381,57.2499,0.646,0.254,0.221,0.3321,0.4711,0.1968,0.3592,15.5,medium
371,48,80,95.2869,68.3222,91.0982,0.2018,0.8034,0.665,0.0087,0.122,0.8693,0.8407,82.81,critical
372,24,20,34.7581,30.535,31.3325,0.7053,0.0912,0.1114,0.6886,0.1883,0.1231,0.2123,8.07,low
373,30,16,31.7264,30.9364,19.5147,0.9893,0.0287,0.045,0.8315,0.1549,0.0136,0.0547,1.77,acceptable_delay
374,42,60,76.1902,64.2805,71.6347,0.1399,0.5316,0.6767,0.0,0.2355,0.8736,0.7771,102.65,critical
375,18,12,36.1016,33.611,16.631,0.8277,0.0369,0.0252,0.768,0.1861,0.0459,0.128,1.31,acceptable_delay
376,18,20,23.0078,27.2058,28.076,0.8498,0.0317,0.0458,0.8696,0.0745,0.056,0.1523,3.12,acceptable_delay
377,24,48,48.1523,37.57,53.6337,0.6037,0.2906,0.3495,0.2255,0.4113,0.3631,0.3836,22.59,medium
378,36,36,88.0517,58.3798,90.9134,0.1258,0.8268,0.6282,0.0022,0.1235,0.8743,0.8927,89.32,critical
379,30,16,42.908,41.768,25.6962,0.8279,0.1559,0.0893,0.4895,0.3412,0.1693,0.1622,8.86,low
380,36,36,67.1917,57.0474,51.5018,0.3665,0.4263,0.3136,0.1003,0.2809,0.6188,0.5921,56.15,high
381,30,30,34.4511,38.7274,29.0567,0.7209,0.0812,0.2423,0.5648,0.3281,0.1071,0.2502,12.0,low
382,30,48,62.5647,43.841,58.5886,0.5043,0.502,0.281,0.2384,0.2711,0.4905,0.5413,42.78,high
383,60,60,100.5221,66.1038,77.1298,0.159,0.6836,0.4555,0.1,0.0601,0.8399,0.7875,116.95,critical
384,30,12,35.0269,22.9593,11.3592,0.9751,0.0323,0.1412,0.8144,0.14,0.0456,0,1.14,acceptable_delay
385,30,16,41.6054,42.5026,26.6013,0.826,0.1232,0.2261,0.6054,0.2471,0.1476,0.1871,9.57,low
386,42,48,63.2243,56.2987,81.4458,0.3824,0.5809,0.567,0.0639,0.3321,0.604,0.6549,29.57,high
387,42,30,44.83,37.1899,40.5682,0.5187,0.2681,0.3843,0.268,0.574,0.1581,0.3997,17.59,medium
388,36,24,52.7619,47.2921,42.4764,0.7156,0.2251,0.3854,0.3496,0.3847,0.2657,0.3227,16.78,medium
389,48,48,71.5095,56.5247,81.1077,0.406,0.5072,0.4215,0.0231,0.3359,0.641,0.6523,40.92,high
390,24,36,50.5487,46.9238,52.8942,0.4977,0.3259,0.3889,0.4535,0.3896,0.1569,0.3686,14.37,medium
391,30,16,32.428,30.1693,13.4102,0.9332,0.0496,0.1262,0.8288,0.1593,0.0118,0.0178,4.39,acceptable_delay
392,42,60,100.0933,50.0245,103.3858,0.2439,0.7101,0.7129,0.0,0.2996,0.7246,0.7139,120.0,critical
393,30,20,30.5775,35.983,39.1541,0.776,0.1354,0.1258,0.6054,0.2591,0.1355,0.1503,9.7,low
394,36,36,64.0755,49.1624,53.1739,0.6563,0.3172,0.3719,0.1892,0.4666,0.3442,0.3354,22.72,medium
395,42,36,60.7104,37.5188,42.6524,0.5088,0.2318,0.3193,0.367,0.4751,0.1578,0.4154,19.51,medium
396,42,24,61.1453,44.6963,47.7908,0.5645,0.2799,0.3141,0.5181,0.3001,0.1817,0.3706,16.98,medium
397,42,80,90.3879,73.3494,75.4912,0.3019,0.6827,0.626,0.0984,0.2146,0.687,0.7637,107.44,critical
398,36,48,67.6897,58.3717,50.382,0.3505,0.3461,0.2583,0.0231,0.3858,0.5911,0.5208,44.01,high
399,36,30,62.4239,41.6474,46.2669,0.7185,0.215,0.1899,0.3474,0.383,0.2696,0.3055,18.19,medium
400,42,48,49.676,42.5028,44.9841,0.4918,0.2303,0.4027,0.4686,0.3368,0.1946,0.3625,16.74,medium
401,36,24,42.3449,46.1179,35.3235,0.5311,0.1962,0.3379,0.3188,0.4672,0.214,0.315,23.36,medium
402,36,24,39.0298,41.3556,27.6702,0.7147,0.1312,0.1357,0.7131,0.2003,0.0866,0.2207,8.43,low
403,42,30,74.6532,56.7491,61.6433,0.4614,0.5879,0.5463,0.1411,0.4463,0.4126,0.5956,38.77,high
404,24,36,48.909,51.7312,53.4765,0.5521,0.2022,0.2827,0.2739,0.4453,0.2808,0.4375,19.44,medium
405,36,20,41.0783,33.7777,42.1073,0.7178,0.0684,0.223,0.5452,0.343,0.1118,0.1776,12.0,low
406,30,12,31.3573,29.7644,28.6351,0.8386,0.0703,0.0397,0.7578,0.1711,0.0712,0.1023,1.57,acceptable_delay
407,18,16,21.424,30.7427,28.04,0.8808,0.0739,0.0062,0.8855,0.0454,0.0691,0.1909,4.03,acceptable_delay
408,30,20,30.5563,27.2524,11.5103,0.963,0.0615,0.0604,0.778,0.162,0.06,0.1306,2.82,acceptable_delay
409,30,60,57.8474,61.3346,58.3515,0.4366,0.527,0.4493,0.0,0.3739,0.6517,0.5313,49.63,high
410,18,20,38.2923,34.2929,27.2668,0.815,0.1175,0.1804,0.5872,0.2786,0.1341,0.1512,7.1,low
411,24,16,21.5177,35.4115,20.3592,0.829,0.0199,0.1273,0.7812,0.1823,0.0365,0.1589,5.71,acceptable_delay
412,36,36,91.5601,52.0892,96.2538,0.1262,0.5914,0.5696,0.074,0.061,0.865,0.8164,113.59,critical
413,42,30,70.333,48.198,57.5748,0.3288,0.4069,0.4149,0.0092,0.3744,0.6164,0.6078,41.31,high
414,42,20,60.4306,44.8235,38.4795,0.6327,0.3552,0.2217,0.2069,0.4352,0.358,0.3835,15.35,medium
415,36,36,57.1159,61.2671,59.6676,0.521,0.3395,0.4941,0.0796,0.221,0.6994,0.4923,50.85,high
416,30,48,63.8959,41.3113,51.322,0.5933,0.1942,0.2592,0.0994,0.5789,0.3218,0.4201,15.88,medium
417,30,30,47.9195,42.6049,40.0832,0.8788,0.14,0.2159,0.4539,0.4014,0.1447,0.1378,6.86,low
418,30,30,55.0696,42.5817,57.8495,0.6001,0.3144,0.2142,0.3952,0.3305,0.2743,0.3497,24.0,medium
419,30,16,29.072,33.7712,26.3681,0.8954,0.0428,0.13,0.7645,0.1975,0.038,0.1028,1.76,acceptable_delay
420,30,24,26.3155,24.8957,18.4029,0.9829,0.0467,0.1043,0.756,0.1755,0.0685,0.047,1.0,acceptable_delay
421,42,24,75.7427,61.5045,68.6459,0.4464,0.3201,0.4576,0.0,0.4162,0.6956,0.5481,35.65,high
422,36,20,43.0573,30.0113,25.7567,0.7581,0.0782,0.1361,0.7182,0.1809,0.1009,0.2307,10.83,low
423,48,36,77.6431,61.1862,61.2966,0.3101,0.4862,0.5499,0.0596,0.3313,0.6091,0.6826,46.19,high
424,30,24,63.8735,46.1417,78.968,0.4637,0.3214,0.3994,0.1709,0.4351,0.394,0.5031,26.57,high
425,36,36,54.2006,51.2237,58.703,0.6818,0.3338,0.3403,0.2682,0.469,0.2628,0.3583,19.29,medium
426,24,20,42.4834,33.7775,31.9059,0.8145,0.1778,0.1905,0.5245,0.3009,0.1746,0.2388,7.58,low
427,30,48,62.879,45.576,54.9555,0.6846,0.2945,0.2209,0.3633,0.33,0.3067,0.3143,19.66,medium
428,18,20,34.6339,23.0742,27.285,0.974,0.0492,0.0761,0.8277,0.1353,0.037,0.1055,4.92,acceptable_delay
429,24,48,53.23,41.179,42.7389,0.5782,0.2801,0.3433,0.3149,0.4337,0.2514,0.4012,16.24,medium
430,48,48,70.6727,62.3817,92.1347,0.1788,0.5568,0.6357,0.1714,0.0849,0.7437,0.7467,115.51,critical
431,24,24,33.1899,34.1406,26.4203,0.9127,0.0127,0.0467,0.9037,0.0558,0.0405,0.1371,4.06,acceptable_delay
432,24,24,35.7618,27.7934,26.5484,0.8918,0.0584,0.0469,0.8966,0.0784,0.025,0.1743,4.13,acceptable_delay
433,36,30,45.5243,37.9031,41.4866,0.824,0.1073,0.2397,0.567,0.3087,0.1244,0.1974,9.52,low
434,36,20,44.7524,30.4356,34.2167,0.8342,0.1225,0.247,0.545,0.3435,0.1115,0.1484,8.37,low
435,36,30,83.9642,57.6319,70.0296,0.5261,0.5266,0.4511,0.1018,0.2473,0.6509,0.5551,58.41,high
436,36,24,43.7842,30.1537,29.215,0.7962,0.0991,0.1842,0.6046,0.3117,0.0838,0.1476,9.2,low
437,24,20,51.5738,46.9744,43.4766,0.6538,0.309,0.288,0.2818,0.3824,0.3358,0.422,22.43,medium
438,24,20,61.5967,37.7061,37.6066,0.5055,0.3462,0.2943,0.1008,0.5744,0.3248,0.4978,22.04,medium
439,42,80,97.2613,57.961,71.4578,0.1641,0.7626,0.7339,0.1463,0.2464,0.6073,0.822,106.98,critical
440,24,16,37.3918,30.5483,25.0478,0.9611,0.0187,0.0359,0.7437,0.179,0.0772,0.1252,1.97,acceptable_delay
441,36,20,47.2672,47.4588,44.2537,0.5294,0.1614,0.4002,0.1022,0.5204,0.3773,0.4213,16.76,medium
442,42,48,60.9611,42.3208,65.2438,0.4524,0.3471,0.5355,0.0,0.3823,0.6425,0.5526,36.69,high
443,18,20,35.6092,30.4053,44.6724,0.8053,0.1611,0.1771,0.5765,0.3228,0.1006,0.2516,11.11,low
444,18,16,21.9627,27.6081,23.7257,0.9888,0.0067,0.0879,0.8824,0.0442,0.0734,0.1188,1.62,acceptable_delay
445,24,16,21.522,30.2953,26.1242,0.9456,0.0731,0.0042,0.7339,0.21,0.056,0.0992,2.62,acceptable_delay
446,30,16,20.038,32.8147,27.0059,0.9281,0.0097,0.1476,0.8414,0.096,0.0626,0.0718,2.2,acceptable_delay
447,24,20,62.0849,39.2487,36.5359,0.4936,0.2421,0.2478,0.317,0.4607,0.2222,0.4691,24.0,medium
448,30,30,40.8447,32.6878,27.7715,0.7883,0.156,0.2266,0.5606,0.3492,0.0902,0.2101,8.09,low
449,36,24,32.1317,35.5389,36.7074,0.7323,0.1243,0.176,0.4524,0.418,0.1295,0.2196,7.58,low
450,30,48,55.9872,41.4496,53.4571,0.4843,0.2513,0.2729,0.4457,0.3176,0.2368,0.4527,19.3,medium
451,42,30,95.0765,65.6017,72.9492,0.3067,0.8099,0.5578,0.0947,0.1724,0.7329,0.7228,96.69,critical
452,42,60,109.7677,50.9545,102.1653,0.1891,0.6835,0.5094,0.1341,0.2063,0.6596,0.7432,66.72,critical
453,36,24,33.0391,32.4431,27.6309,0.6852,0.1783,0.1849,0.5443,0.327,0.1287,0.2894,6.91,low
454,30,30,42.1769,34.1144,35.5078,0.879,0.1025,0.1021,0.5721,0.3047,0.1231,0.1642,8.39,low
455,18,16,31.8638,38.5721,43.0397,0.7879,0.0601,0.2394,0.5782,0.2836,0.1382,0.1743,11.63,low
456,30,16,38.657,39.4465,34.6386,0.8127,0.137,0.1053,0.4485,0.3941,0.1574,0.2135,7.24,low
457,18,20,33.8803,40.8397,43.4456,0.7758,0.1169,0.086,0.7151,0.2173,0.0676,0.193,12.0,low
458,42,30,61.2814,57.4162,69.1547,0.3669,0.4284,0.365,0.0,0.4081,0.6517,0.6544,38.92,high
459,36,30,73.5267,50.8021,59.5887,0.3001,0.3513,0.4885,0.0,0.3401,0.6984,0.6884,60.0,high
460,36,24,45.7274,31.9242,31.7234,0.7752,0.1494,0.1732,0.6402,0.2756,0.0841,0.2019,11.01,low
461,24,12,34.6739,30.6191,28.7811,0.8704,0.0552,0.0326,0.8896,0.0749,0.0356,0.104,5.33,acceptable_delay
462,24,20,52.5599,45.1302,37.8911,0.5478,0.3379,0.2023,0.3479,0.3884,0.2637,0.467,18.16,medium
463,30,24,23.4896,29.923,23.716,0.954,0.0039,0.091,0.7585,0.2018,0.0397,0.0325,4.48,acceptable_delay
464,42,20,47.7118,35.7848,60.5365,0.6971,0.2116,0.3082,0.3907,0.4271,0.1822,0.2612,24.0,medium
465,24,16,37.6144,29.4777,28.1386,0.9265,0.053,0.0126,0.771,0.1947,0.0343,0.0469,1.54,acceptable_delay
466,36,20,47.5092,37.7669,37.8745,0.5309,0.1523,0.3983,0.4663,0.3405,0.1932,0.4228,15.17,medium
467,36,24,57.3256,42.2957,47.7951,0.6679,0.1716,0.3553,0.3728,0.3366,0.2906,0.3574,19.93,medium
468,36,60,76.3759,43.3476,53.5529,0.5007,0.3572,0.291,0.0934,0.3854,0.5211,0.5212,32.7,high
469,48,48,55.6715,61.0072,58.99,0.4563,0.5825,0.5262,0.2782,0.2114,0.5104,0.5372,35.33,high
470,24,24,37.3477,26.132,27.4079,0.9648,0.0375,0.0113,0.8668,0.0729,0.0603,0.0944,3.76,acceptable_delay
471,42,24,55.8853,50.9656,50.8623,0.6006,0.2938,0.2461,0.5255,0.3228,0.1517,0.2995,18.49,medium
472,24,24,33.1122,23.9593,29.7696,0.9503,0.0401,0.1461,0.8827,0.113,0.0043,0.1174,2.76,acceptable_delay
473,30,16,30.1464,28.0788,11.0711,0.8796,0.078,0.0614,0.7498,0.2059,0.0443,0.1319,3.58,acceptable_delay
474,30,30,36.0007,37.3078,36.3567,0.7597,0.1429,0.0902,0.5498,0.2944,0.1558,0.2466,8.7,low
475,30,16,18.2817,26.7196,15.9005,0.9414,0.0155,0.0916,0.8419,0.107,0.0511,0.0644,1.71,acceptable_delay
476,36,16,46.488,39.0803,35.1267,0.7504,0.1323,0.2183,0.5653,0.2888,0.1459,0.1627,7.01,low
477,24,20,56.6321,48.2037,44.2986,0.5143,0.3072,0.4032,0.386,0.3724,0.2415,0.4937,22.33,medium
478,36,36,64.2258,45.6919,80.0217,0.3979,0.5317,0.3009,0.0551,0.3894,0.5555,0.5347,31.48,high
479,30,20,64.1471,50.2459,55.6263,0.5807,0.2439,0.2394,0.4194,0.3329,0.2477,0.4348,21.05,medium
480,30,20,45.0447,49.737,59.8028,0.697,0.2244,0.2766,0.2283,0.4936,0.2781,0.2523,24.0,medium
481,30,48,67.7768,47.3872,70.2121,0.4401,0.3525,0.3049,0.1976,0.3411,0.4612,0.5405,45.97,high
482,18,16,21.3262,28.799,14.2749,0.8922,0.0047,0.0568,0.8408,0.0804,0.0788,0.1423,2.62,acceptable_delay
483,18,12,24.1652,34.5857,25.9224,0.9749,0.0719,0.0315,0.9305,0.0495,0.02,0.1076,4.62,acceptable_delay
484,30,30,81.3291,60.8877,54.3089,0.536,0.3081,0.5363,0.0976,0.2363,0.666,0.4145,41.51,high
485,42,24,62.6174,51.2359,48.0186,0.6098,0.2011,0.2209,0.1429,0.49,0.3672,0.3048,24.0,medium
486,30,36,64.7204,57.1298,51.3784,0.4182,0.5313,0.4855,0.036,0.4303,0.5338,0.5391,29.51,high
487,24,20,50.6801,50.1314,53.7208,0.6678,0.163,0.3726,0.3742,0.4632,0.1626,0.2764,13.11,medium
488,36,48,61.2175,39.1204,52.4726,0.6854,0.2959,0.198,0.3925,0.3437,0.2638,0.3552,18.63,medium
489,18,30,47.8687,34.3278,25.6543,0.7652,0.0924,0.2408,0.5088,0.3707,0.1205,0.2452,7.69,low
490,30,12,28.4789,33.747,11.4866,0.9672,0.0039,0.001,0.8392,0.1498,0.011,0,1.0,acceptable_delay
491,36,24,80.9107,42.1929,50.4707,0.4979,0.5785,0.4538,0.2431,0.3491,0.4078,0.5929,43.9,high
492,30,24,36.9765,27.2082,25.2617,0.9233,0.0424,0.0597,0.8706,0.0774,0.052,0.0386,4.25,acceptable_delay
493,42,20,58.8884,39.9957,40.2671,0.5144,0.2592,0.3173,0.2215,0.4314,0.3471,0.3748,22.66,medium
494,36,36,100.5744,57.0511,75.0229,0.1796,0.7764,0.6232,0.1147,0.0852,0.8001,0.8113,65.16,critical
495,30,24,53.7648,46.8937,40.4095,0.5953,0.2108,0.204,0.3244,0.3902,0.2854,0.3272,18.39,medium
496,18,30,42.5065,36.7159,40.9992,0.8026,0.1433,0.1262,0.558,0.3077,0.1343,0.1693,6.54,low
497,36,36,64.4581,47.5363,46.7269,0.5495,0.252,0.3626,0.4673,0.3257,0.207,0.386,16.95,medium
498,36,36,105.951,56.3025,82.2147,0.3682,0.826,0.6923,0.0,0.2811,0.7838,0.8019,102.69,critical
499,18,24,24.01,22.8534,28.9704,0.9783,0.0729,0.0939,0.8417,0.1242,0.0342,0.135,5.48,acceptable_delay
500,30,20,36.4308,26.9143,13.6281,0.8458,0.0526,0.0104,0.7261,0.2146,0.0593,0.0823,3.15,acceptable_delay
501,36,30,38.0679,42.5493,32.6663,0.6875,0.0839,0.1434,0.6908,0.2573,0.0518,0.2815,7.84,low
502,48,36,87.9737,67.2108,83.7808,0.2335,0.6367,0.4142,0.0532,0.2762,0.6706,0.6756,77.58,critical
503,24,20,27.4979,22.2329,16.6248,0.8397,0.0333,0.0462,0.7324,0.1957,0.0719,0.157,3.22,acceptable_delay
504,42,36,46.8204,42.6495,50.0781,0.5699,0.2713,0.2108,0.3501,0.2829,0.367,0.4464,23.05,medium
505,42,30,64.5859,46.8735,66.8136,0.3377,0.5125,0.4078,0.3442,0.2266,0.4292,0.6198,49.81,high
506,30,20,58.4035,37.425,54.7924,0.5837,0.3428,0.2498,0.2827,0.5599,0.1574,0.3503,21.15,medium
507,30,16,44.8286,37.8497,43.2026,0.8278,0.1391,0.1429,0.5594,0.3678,0.0728,0.1404,7.3,low
508,30,24,46.6467,39.5841,41.1168,0.8288,0.1723,0.1171,0.7047,0.2314,0.0639,0.1539,9.39,low
509,30,48,47.8946,42.1571,54.5648,0.5867,0.2011,0.3713,0.4626,0.3735,0.1639,0.3332,24.0,medium
510,60,36,91.2994,62.3288,91.5412,0.2575,0.7414,0.3913,0.0055,0.1078,0.8867,0.8451,76.26,critical
511,30,20,26.9326,25.713,14.9908,0.8322,0.0205,0.0162,0.8966,0.1033,0.0001,0.161,6.0,acceptable_delay
512,18,16,22.3277,28.7788,24.4917,0.9958,0.042,0.0424,0.9251,0.0669,0.008,0.008,1.0,acceptable_delay
513,42,24,59.7625,51.5099,61.7835,0.5238,0.3599,0.3681,0.2622,0.3276,0.4102,0.4967,41.9,high
514,18,16,46.7039,31.6871,42.4699,0.7204,0.1182,0.0968,0.4951,0.3807,0.1242,0.26,10.05,low
515,30,20,39.2843,38.144,29.1622,0.6906,0.0735,0.1054,0.4416,0.3988,0.1597,0.2458,8.24,low
516,36,60,90.9713,55.096,75.5208,0.1804,0.5992,0.4208,0.0,0.1683,0.8461,0.8242,67.86,critical
517,18,16,37.1104,32.0009,35.7271,0.7015,0.1185,0.1338,0.5427,0.3347,0.1226,0.2268,12.0,low
518,24,24,35.3031,33.8652,36.4704,0.8409,0.1349,0.2428,0.5379,0.3188,0.1433,0.1923,7.91,low
519,42,20,44.7253,50.0063,38.5315,0.5255,0.2618,0.3466,0.368,0.4089,0.2231,0.422,24.0,medium
520,42,36,76.3422,60.9752,52.9075,0.4428,0.5558,0.2553,0.0275,0.2928,0.6797,0.5588,56.83,high
521,42,48,70.7785,69.9667,107.2932,0.2378,0.7189,0.5397,0.215,0.0619,0.723,0.7259,105.61,critical
522,24,20,61.1233,37.3331,52.6815,0.6924,0.2211,0.2305,0.3542,0.3909,0.2549,0.2859,15.19,medium
523,36,48,44.2785,35.8154,43.5859,0.6604,0.1879,0.3735,0.1775,0.5166,0.3059,0.3263,23.27,medium
524,60,80,109.8454,68.1476,87.0352,0.275,0.5114,0.6841,0.1705,0.128,0.7015,0.7325,82.1,critical
525,18,12,28.5101,29.3944,17.2357,0.9851,0.009,0.1243,0.8594,0.0684,0.0722,0.0569,1.9,acceptable_delay
526,36,48,59.4616,45.1044,52.7809,0.4387,0.3377,0.2855,0.2636,0.2203,0.5161,0.4577,54.11,high
527,42,30,60.5672,41.3905,45.8084,0.6783,0.1514,0.1824,0.3213,0.4464,0.2323,0.2372,18.45,medium
528,24,12,28.0443,31.77,18.6115,0.9891,0.0143,0.1377,0.8823,0.0758,0.042,0.0633,1.31,acceptable_delay
529,30,30,35.907,30.5123,34.9271,0.7215,0.172,0.1362,0.6085,0.3412,0.0504,0.2993,11.66,low
530,42,36,72.5806,56.6953,72.3493,0.1343,0.6371,0.684,0.1713,0.1889,0.6398,0.7973,64.14,critical
531,42,20,53.4071,42.8096,57.0211,0.5223,0.2696,0.4064,0.4439,0.3646,0.1915,0.3758,24.0,medium
532,30,20,39.6849,42.6194,40.395,0.6895,0.1024,0.1575,0.5266,0.4018,0.0716,0.2719,9.04,low
533,36,16,31.9487,38.5658,25.0439,0.751,0.136,0.216,0.6091,0.2697,0.1212,0.1708,11.46,low
534,18,20,19.4171,25.3321,23.3796,0.8586,0.0106,0.1403,0.8345,0.1198,0.0457,0.1577,3.92,acceptable_delay
535,48,60,66.8155,43.4331,67.0908,0.4799,0.4877,0.3232,0.0375,0.3873,0.5752,0.5303,39.3,high
536,42,30,54.9056,45.9072,40.4699,0.6222,0.1716,0.2319,0.3599,0.4491,0.191,0.2656,19.45,medium
537,18,20,26.2762,32.9084,24.4969,0.9207,0.0794,0.0364,0.7981,0.1602,0.0417,0.0574,1.35,acceptable_delay
538,48,60,92.2515,54.1074,106.945,0.3746,0.7001,0.6169,0.0828,0.2556,0.6616,0.646,65.53,critical
539,24,20,24.4573,25.9703,20.9462,0.8435,0.0682,0.1182,0.7536,0.1748,0.0715,0.0837,4.41,acceptable_delay
540,30,20,21.7967,24.2308,29.9194,0.904,0.0703,0.0746,0.8881,0.1047,0.0072,0.099,1.8,acceptable_delay
541,42,48,61.081,47.3457,73.4935,0.5401,0.3602,0.4776,0.0,0.4489,0.6498,0.4247,47.04,high
542,36,30,97.2384,74.3982,92.0641,0.138,0.7583,0.4374,0.2549,0.1141,0.631,0.8848,89.67,critical
543,36,60,89.1329,51.5272,113.0452,0.239,0.8151,0.5573,0.0,0.265,0.8584,0.754,109.64,critical
544,24,48,52.8636,43.9156,46.9075,0.5446,0.3256,0.2503,0.441,0.3529,0.2061,0.4465,17.65,medium
545,30,20,54.1692,50.2747,46.0894,0.6991,0.1515,0.3647,0.3713,0.4212,0.2075,0.2544,17.94,medium
546,24,24,46.7318,38.1353,46.6393,0.4925,0.2141,0.31,0.4822,0.2878,0.23,0.423,24.0,medium
547,30,24,20.8036,24.5688,19.2526,0.9774,0.006,0.1212,0.8829,0.0486,0.0685,0.0758,2.02,acceptable_delay
548,48,24,70.0526,61.0519,77.812,0.4528,0.398,0.4481,0.1841,0.447,0.3689,0.4656,49.43,high
549,18,24,36.9412,31.0679,13.0794,0.9879,0.0233,0.1058,0.8451,0.1217,0.0332,0.0448,2.02,acceptable_delay
550,30,16,35.4299,31.1284,42.541,0.7543,0.1595,0.1314,0.6597,0.222,0.1183,0.2131,6.1,low
551,42,20,63.6112,48.2973,48.7041,0.5442,0.2883,0.2538,0.0896,0.5528,0.3576,0.4451,14.6,medium
552,42,20,45.3707,42.2368,46.1254,0.5021,0.2392,0.2112,0.4972,0.3034,0.1994,0.4303,18.17,medium
553,30,20,31.6151,32.098,23.108,0.9995,0.0208,0.0628,0.9322,0.0367,0.0311,0.0703,2.62,acceptable_delay
554,18,20,32.4731,31.2165,42.3635,0.7161,0.0802,0.1665,0.5207,0.3938,0.0855,0.235,10.6,low
555,42,20,54.6465,39.4315,52.5438,0.5192,0.2458,0.4067,0.1323,0.5621,0.3056,0.3641,16.11,medium
556,18,20,21.4375,35.2666,19.2019,0.9441,0.0289,0.0655,0.8788,0.1128,0.0085,0.0567,1.4,acceptable_delay
557,30,30,42.2184,43.7306,39.1983,0.5103,0.2295,0.3565,0.3402,0.4976,0.1622,0.4589,21.09,medium
558,18,20,44.8483,37.2965,29.7519,0.8369,0.1559,0.1289,0.4613,0.4024,0.1364,0.1712,12.0,low
559,36,60,74.9245,65.3563,93.9655,0.2561,0.5973,0.4165,0.041,0.1608,0.7982,0.7691,68.53,critical
560,24,24,51.2295,39.6556,40.1888,0.5151,0.1537,0.2279,0.2571,0.3941,0.3488,0.3986,22.67,medium
561,30,24,27.2336,25.9448,17.6374,0.9149,0.0773,0.1225,0.8796,0.0563,0.0641,0.0746,4.49,acceptable_delay
562,48,36,79.4112,63.5992,92.379,0.2337,0.6887,0.7388,0.0568,0.2835,0.6598,0.7503,85.52,critical
563,24,20,44.4914,35.9718,39.2735,0.7845,0.0605,0.2385,0.5381,0.3226,0.1393,0.1298,8.07,low
564,24,20,25.4968,24.038,20.6233,0.9219,0.0634,0.0255,0.7982,0.1955,0.0063,0.1097,2.49,acceptable_delay
565,30,24,49.2658,33.5946,37.1273,0.7189,0.1716,0.1777,0.6383,0.2777,0.0839,0.1936,6.53,low
566,42,30,71.9804,48.9703,60.7222,0.5029,0.4657,0.3858,0.2579,0.2944,0.4476,0.5325,54.69,high
567,36,36,59.1395,43.4286,48.8417,0.576,0.1905,0.2215,0.1458,0.5462,0.308,0.3359,18.16,medium
568,24,48,61.7146,47.7406,35.0863,0.4961,0.2671,0.2301,0.4036,0.4054,0.191,0.3827,18.17,medium
569,30,30,51.7997,36.0429,46.531,0.4924,0.1731,0.2673,0.1396,0.4935,0.3669,0.3807,23.45,medium
570,42,30,45.2908,40.5512,56.2804,0.5604,0.2357,0.3365,0.1697,0.5721,0.2583,0.3983,14.2,medium
571,30,30,75.0125,59.1569,55.0891,0.4853,0.4529,0.5767,0.3987,0.2245,0.3769,0.5232,41.38,high
572,42,60,67.8699,44.4369,54.53,0.3561,0.5319,0.5164,0.0505,0.2798,0.6697,0.71,29.18,high
573,24,16,24.8993,22.3439,12.091,0.8949,0.0769,0.0174,0.8678,0.0569,0.0753,0.0959,2.26,acceptable_delay
574,18,24,43.4337,33.2589,28.9484,0.7961,0.1742,0.1407,0.6264,0.2363,0.1373,0.1849,6.17,low
575,30,36,83.7554,50.4347,55.724,0.4642,0.567,0.4034,0.2542,0.3652,0.3806,0.496,58.11,high
576,18,24,24.6443,30.6827,26.0815,0.8793,0.0268,0.1223,0.7161,0.2151,0.0688,0.0638,2.99,acceptable_delay
577,36,60,72.1239,71.7258,105.9145,0.3689,0.7259,0.4202,0.1499,0.1038,0.7463,0.6988,105.75,critical
578,42,24,48.2217,35.7096,35.9612,0.6018,0.2866,0.2836,0.2453,0.535,0.2198,0.4339,12.61,medium
579,30,48,77.5058,54.4721,52.8458,0.4126,0.4928,0.544,0.0436,0.2518,0.7046,0.5996,55.44,high
580,30,48,67.1024,57.9702,66.1102,0.4479,0.3912,0.2668,0.2454,0.2133,0.5413,0.5236,44.38,high
581,18,12,35.4104,26.1782,22.779,0.9296,0.0122,0.1144,0.7789,0.1779,0.0432,0.0831,1.0,acceptable_delay
582,42,60,92.2218,54.5537,75.0185,0.1849,0.7979,0.5599,0.0808,0.1966,0.7226,0.8954,93.59,critical
583,42,60,62.8859,57.6391,64.928,0.2869,0.4739,0.2812,0.0,0.4041,0.7108,0.6178,51.76,high
584,30,16,37.3271,37.8774,26.4175,0.866,0.085,0.1635,0.6351,0.1992,0.1657,0.1962,6.61,low
585,36,24,41.9401,40.358,35.9642,0.7177,0.1659,0.1543,0.5659,0.3516,0.0825,0.2678,10.82,low
586,42,24,79.7221,53.1003,79.5571,0.3391,0.606,0.4032,0.3867,0.2066,0.4067,0.6422,40.42,high
587,30,16,32.3709,26.0778,10.0313,0.8835,0.0457,0.0281,0.8171,0.1295,0.0535,0.0963,5.49,acceptable_delay
588,30,16,36.1682,33.5728,11.4282,0.8499,0.0246,0.1123,0.8696,0.0848,0.0455,0.0742,4.53,acceptable_delay
589,24,30,57.773,47.3797,35.5596,0.7149,0.3298,0.3382,0.3881,0.4293,0.1826,0.2774,22.81,medium
590,24,24,32.2071,35.9195,34.0553,0.8201,0.119,0.1345,0.5175,0.4127,0.0698,0.1082,11.24,low
591,48,24,71.2849,51.0464,81.6637,0.538,0.5784,0.386,0.305,0.2712,0.4238,0.5758,50.97,high
592,18,24,29.8441,27.4437,24.0947,0.857,0.0602,0.1213,0.9457,0.0493,0.005,0.1795,1.28,acceptable_delay
593,30,36,47.7301,50.2994,54.7976,0.5899,0.3413,0.224,0.3212,0.3981,0.2808,0.4625,17.01,medium
594,42,60,78.3404,57.7855,72.7499,0.3763,0.447,0.5512,0.0,0.4068,0.6853,0.6584,55.17,high
595,24,20,38.4954,30.0966,34.9631,0.8262,0.1455,0.1258,0.5112,0.3183,0.1705,0.1295,6.39,low
596,60,36,99.9711,57.7375,117.1516,0.3028,0.682,0.4382,0.0,0.2006,0.8144,0.7209,79.44,critical
597,18,30,32.6817,40.9998,34.3753,0.8099,0.0821,0.1459,0.6691,0.2193,0.1116,0.1376,9.35,low
598,42,30,108.3385,53.2782,113.8686,0.3473,0.7895,0.6697,0.0548,0.0673,0.8779,0.6883,83.58,critical
599,60,80,92.394,73.4382,90.391,0.2959,0.8465,0.5392,0.1932,0.0794,0.7274,0.8172,120.0,critical
600,48,48,72.7319,43.2932,84.8526,0.286,0.4435,0.4646,0.0098,0.3087,0.6815,0.6869,29.08,high
601,36,36,98.6269,64.2218,87.2619,0.3182,0.7042,0.6794,0.0443,0.1072,0.8484,0.7371,71.85,critical
602,30,36,63.4234,39.6211,37.4823,0.5706,0.3497,0.3584,0.4611,0.2968,0.2421,0.3923,24.0,medium
603,18,12,29.4015,29.4519,21.9372,0.8503,0.0783,0.0439,0.7432,0.211,0.0458,0.1447,5.86,acceptable_delay
604,48,48,86.715,62.2276,102.2303,0.3064,0.8089,0.4375,0.0189,0.1225,0.8586,0.8448,97.79,critical
605,24,24,31.8602,38.7581,41.4215,0.6952,0.1718,0.161,0.5094,0.3946,0.096,0.2312,12.0,low
606,36,20,48.7684,36.2676,40.3734,0.7501,0.1566,0.2343,0.5229,0.3183,0.1588,0.2278,8.61,low
607,30,20,30.451,36.9994,33.9092,0.8143,0.0705,0.167,0.6685,0.2563,0.0753,0.1793,12.0,low
608,30,48,64.6121,52.5867,66.6615,0.3333,0.6161,0.4498,0.3234,0.2578,0.4188,0.669,56.92,high
609,18,24,18.0338,34.9581,20.769,0.9495,0.0594,0.1006,0.9276,0.0433,0.0291,0.1029,1.6,acceptable_delay
610,30,60,57.7286,55.0961,81.9153,0.432,0.5247,0.4222,0.0163,0.3537,0.6301,0.5639,31.92,high
611,30,60,66.2042,53.3143,84.8479,0.5391,0.5794,0.3579,0.1943,0.2563,0.5494,0.5164,27.97,high
612,24,48,60.0385,49.3315,51.9376,0.5425,0.2661,0.4077,0.4952,0.308,0.1969,0.3823,21.06,medium
613,30,16,40.6982,33.073,33.8481,0.6816,0.1753,0.2377,0.5785,0.2522,0.1693,0.3442,10.78,low
614,36,36,97.5359,58.3463,101.8417,0.2393,0.7552,0.6792,0.0,0.2901,0.7907,0.8507,119.86,critical
615,30,24,56.5727,48.5308,66.6986,0.3183,0.5662,0.3738,0.3433,0.2973,0.3594,0.6041,33.06,high
616,24,16,49.5129,31.129,30.5187,0.7599,0.1404,0.1489,0.7403,0.1837,0.076,0.2441,12.0,low
617,36,20,37.4043,37.2138,30.0756,0.7413,0.1013,0.1999,0.4691,0.3852,0.1457,0.2468,10.67,low
618,18,24,25.086,27.7554,27.2767,0.8298,0.0523,0.0969,0.8268,0.1684,0.0048,0.1821,1.0,acceptable_delay
619,24,20,33.2672,28.8407,24.4712,0.9531,0.0369,0.1099,0.9152,0.0566,0.0282,0.0776,2.19,acceptable_delay
620,24,20,48.214,51.7649,37.8903,0.6226,0.3226,0.3157,0.1519,0.5393,0.3088,0.3277,20.21,medium
621,42,20,42.3391,49.1143,51.3315,0.5164,0.3045,0.3702,0.3436,0.4617,0.1947,0.3902,17.09,medium
622,42,30,64.187,56.5342,79.0231,0.3651,0.3986,0.4359,0.1863,0.1815,0.6322,0.6552,28.5,high
623,30,24,77.6551,44.8061,66.8326,0.3233,0.6111,0.5722,0.0024,0.2856,0.712,0.6446,42.5,high
624,36,60,55.362,49.2832,67.8007,0.515,0.4654,0.4074,0.0,0.4425,0.683,0.559,47.45,high
625,30,24,34.7097,35.8627,29.9664,0.7966,0.1377,0.0946,0.4999,0.3891,0.111,0.2662,8.04,low
626,18,24,35.7013,35.6507,31.6859,0.841,0.151,0.0874,0.4518,0.402,0.1463,0.1393,10.73,low
627,24,20,31.7295,41.1407,34.7843,0.8791,0.131,0.2223,0.5585,0.3552,0.0863,0.1818,7.08,low
628,24,24,46.5282,40.5968,36.6968,0.6301,0.1559,0.2837,0.3253,0.5192,0.1555,0.3645,22.37,medium
629,36,48,47.9188,43.2704,44.8358,0.4833,0.2241,0.3504,0.1326,0.5124,0.355,0.4847,24.0,medium
630,30,24,43.8343,41.7931,40.9297,0.8237,0.0748,0.0994,0.6245,0.2671,0.1084,0.169,9.03,low
631,24,20,62.584,42.2851,61.0109,0.5513,0.1917,0.4061,0.2986,0.4407,0.2608,0.4132,24.0,medium
632,30,60,62.596,44.7528,82.3652,0.4543,0.4442,0.4279,0.0,0.4202,0.6017,0.5318,60.0,high
633,24,20,26.5101,32.4431,16.6158,0.9465,0.0217,0.0377,0.9238,0.0666,0.0097,0.0141,3.49,acceptable_delay
634,30,24,28.8729,33.0701,17.1906,0.9812,0.043,0.0957,0.8171,0.1761,0.0068,0.0763,2.44,acceptable_delay
635,24,20,35.2298,25.6561,24.2219,0.9806,0.0239,0.0225,0.7378,0.2009,0.0612,0.0998,4.75,acceptable_delay
636,30,36,78.7005,43.4611,66.7405,0.3993,0.4523,0.283,0.0904,0.3415,0.5681,0.5533,26.93,high
637,36,48,49.8363,45.8067,35.6324,0.6937,0.2634,0.2421,0.2874,0.3712,0.3414,0.3179,19.59,medium
638,30,30,43.0782,31.9322,32.85,0.8583,0.1308,0.2257,0.6323,0.3003,0.0674,0.1,7.22,low
639,48,36,96.2983,66.7953,90.7788,0.3537,0.5714,0.4156,0.0858,0.2829,0.6312,0.6249,95.93,critical
640,30,24,41.5726,37.4121,32.5332,0.7557,0.1305,0.2327,0.6995,0.2404,0.0601,0.2787,7.5,low
641,42,36,57.1244,46.162,37.0622,0.7052,0.1932,0.3493,0.1136,0.5493,0.3371,0.3509,18.05,medium
642,42,24,45.9144,38.2497,59.3615,0.5685,0.3396,0.4175,0.0948,0.5404,0.3648,0.3903,21.99,medium
643,30,16,36.5153,25.3143,13.25,0.964,0.0142,0.0618,0.78,0.2057,0.0143,0.0957,2.9,acceptable_delay
644,24,20,54.5268,36.7436,58.9343,0.5797,0.1503,0.2338,0.4022,0.3956,0.2021,0.316,17.31,medium
645,18,24,19.8182,22.6596,12.193,0.9329,0.0634,0.0633,0.8924,0.1025,0.0051,0.1561,4.0,acceptable_delay
646,24,20,32.2386,39.5482,43.6587,0.7844,0.1595,0.2414,0.5885,0.2404,0.1711,0.2759,7.01,low
647,24,16,43.0655,30.4774,42.0766,0.8134,0.1606,0.1307,0.6386,0.1918,0.1697,0.1946,7.78,low
648,30,20,29.5249,32.6835,13.5038,0.9134,0.0354,0.0417,0.8074,0.1128,0.0798,0.1442,5.42,acceptable_delay
649,30,24,70.6186,52.4848,77.008,0.4416,0.3743,0.3946,0.0196,0.3261,0.6542,0.563,32.85,high
650,18,30,39.138,41.411,42.5556,0.7291,0.1245,0.2473,0.6719,0.273,0.0551,0.2617,11.4,low
651,30,20,47.4094,35.0487,61.8354,0.4841,0.2673,0.4098,0.3403,0.2979,0.3618,0.4271,24.0,medium
652,36,36,59.7758,48.5429,63.1897,0.3024,0.3263,0.5127,0.321,0.3259,0.3531,0.5635,30.45,high
653,36,30,64.3146,49.5862,60.0477,0.3553,0.4808,0.3866,0.0873,0.2537,0.6591,0.5856,60.0,high
654,30,20,46.8123,46.0266,52.543,0.5846,0.2815,0.3696,0.4358,0.3703,0.1939,0.3669,17.81,medium
655,24,16,29.9008,35.132,16.1916,0.8878,0.0633,0.122,0.7589,0.1875,0.0536,0.1522,4.16,acceptable_delay
656,42,24,56.1904,49.897,59.8564,0.5258,0.2286,0.404,0.2823,0.3388,0.379,0.3967,16.04,medium
657,18,24,49.6814,42.5755,36.9109,0.8443,0.1605,0.208,0.6244,0.272,0.1037,0.2018,9.98,low
658,30,48,56.4392,43.4579,56.7276,0.5142,0.3328,0.3113,0.1127,0.5144,0.3729,0.3951,14.42,medium
659,30,24,51.8585,40.6923,39.8969,0.5821,0.3376,0.3449,0.3402,0.3661,0.2937,0.4577,16.72,medium
660,30,30,72.3281,51.1839,73.9285,0.3998,0.3774,0.3084,0.1261,0.3532,0.5207,0.594,57.36,high
661,30,16,32.03,24.2937,29.0603,0.9141,0.0626,0.1081,0.9325,0.0541,0.0134,0.1374,2.73,acceptable_delay
662,36,30,59.6374,44.3992,52.6832,0.6045,0.226,0.2276,0.3732,0.4407,0.1861,0.3936,16.58,medium
663,24,36,56.7422,51.0323,36.4003,0.7053,0.2408,0.4188,0.3029,0.4841,0.213,0.2916,17.81,medium
664,42,20,44.8135,40.927,58.5015,0.5802,0.2703,0.3158,0.1285,0.5144,0.3571,0.3921,22.1,medium
665,24,24,63.2384,45.1673,60.5387,0.6574,0.219,0.2468,0.1938,0.5081,0.298,0.3318,24.0,medium
666,24,12,18.4383,30.2125,28.3445,0.9594,0.0677,0.1291,0.8222,0.101,0.0768,0.146,1.62,acceptable_delay
667,48,48,66.3811,45.4092,50.6984,0.4658,0.5617,0.5572,0.2045,0.2291,0.5664,0.6325,60.0,high
668,24,36,59.669,38.391,43.8755,0.5561,0.3593,0.2967,0.2656,0.4229,0.3115,0.3976,13.39,medium
669,18,16,19.3722,32.7122,14.1431,0.8589,0.0696,0.0493,0.7871,0.2011,0.0118,0.0607,3.99,acceptable_delay
670,36,30,72.0516,60.9601,75.5257,0.4917,0.4163,0.4029,0.0,0.3939,0.6691,0.5173,37.34,high
671,48,60,57.0388,46.0025,51.2602,0.342,0.4573,0.3653,0.2021,0.418,0.3798,0.5874,55.86,high
672,30,20,34.023,32.1791,11.5785,0.9284,0.0658,0.0818,0.9291,0.0452,0.0257,0.1155,2.35,acceptable_delay
673,30,30,45.2837,35.5976,39.5174,0.8017,0.1276,0.1164,0.4482,0.4023,0.1495,0.1654,11.9,low
674,42,48,60.7294,61.703,77.9927,0.3772,0.3817,0.287,0.299,0.182,0.5191,0.6074,41.5,high
675,24,20,55.896,37.9509,39.3294,0.5751,0.239,0.4076,0.2521,0.4934,0.2545,0.3397,19.69,medium
676,24,24,29.8809,24.4862,27.4096,0.9256,0.028,0.0245,0.7561,0.1723,0.0716,0.1165,1.77,acceptable_delay
677,18,24,39.0012,30.2957,29.1802,0.7876,0.0845,0.169,0.6204,0.2959,0.0836,0.2169,7.43,low
678,24,24,39.9346,40.5489,38.3478,0.7133,0.0959,0.2448,0.5913,0.3325,0.0762,0.2943,7.56,low
679,18,24,35.2982,33.549,10.023,0.9765,0.037,0.0081,0.8102,0.1483,0.0415,0.06,1.8,acceptable_delay
680,36,30,106.5552,64.975,78.2407,0.1558,0.7916,0.4834,0.0761,0.2484,0.6755,0.7752,85.86,critical
681,30,24,53.6708,42.2461,47.611,0.5194,0.1915,0.2818,0.3397,0.3709,0.2893,0.4059,24.0,medium
682,36,30,105.6561,51.0631,110.475,0.2137,0.5374,0.4135,0.0,0.2738,0.9007,0.7235,83.47,critical
683,36,30,65.9068,42.6568,71.9241,0.537,0.4624,0.3396,0.0,0.4086,0.7058,0.5345,29.94,high
684,42,36,93.8529,59.3894,70.8557,0.3305,0.5678,0.6887,0.0,0.1375,0.9183,0.6896,111.76,critical
685,30,20,20.6682,26.9322,16.7709,0.9357,0.0664,0.1027,0.8006,0.1209,0.0785,0.0526,1.5,acceptable_delay
686,48,30,101.1207,58.4373,94.6188,0.2107,0.6524,0.6663,0.1617,0.2234,0.6148,0.6983,72.05,critical
687,30,36,53.3856,44.052,48.8642,0.498,0.2419,0.3022,0.3236,0.3971,0.2794,0.4356,14.96,medium
688,24,30,38.7794,32.6222,38.1377,0.8408,0.0943,0.0857,0.5683,0.3038,0.1279,0.1275,6.15,low
689,18,16,30.9647,31.5053,33.8863,0.7047,0.0903,0.1993,0.5787,0.3446,0.0767,0.1623,7.81,low
690,30,30,57.8009,56.2333,82.0144,0.4591,0.5727,0.2981,0.2486,0.2755,0.4759,0.5193,40.83,high
691,18,16,35.0663,38.3008,28.9745,0.8575,0.1636,0.117,0.6034,0.3319,0.0647,0.1426,6.55,low
692,30,24,36.5018,36.6358,40.4949,0.7694,0.0694,0.1843,0.4801,0.4096,0.1103,0.2458,10.87,low
693,30,12,18.1537,26.2199,14.2247,0.8447,0.0204,0.0492,0.8274,0.1719,0.0006,0.0762,2.67,acceptable_delay
694,24,36,52.9806,46.0959,45.9377,0.5713,0.1615,0.2692,0.3915,0.361,0.2476,0.296,17.96,medium
695,42,36,49.6832,38.0178,42.1235,0.4985,0.2926,0.3847,0.1425,0.5709,0.2866,0.4483,18.82,medium
696,18,24,36.5842,35.3789,29.1969,0.7218,0.067,0.1771,0.5157,0.3069,0.1773,0.172,10.77,low
697,24,20,47.2656,40.4203,30.6591,0.8396,0.1493,0.173,0.6695,0.2022,0.1283,0.1479,8.25,low
698,30,30,64.5708,53.4936,63.4397,0.4028,0.4556,0.5668,0.1131,0.3883,0.4986,0.5424,35.97,high
699,30,60,58.6594,56.083,56.9832,0.4814,0.326,0.2803,0.1169,0.181,0.702,0.5591,33.81,high
700,42,48,49.5545,50.5383,38.6106,0.7013,0.2778,0.181,0.5157,0.3321,0.1522,0.3083,21.15,medium
701,30,30,44.6609,36.4906,37.4068,0.6577,0.3468,0.3587,0.433,0.3903,0.1767,0.3983,24.0,medium
702,30,30,39.7501,30.8497,27.2577,0.7757,0.1615,0.128,0.5868,0.3179,0.0953,0.2172,9.14,low
703,42,36,45.6118,36.8826,49.4842,0.5948,0.1644,0.4092,0.3319,0.319,0.3491,0.3134,18.65,medium
704,42,20,60.5302,44.5856,51.47,0.6804,0.3196,0.263,0.4289,0.4049,0.1663,0.3601,24.0,medium
705,30,48,59.6258,45.2116,52.3876,0.5705,0.3007,0.3566,0.2896,0.4726,0.2378,0.4008,24.0,medium
706,48,80,94.3175,67.1609,75.111,0.3409,0.8289,0.3925,0.0303,0.1423,0.8274,0.6988,102.66,critical
707,24,30,47.0434,51.4089,39.7719,0.7132,0.2629,0.4149,0.1569,0.5142,0.329,0.2609,21.6,medium
708,36,36,50.1465,42.9314,60.9591,0.5907,0.3416,0.1863,0.3671,0.3065,0.3264,0.3562,24.0,medium
709,18,24,39.7301,41.5078,33.7597,0.7179,0.0643,0.0843,0.5832,0.2372,0.1795,0.2158,11.36,low
710,36,36,60.1906,41.0817,36.9613,0.6377,0.2281,0.3671,0.4463,0.3756,0.1781,0.256,16.89,medium
711,36,24,66.2271,51.4584,76.6252,0.398,0.539,0.5068,0.1863,0.3613,0.4524,0.6053,59.57,high
712,42,60,94.763,57.3788,78.5436,0.26,0.7343,0.6422,0.1799,0.0896,0.7304,0.7308,89.46,critical
713,30,20,44.2091,51.5607,39.8501,0.4926,0.3559,0.336,0.1426,0.5709,0.2865,0.4766,17.42,medium
714,30,24,46.3488,39.2677,38.4174,0.7867,0.1768,0.2085,0.6778,0.2116,0.1105,0.2607,11.86,low
715,24,12,23.2471,34.0769,20.5543,0.935,0.0478,0.0917,0.8569,0.0961,0.047,0.1355,4.19,acceptable_delay
716,36,24,61.0413,38.5804,54.7818,0.6745,0.2971,0.1926,0.3172,0.3337,0.349,0.3488,19.03,medium
717,30,24,41.207,42.114,30.1543,0.684,0.0745,0.2275,0.597,0.2277,0.1752,0.2631,9.71,low
718,24,20,21.5111,22.5315,11.1234,0.9283,0.0016,0.0717,0.8268,0.1467,0.0265,0.1168,1.42,acceptable_delay
719,30,12,32.228,29.2227,12.4936,0.8351,0.0128,0.0674,0.771,0.1879,0.0411,0.0735,5.81,acceptable_delay
720,42,36,61.5182,47.5303,51.0877,0.613,0.2111,0.297,0.2809,0.4573,0.2618,0.361,22.01,medium
721,36,24,36.6993,33.4721,26.9655,0.8109,0.1069,0.2114,0.4964,0.3562,0.1474,0.2006,7.04,low
722,36,16,47.1318,35.8119,27.3741,0.7795,0.1384,0.0974,0.5827,0.3137,0.1036,0.1384,7.06,low
723,18,20,47.8381,35.9524,26.6034,0.8596,0.0946,0.2426,0.6896,0.2462,0.0642,0.1728,9.84,low
724,18,20,33.9703,23.539,27.329,0.8437,0.0287,0.1183,0.9199,0.033,0.0471,0.0988,1.17,acceptable_delay
725,30,20,43.0919,35.9307,31.8171,0.8451,0.158,0.2235,0.5427,0.3642,0.0932,0.1906,10.19,low
726,36,60,79.128,53.1621,84.0699,0.282,0.8154,0.487,0.0504,0.266,0.6835,0.8179,105.03,critical
727,24,24,53.8741,44.5548,61.1165,0.5127,0.338,0.3335,0.3459,0.4685,0.1856,0.4579,24.0,medium
728,48,80,94.7513,74.3713,79.7225,0.149,0.5666,0.424,0.0,0.2548,0.8497,0.7667,73.44,critical
729,30,20,44.1979,30.3739,41.2915,0.7245,0.1628,0.1042,0.7105,0.2101,0.0795,0.1905,7.26,low
730,30,36,59.3837,42.141,36.738,0.6269,0.174,0.3832,0.3242,0.509,0.1668,0.3274,23.91,medium
731,24,12,19.8549,23.354,26.9499,0.9287,0.0646,0.1095,0.7422,0.2149,0.0429,0.078,3.79,acceptable_delay
732,42,20,60.5592,45.3165,45.8485,0.4908,0.331,0.1856,0.345,0.4045,0.2505,0.4973,17.03,medium
733,24,30,42.4102,48.3162,50.5455,0.4811,0.247,0.2115,0.3365,0.2911,0.3724,0.45,19.43,medium
734,24,30,48.3031,38.4453,42.1353,0.6375,0.249,0.2499,0.2585,0.5701,0.1714,0.3383,19.54,medium
735,48,48,80.1315,55.3928,52.2734,0.5028,0.4605,0.4906,0.3192,0.2997,0.3811,0.4674,33.43,high
736,36,20,62.9539,50.5687,48.5754,0.4831,0.2073,0.3353,0.3029,0.3995,0.2976,0.4905,21.63,medium
737,36,30,54.6627,37.2836,37.2688,0.5867,0.2238,0.3202,0.2767,0.4663,0.257,0.3527,18.62,medium
738,30,48,56.6386,47.9485,53.015,0.5158,0.3029,0.2014,0.2392,0.4671,0.2937,0.4155,23.96,medium
739,30,30,46.0326,47.9492,53.5659,0.7147,0.2899,0.1962,0.2923,0.5536,0.1541,0.2898,19.37,medium
740,60,36,83.7044,55.9356,113.1417,0.3556,0.7578,0.5614,0.1666,0.103,0.7304,0.7417,99.68,critical
741,36,20,63.306,42.8,45.0743,0.6127,0.1842,0.2846,0.3066,0.4779,0.2156,0.3559,21.19,medium
742,18,20,22.8348,23.7153,18.9919,0.8454,0.004,0.1418,0.8214,0.1094,0.0691,0.1914,5.77,acceptable_delay
743,30,24,58.992,42.5695,48.0963,0.4847,0.2444,0.2382,0.2534,0.5288,0.2178,0.4042,16.66,medium
744,48,24,74.3673,44.7616,56.579,0.337,0.4393,0.3621,0.1131,0.2949,0.592,0.5851,41.33,high
745,36,30,42.9384,30.481,28.1872,0.7073,0.091,0.2166,0.6421,0.2222,0.1356,0.288,12.0,low
746,48,60,74.7068,49.856,70.1957,0.4825,0.5201,0.576,0.2126,0.3539,0.4336,0.4875,51.8,high
747,30,36,53.9401,44.7773,51.6179,0.5039,0.2098,0.2085,0.3753,0.4117,0.213,0.4517,17.66,medium
748,30,16,47.225,41.2538,29.7048,0.8204,0.1073,0.1341,0.6287,0.2716,0.0998,0.1822,10.13,low
749,24,16,43.9131,33.2934,34.3391,0.8672,0.1367,0.2369,0.6316,0.2825,0.0859,0.2134,10.4,low
750,36,20,64.4321,38.3851,42.6707,0.5325,0.205,0.2218,0.3013,0.3538,0.3449,0.3578,15.17,medium
751,24,16,29.6118,35.7697,10.7651,0.9274,0.0277,0.118,0.7481,0.217,0.0349,0.0297,4.29,acceptable_delay
752,48,36,79.4718,63.3747,116.2151,0.3236,0.8229,0.6661,0.0795,0.0601,0.8604,0.7103,120.0,critical
753,18,16,31.465,32.3139,30.0382,0.6941,0.1586,0.2349,0.6087,0.2883,0.103,0.2479,8.0,low
754,36,48,65.8661,45.9797,84.0004,0.3499,0.4932,0.5578,0.2447,0.3534,0.4019,0.5856,56.02,high
755,18,24,36.3754,35.8948,27.341,0.8428,0.0693,0.0375,0.7557,0.1874,0.0569,0.1824,4.25,acceptable_delay
756,30,12,23.6757,31.294,22.3852,0.8368,0.0762,0.0352,0.7919,0.1832,0.0248,0.097,1.77,acceptable_delay
757,42,48,58.6979,47.6122,57.2923,0.5115,0.3511,0.3703,0.4378,0.3832,0.179,0.3627,20.71,medium
758,18,30,32.3254,30.8782,37.6732,0.8788,0.1412,0.1191,0.4996,0.4093,0.091,0.155,6.69,low
759,48,24,57.2961,49.4559,55.1363,0.5437,0.5041,0.5411,0.064,0.4447,0.4913,0.4469,59.83,high
760,30,16,24.4305,28.6588,13.0172,0.8311,0.0083,0.1349,0.8068,0.1657,0.0275,0.1301,1.0,acceptable_delay
761,36,36,59.6251,38.7464,41.956,0.5943,0.3385,0.2095,0.3784,0.4404,0.1812,0.4134,14.87,medium
762,18,24,30.3622,22.424,27.7799,0.9182,0.0514,0.0453,0.797,0.1834,0.0196,0.0802,3.15,acceptable_delay
763,30,20,38.3765,41.6821,35.2317,0.8035,0.0939,0.2134,0.5591,0.3262,0.1147,0.2224,12.0,low
764,24,16,19.2425,23.6551,16.1361,0.893,0.0402,0.1343,0.8546,0.0891,0.0563,0.0558,4.55,acceptable_delay
765,30,20,31.7812,34.783,43.9449,0.7035,0.1462,0.154,0.5415,0.2889,0.1696,0.2867,7.59,low
766,30,30,45.8531,41.5332,25.132,0.8564,0.1128,0.1191,0.6357,0.2474,0.1169,0.1114,7.28,low
767,36,48,73.4469,57.8094,81.106,0.4544,0.5417,0.3019,0.1707,0.2577,0.5716,0.6166,41.34,high
768,24,20,43.7072,32.0279,39.5697,0.6972,0.1487,0.1213,0.6538,0.2154,0.1307,0.3073,8.01,low
769,42,30,73.2486,54.8333,100.5945,0.3306,0.7882,0.3602,0.0,0.1438,0.9025,0.7078,101.69,critical
770,48,80,90.4882,65.7379,102.3635,0.1794,0.6582,0.5683,0.0009,0.2526,0.7465,0.8486,105.53,critical
771,24,20,60.5366,36.7648,52.5399,0.6279,0.2364,0.2991,0.1189,0.5582,0.3229,0.298,18.74,medium
772,24,30,42.621,38.2661,36.2797,0.7847,0.1367,0.1326,0.5953,0.3095,0.0951,0.2464,8.7,low
773,36,60,101.346,63.4758,88.577,0.3205,0.762,0.5919,0.0,0.2971,0.8302,0.7306,104.9,critical
774,18,16,23.1194,24.429,13.0574,0.9566,0.006,0.1427,0.8316,0.1182,0.0502,0.0721,3.58,acceptable_delay
775,48,60,66.1848,51.4709,61.7272,0.4245,0.4168,0.5092,0.0,0.3236,0.7129,0.5622,50.17,high
776,30,20,48.3925,42.1411,47.1193,0.4812,0.1909,0.1996,0.4309,0.2876,0.2815,0.448,24.0,medium
777,36,16,45.2849,37.0392,25.8453,0.7765,0.1345,0.1637,0.4266,0.3953,0.1781,0.2716,10.4,low
778,30,24,41.7114,36.0289,27.3556,0.6907,0.1361,0.1787,0.576,0.2933,0.1307,0.2178,7.55,low
779,42,30,58.0041,45.3127,72.2009,0.4469,0.5698,0.4979,0.1593,0.4344,0.4063,0.5814,56.69,high
780,30,36,59.5401,46.0366,60.7898,0.7101,0.3584,0.3157,0.1514,0.4691,0.3795,0.3867,19.13,medium
781,24,16,27.7334,29.5233,28.3832,0.9875,0.0139,0.025,0.9113,0.0655,0.0231,0.0924,4.18,acceptable_delay
782,18,30,45.7829,30.1161,25.8399,0.8367,0.117,0.1814,0.7002,0.2015,0.0983,0.1217,6.94,low
783,30,36,54.8912,43.3316,56.3021,0.6445,0.2672,0.2845,0.4823,0.2876,0.2301,0.3214,19.02,medium
784,36,48,46.9805,35.4649,54.5962,0.6292,0.3318,0.3678,0.1307,0.5057,0.3636,0.4311,20.89,medium
785,24,20,52.8075,49.1075,46.2071,0.5522,0.2166,0.263,0.3193,0.5124,0.1683,0.3656,13.32,medium
786,30,24,36.4097,30.3659,25.9024,0.8474,0.1019,0.2061,0.5526,0.3939,0.0535,0.1303,6.22,low
787,30,12,37.0198,22.0205,23.1461,0.9728,0.0582,0.0156,0.8824,0.0753,0.0424,0.0676,1.84,acceptable_delay
788,36,30,83.499,61.0884,54.8186,0.3663,0.424,0.4593,0.1858,0.3178,0.4964,0.5508,28.0,high
789,36,48,72.1729,60.1948,78.8595,0.2763,0.5686,0.583,0.1054,0.1528,0.7419,0.66,106.43,critical
790,36,24,38.4203,42.4876,40.9645,0.7378,0.0642,0.2369,0.4981,0.3545,0.1474,0.2245,6.63,low
791,36,20,52.3363,50.1206,60.8686,0.5407,0.2361,0.3249,0.0831,0.5651,0.3518,0.4104,17.43,medium
792,48,24,65.5745,45.8696,82.2695,0.3248,0.6175,0.2982,0.1341,0.2528,0.6131,0.612,34.83,high
793,24,20,19.209,30.9282,28.6781,0.9843,0.0527,0.0024,0.8493,0.1082,0.0426,0,3.86,acceptable_delay
794,30,60,72.1175,50.1755,50.7992,0.4446,0.3533,0.4564,0.0,0.437,0.6032,0.4651,48.56,high
795,42,36,75.9696,70.308,107.6374,0.1276,0.7776,0.5089,0.0,0.2657,0.853,0.8778,75.3,critical
796,36,20,58.0707,41.4197,61.6995,0.6177,0.1919,0.2406,0.3835,0.3658,0.2506,0.2936,15.69,medium
797,30,36,68.3518,56.575,83.6423,0.3063,0.4178,0.4631,0.0,0.3803,0.7092,0.6255,37.28,high
798,36,20,39.7572,38.4792,28.922,0.8032,0.1483,0.1219,0.5743,0.3664,0.0593,0.1669,10.8,low
799,30,24,84.9282,54.0663,70.9666,0.3779,0.5782,0.4694,0.0,0.4401,0.6596,0.6336,50.83,high
800,42,20,49.8304,48.8379,55.5633,0.6033,0.2158,0.4067,0.2105,0.4766,0.313,0.4085,13.78,medium
801,30,20,55.3885,45.695,53.0538,0.5288,0.3201,0.3944,0.3649,0.4024,0.2327,0.4266,13.72,medium
802,36,36,52.3715,39.297,48.6637,0.5909,0.1654,0.3467,0.2832,0.3943,0.3224,0.3874,23.23,medium
803,42,36,73.5267,58.465,64.6734,0.3272,0.466,0.3,0.0,0.3605,0.6495,0.6184,60.0,high
804,48,30,108.056,67.2948,81.49,0.3357,0.6516,0.6377,0.0579,0.1127,0.8294,0.7809,102.49,critical
805,30,20,19.8061,27.524,15.2892,0.8422,0.0295,0.1124,0.8766,0.1024,0.021,0.1482,2.72,acceptable_delay
806,24,16,35.2871,33.0422,38.3717,0.7836,0.155,0.146,0.4391,0.3916,0.1693,0.1565,9.29,low
807,24,24,30.1415,27.7986,14.3114,0.9122,0.0276,0.0166,0.803,0.1427,0.0543,0.0985,1.53,acceptable_delay
808,24,12,24.3635,28.6217,28.2686,0.8886,0.0791,0.1189,0.8889,0.0589,0.0522,0.1879,2.22,acceptable_delay
809,30,20,54.6027,40.736,53.3033,0.7177,0.3091,0.2739,0.3637,0.3649,0.2714,0.3462,16.19,medium
810,24,16,31.7499,33.9408,20.1082,0.8652,0.0727,0.0076,0.7617,0.1876,0.0507,0.0697,1.58,acceptable_delay
811,30,16,39.1237,32.219,36.8208,0.8436,0.0728,0.1645,0.6132,0.2329,0.1539,0.2036,9.31,low
812,18,16,27.223,25.5557,15.1065,0.8217,0.0644,0.1352,0.8858,0.06,0.0542,0.1474,2.63,acceptable_delay
813,42,80,100.2805,70.8993,119.0468,0.3318,0.814,0.734,0.0366,0.0795,0.8839,0.7242,105.98,critical
814,30,36,46.5015,50.5742,35.1129,0.6868,0.3034,0.2698,0.3522,0.4047,0.243,0.315,21.6,medium
815,30,30,41.5741,38.5249,40.7365,0.7772,0.1399,0.1701,0.5888,0.2899,0.1213,0.2221,11.27,low
816,42,48,60.276,41.1502,35.8036,0.5149,0.1521,0.3735,0.3275,0.3054,0.367,0.3715,24.0,medium
817,48,60,80.9023,42.7455,63.9542,0.4974,0.5382,0.3925,0.0757,0.2383,0.686,0.5261,49.12,high
818,36,36,79.8605,44.026,75.2679,0.4527,0.4001,0.4141,0.2978,0.2833,0.4189,0.481,51.44,high
819,36,30,34.1948,40.3435,38.0307,0.7404,0.1565,0.1536,0.6518,0.228,0.1202,0.2241,9.92,low
820,36,24,43.6896,39.2328,34.3079,0.7263,0.0869,0.2264,0.4707,0.3991,0.1302,0.211,10.86,low
821,36,48,84.4395,55.8752,95.7128,0.2562,0.7684,0.5109,0.0,0.2838,0.8849,0.8104,119.28,critical
822,30,20,23.7558,30.0287,20.8638,0.9812,0.0316,0.0518,0.8803,0.0578,0.0618,0,4.19,acceptable_delay
823,24,20,48.2751,41.6773,33.3554,0.6888,0.179,0.2047,0.6023,0.2822,0.1155,0.2574,11.83,low
824,18,12,33.5558,24.2927,16.2208,0.9242,0.0743,0.0864,0.826,0.1013,0.0726,0.1667,1.91,acceptable_delay
825,36,20,56.5769,49.8484,61.1791,0.6566,0.2924,0.2361,0.2368,0.5018,0.2614,0.387,18.31,medium
826,48,60,84.516,42.0653,56.6125,0.5322,0.5969,0.4001,0.0,0.3376,0.7166,0.5426,46.72,high
827,30,24,40.3395,35.6651,28.2997,0.8274,0.119,0.2415,0.4763,0.4015,0.1222,0.1981,8.2,low
828,24,24,62.6195,50.8749,48.485,0.5559,0.3163,0.3417,0.2929,0.4967,0.2104,0.4691,24.0,medium
829,36,30,61.5741,53.7099,68.1009,0.4234,0.3626,0.262,0.3159,0.193,0.4911,0.4916,50.87,high
830,18,20,43.2176,35.8887,30.8301,0.8031,0.1137,0.115,0.584,0.2519,0.1641,0.2382,11.24,low
831,60,30,105.5661,57.3887,96.7632,0.2025,0.6344,0.7308,0.188,0.1326,0.6794,0.7053,65.19,critical
832,30,30,68.0785,49.418,75.8421,0.3993,0.5461,0.4687,0.0205,0.4431,0.5363,0.6422,51.85,high
833,24,24,20.7447,24.7924,27.6931,0.9146,0.0505,0.1203,0.7184,0.218,0.0636,0.1411,2.38,acceptable_delay
834,42,36,62.926,52.6438,61.94,0.463,0.461,0.4566,0.2245,0.3843,0.3912,0.4778,27.13,high
835,42,24,56.1683,53.6573,84.5865,0.4459,0.5629,0.3134,0.3016,0.2855,0.4129,0.6346,30.4,high
836,36,24,64.7643,45.4359,59.5318,0.4996,0.4603,0.5453,0.2792,0.2251,0.4957,0.5133,56.12,high
837,48,80,89.5578,70.2708,104.3007,0.2304,0.6762,0.6954,0.0388,0.2209,0.7403,0.7943,107.87,critical
838,30,12,18.5002,25.8504,14.4642,0.9526,0.0541,0.1338,0.8829,0.1102,0.007,0.0075,1.28,acceptable_delay
839,18,24,26.3124,28.5022,16.8039,0.8459,0.0689,0.0479,0.8253,0.0956,0.079,0.1331,4.53,acceptable_delay
840,48,30,68.8584,56.8514,57.3723,0.4684,0.5154,0.3344,0.2279,0.4101,0.3619,0.5968,49.14,high
841,24,20,54.4609,39.851,39.9321,0.6644,0.1824,0.4085,0.3962,0.2977,0.3061,0.3798,15.76,medium
842,18,30,39.1478,37.6611,35.084,0.8728,0.0605,0.2052,0.5942,0.2839,0.1219,0.1483,12.0,low
843,24,30,42.6133,38.6286,38.3743,0.8168,0.1247,0.1785,0.4734,0.3969,0.1297,0.1925,6.25,low
844,36,60,62.6243,47.3073,68.576,0.2909,0.6046,0.3983,0.207,0.2961,0.4969,0.7401,55.29,high
845,18,24,18.7757,34.454,16.6299,0.8628,0.0597,0.1381,0.8944,0.0338,0.0718,0.1786,1.68,acceptable_delay
846,36,20,42.7423,42.1639,40.4138,0.6931,0.1625,0.229,0.2833,0.3789,0.3379,0.3342,22.9,medium
847,48,30,55.4303,43.7219,58.2181,0.5148,0.4855,0.434,0.1803,0.3698,0.4499,0.5071,51.62,high
848,48,48,81.0605,51.2879,55.344,0.4792,0.4234,0.5634,0.0,0.3928,0.6731,0.5278,57.25,high
849,60,30,106.9385,55.4158,98.0897,0.3264,0.5344,0.6822,0.0,0.2416,0.8823,0.7361,82.4,critical
850,24,20,27.087,30.9784,20.4864,0.9801,0.0107,0.0756,0.7945,0.1837,0.0218,0.0238,4.21,acceptable_delay
851,36,30,48.5558,30.7283,35.4215,0.793,0.1414,0.1744,0.629,0.3186,0.0524,0.1706,12.0,low
852,30,60,56.1927,46.0489,60.512,0.4816,0.425,0.3727,0.2779,0.1833,0.5388,0.5269,35.78,high
853,24,16,35.3301,35.1015,35.8638,0.7163,0.1675,0.1225,0.7174,0.183,0.0996,0.3177,10.46,low
854,24,30,56.9712,46.4882,35.7012,0.6041,0.2734,0.2059,0.3532,0.494,0.1528,0.3657,24.0,medium
855,18,16,22.1216,23.4126,10.6715,0.9276,0.0563,0.0073,0.8343,0.1064,0.0592,0.0584,2.21,acceptable_delay
856,42,60,82.1284,42.4689,61.1499,0.3251,0.5078,0.4812,0.1037,0.449,0.4474,0.5979,37.63,high
857,18,24,38.3307,38.8712,43.6344,0.7748,0.1104,0.2054,0.7218,0.2254,0.0528,0.128,11.49,low
858,30,24,30.9967,33.9247,27.0468,0.9747,0.0304,0.0475,0.7682,0.1743,0.0575,0.1138,1.0,acceptable_delay
859,30,24,28.6387,33.527,14.9502,0.8823,0.0221,0.1406,0.8906,0.0514,0.058,0.1534,3.26,acceptable_delay
860,24,16,34.2892,35.2073,31.7688,0.7901,0.1436,0.2002,0.5176,0.4115,0.0709,0.1299,6.1,low
861,48,24,64.9876,42.6275,80.5214,0.5302,0.3034,0.4393,0.3041,0.2339,0.462,0.4446,40.25,high
862,36,30,35.7727,40.4737,44.4072,0.7648,0.1676,0.1037,0.673,0.2007,0.1263,0.1877,9.82,low
863,30,16,37.4524,34.4554,27.2766,0.7601,0.1148,0.2221,0.5655,0.2948,0.1397,0.2064,10.86,low
864,42,60,82.1355,50.9323,61.8517,0.3273,0.397,0.5148,0.1731,0.4178,0.4091,0.5333,31.67,high
865,24,16,41.9254,39.3236,37.241,0.6976,0.1592,0.1312,0.5817,0.3139,0.1044,0.2166,12.0,low
866,36,24,63.6428,46.3063,45.2178,0.4937,0.2248,0.2593,0.4099,0.4171,0.173,0.4296,22.9,medium
867,30,24,46.0319,34.0652,39.7708,0.699,0.151,0.0878,0.5,0.3392,0.1608,0.2188,8.58,low
868,42,36,61.5195,51.4416,38.2781,0.5697,0.2798,0.187,0.5559,0.2831,0.161,0.3194,17.49,medium
869,36,60,82.7607,59.8649,75.0217,0.4358,0.3604,0.2989,0.3286,0.2072,0.4641,0.5228,59.46,high
870,30,30,68.4549,44.305,81.8999,0.3504,0.3766,0.4628,0.2495,0.1942,0.5563,0.6317,33.82,high
871,24,24,49.5852,30.0206,25.4797,0.8051,0.0742,0.2242,0.4263,0.4198,0.1539,0.1705,8.44,low
872,24,30,41.0069,30.5708,28.4177,0.747,0.1646,0.2267,0.7142,0.2147,0.0711,0.2668,6.33,low
873,42,20,48.3655,40.8166,50.8125,0.5947,0.2913,0.2042,0.3304,0.5055,0.164,0.2959,20.93,medium
874,48,30,82.385,55.3687,79.0971,0.4707,0.5442,0.2816,0.2164,0.386,0.3975,0.4927,55.06,high
875,24,20,35.8836,32.3065,38.6532,0.7174,0.0809,0.1674,0.6181,0.2828,0.099,0.2325,7.22,low
876,48,48,78.6227,44.0725,79.6475,0.4846,0.4855,0.5112,0.1039,0.2789,0.6171,0.5736,31.31,high
877,24,30,61.5892,38.6018,55.9758,0.6124,0.174,0.3855,0.2462,0.3852,0.3686,0.3918,19.77,medium
878,42,80,100.4599,68.0605,116.6081,0.1498,0.8308,0.5056,0.0,0.093,0.91,0.9458,78.36,critical
879,36,48,52.4758,46.5781,41.8658,0.6245,0.3499,0.382,0.3359,0.5113,0.1528,0.3846,23.91,medium
880,24,12,27.8861,26.5502,19.751,0.8839,0.0207,0.0419,0.7551,0.1972,0.0477,0.115,2.52,acceptable_delay
881,42,36,46.2114,51.7662,56.5587,0.6005,0.2079,0.2827,0.089,0.5444,0.3666,0.411,17.62,medium
882,30,16,41.0705,37.2159,27.4647,0.681,0.1316,0.1713,0.5738,0.2531,0.1731,0.3057,11.66,low
883,24,20,27.5233,28.1343,23.9353,0.8774,0.024,0.1215,0.7994,0.1913,0.0092,0.1267,3.25,acceptable_delay
884,48,48,80.4322,52.126,110.6383,0.2681,0.7017,0.5407,0.0,0.2776,0.7572,0.6974,74.66,critical
885,36,36,59.7233,49.3692,52.1363,0.4984,0.2004,0.2025,0.4123,0.3054,0.2823,0.3784,24.0,medium
886,42,36,82.1419,54.8053,61.509,0.4601,0.3804,0.3677,0.2727,0.3725,0.3548,0.4923,46.76,high
887,24,36,43.5573,42.1231,60.146,0.6009,0.1546,0.3238,0.3711,0.3187,0.3102,0.2788,20.28,medium
888,36,30,101.0122,67.2721,113.1443,0.3025,0.5293,0.416,0.0,0.2093,0.8375,0.6394,104.88,critical
889,48,48,104.6509,51.058,90.164,0.1641,0.7365,0.486,0.0579,0.1235,0.8186,0.8978,118.11,critical
890,36,30,57.5247,41.9909,56.8438,0.582,0.2047,0.1931,0.3926,0.3457,0.2617,0.3796,13.74,medium
891,48,24,71.1842,57.25,75.2883,0.3258,0.332,0.3651,0.2742,0.2934,0.4324,0.5046,60.0,high
892,18,30,39.2098,30.9932,41.3769,0.8647,0.1175,0.133,0.5268,0.3761,0.0971,0.2088,10.19,low
893,30,48,42.5873,45.3536,56.8169,0.6026,0.314,0.302,0.333,0.3832,0.2837,0.3454,22.11,medium
894,18,20,36.3479,28.6144,26.6222,0.9566,0.0375,0.0923,0.8939,0.0336,0.0725,0.0362,2.17,acceptable_delay
895,18,24,45.8581,32.2477,41.5141,0.8179,0.1291,0.2343,0.6205,0.2521,0.1274,0.2203,8.92,low
896,36,24,42.5291,31.5282,27.6314,0.7206,0.1347,0.123,0.5051,0.3853,0.1096,0.2466,7.26,low
897,42,36,57.3694,43.87,41.4941,0.5947,0.2529,0.2473,0.2475,0.4248,0.3277,0.3208,22.88,medium
898,30,20,36.0715,30.0012,41.3076,0.8496,0.1013,0.1598,0.5476,0.4013,0.0511,0.2133,7.87,low
899,36,48,68.06,44.4524,72.5509,0.5345,0.4767,0.4439,0.0665,0.2366,0.6969,0.5298,27.06,high
900,42,24,64.0525,49.1528,57.1841,0.6047,0.1997,0.1975,0.3004,0.4116,0.288,0.2939,17.85,medium
901,42,20,62.0081,44.6747,48.3383,0.6124,0.2886,0.3158,0.2435,0.4495,0.3069,0.3149,14.05,medium
902,42,24,55.1131,49.5151,41.0224,0.6898,0.2905,0.2637,0.3017,0.4405,0.2578,0.371,13.85,medium
903,42,48,53.4958,51.3111,41.365,0.5907,0.2514,0.3132,0.18,0.4999,0.3201,0.4375,17.64,medium
904,30,36,57.6732,60.9229,70.0901,0.5362,0.424,0.3845,0.1749,0.2174,0.6077,0.4815,29.3,high
905,30,16,36.6113,39.226,28.0961,0.7107,0.0987,0.0886,0.501,0.3277,0.1712,0.2671,9.49,low
906,18,30,40.6694,39.095,27.2592,0.7891,0.117,0.1219,0.5457,0.3682,0.0861,0.1443,8.71,low
907,18,16,29.8445,29.6388,23.6343,0.919,0.0762,0.0692,0.83,0.1133,0.0567,0.0767,4.67,acceptable_delay
908,36,48,95.9487,60.3883,111.876,0.3715,0.8017,0.3841,0.0,0.1987,0.8698,0.7553,70.26,critical
909,24,36,57.5718,50.8515,38.6836,0.5995,0.2939,0.3424,0.4101,0.3174,0.2725,0.3113,16.23,medium
910,36,36,101.9521,61.1832,85.866,0.1045,0.7173,0.7311,0.086,0.2661,0.6479,0.8772,81.78,critical
911,24,16,48.9622,42.0005,37.9421,0.8053,0.1688,0.2456,0.5759,0.3483,0.0758,0.1527,8.55,low
912,30,48,75.3406,42.598,67.4098,0.5042,0.432,0.5711,0.2447,0.1919,0.5634,0.4556,53.57,high
913,24,24,41.0682,35.7026,43.5135,0.6881,0.072,0.2241,0.5037,0.3666,0.1296,0.1748,8.24,low
914,42,36,68.5769,53.066,82.8842,0.5409,0.6109,0.3103,0.0,0.4191,0.6534,0.5653,32.11,high
915,24,12,35.316,26.6469,12.4895,0.8862,0.0712,0.1115,0.825,0.1035,0.0716,0.191,3.32,acceptable_delay
916,36,24,55.7233,43.7276,56.5377,0.3331,0.5112,0.4302,0.1347,0.309,0.5562,0.6995,50.42,high
917,24,48,53.2381,38.1738,36.8763,0.7111,0.2096,0.2359,0.3973,0.301,0.3017,0.2351,18.45,medium
918,30,30,61.7867,45.6925,73.0779,0.3687,0.6117,0.4706,0.1218,0.3358,0.5424,0.6958,53.37,high
919,36,48,79.4509,63.7665,81.8227,0.1466,0.7287,0.631,0.1274,0.1944,0.6782,0.8749,76.19,critical
920,24,30,46.6722,51.0107,50.4215,0.6557,0.2594,0.3794,0.4693,0.3129,0.2178,0.3587,22.96,medium
921,24,20,43.8705,34.4765,27.5786,0.7567,0.1306,0.1084,0.5913,0.2516,0.1571,0.1973,10.91,low
922,24,12,23.2355,25.6441,18.9255,0.9993,0.0228,0.1375,0.9074,0.0533,0.0393,0.0925,3.35,acceptable_delay
923,36,24,60.2643,51.214,48.1715,0.6919,0.239,0.3593,0.1955,0.4669,0.3377,0.3368,18.51,medium
924,18,16,25.5677,32.2759,15.8903,0.852,0.0001,0.1053,0.7625,0.1916,0.0458,0.1562,2.79,acceptable_delay
925,18,24,36.9586,40.6228,33.3304,0.8536,0.1644,0.1185,0.5406,0.3246,0.1349,0.1117,10.45,low
926,30,24,61.2854,45.3188,39.7854,0.5098,0.3057,0.2204,0.4122,0.2834,0.3044,0.4052,18.25,medium
927,24,12,34.9915,33.5126,12.1108,0.9929,0.0508,0.1243,0.8307,0.1127,0.0566,0.0904,4.89,acceptable_delay
928,24,16,49.6314,40.9765,27.0743,0.8622,0.1179,0.1767,0.5663,0.3267,0.107,0.1963,10.62,low
929,48,48,80.0482,73.3558,89.6587,0.2662,0.5686,0.4912,0.0156,0.1235,0.8609,0.7527,100.89,critical
930,36,24,58.4322,44.5819,52.4898,0.6027,0.1844,0.3772,0.2609,0.5163,0.2228,0.3203,24.0,medium
931,36,48,103.7323,69.4305,89.9335,0.1417,0.7057,0.6593,0.0101,0.118,0.8719,0.9004,116.38,critical
932,36,30,41.361,41.7183,30.3324,0.8192,0.1306,0.2476,0.6272,0.2737,0.0991,0.1936,10.2,low
933,30,60,63.6349,56.2407,78.9441,0.4387,0.5031,0.3585,0.075,0.4311,0.4939,0.4955,38.26,high
934,36,60,72.4269,54.5451,81.1011,0.5444,0.539,0.4832,0.0,0.3969,0.7133,0.5162,40.74,high
935,30,60,71.0567,44.5484,53.3562,0.4806,0.4354,0.2632,0.2095,0.1962,0.5943,0.481,60.0,high
936,18,16,34.1315,34.5541,31.3697,0.7083,0.1445,0.1282,0.7211,0.1971,0.0818,0.2619,8.24,low
937,42,48,57.1564,44.7927,60.0401,0.6661,0.2603,0.2111,0.2089,0.5666,0.2245,0.3042,20.26,medium
938,36,36,64.4265,49.7536,48.8635,0.6672,0.1895,0.2467,0.4401,0.3721,0.1878,0.3498,20.16,medium
939,18,16,45.6474,41.9613,29.108,0.8602,0.0822,0.1398,0.5552,0.383,0.0618,0.2027,11.44,low
940,30,16,31.0707,26.8688,13.5695,0.9167,0.0423,0.1092,0.9515,0.0307,0.0178,0.0244,2.28,acceptable_delay
941,36,36,103.3804,73.3449,109.0383,0.2561,0.6602,0.4789,0.007,0.275,0.718,0.68,75.26,critical
942,30,30,77.0024,49.0787,71.0328,0.321,0.5752,0.4233,0.076,0.2779,0.6461,0.6352,60.0,high
943,24,30,61.5484,41.8286,51.6672,0.5787,0.3316,0.369,0.2905,0.416,0.2935,0.4002,18.91,medium
944,36,30,49.3315,30.2134,31.7857,0.7475,0.1465,0.1489,0.5856,0.3369,0.0775,0.2277,12.0,low
945,42,20,53.3119,51.8431,41.0621,0.7096,0.2092,0.1983,0.3851,0.3881,0.2268,0.346,13.08,medium
946,60,48,93.316,54.14,107.8109,0.2977,0.7183,0.6004,0.0,0.1932,0.8453,0.7412,110.28,critical
947,24,12,25.461,27.6844,21.3,0.9982,0.0181,0.1026,0.778,0.1542,0.0678,0.0967,3.35,acceptable_delay
948,42,36,48.0503,49.6965,61.8131,0.6556,0.1745,0.2649,0.3138,0.518,0.1682,0.3288,16.76,medium
949,36,30,47.3883,30.9732,34.833,0.7282,0.1764,0.0886,0.5867,0.3344,0.079,0.2307,7.82,low
950,42,24,63.3629,41.369,41.4406,0.5019,0.2386,0.4174,0.4348,0.3376,0.2275,0.4333,16.95,medium
951,42,36,83.7896,74.0254,75.4357,0.2525,0.5277,0.3543,0.0,0.2748,0.8719,0.6832,69.9,critical
952,36,24,60.4492,46.1172,41.6395,0.5805,0.2544,0.3081,0.2011,0.5264,0.2725,0.3618,20.15,medium
953,18,16,35.0731,38.0556,31.0501,0.7589,0.1045,0.2446,0.5579,0.3193,0.1227,0.1788,10.03,low
954,42,36,83.372,58.7307,65.1952,0.5089,0.3962,0.5799,0.265,0.3538,0.3812,0.4607,44.07,high
955,36,36,56.9817,42.6276,79.8574,0.3481,0.3597,0.4142,0.1191,0.2873,0.5936,0.6148,37.36,high
956,42,36,75.3051,61.5214,103.0831,0.1632,0.5471,0.3972,0.007,0.101,0.8919,0.806,116.12,critical
957,42,48,74.7521,61.1613,76.303,0.5144,0.3589,0.5368,0.3416,0.2477,0.4107,0.4094,57.14,high
958,36,20,46.6534,43.1672,50.197,0.5866,0.1843,0.2596,0.5177,0.2968,0.1855,0.3673,19.72,medium
959,36,20,64.7555,46.1568,46.8626,0.5136,0.3069,0.1814,0.154,0.4928,0.3532,0.3881,16.4,medium
960,30,30,82.1099,47.0584,63.9734,0.4725,0.4189,0.3175,0.1626,0.4391,0.3983,0.4699,31.84,high
961,30,20,19.4415,34.0647,10.846,0.8234,0.0737,0.1293,0.815,0.1389,0.0461,0.1855,1.98,acceptable_delay
962,24,30,46.8666,34.6837,33.3447,0.7377,0.1647,0.1013,0.6129,0.3356,0.0515,0.1816,11.93,low
963,36,48,79.3081,49.175,67.8107,0.3593,0.5258,0.3824,0.1079,0.2435,0.6486,0.7053,37.91,high
964,24,20,45.1441,31.8248,28.1844,0.7933,0.1279,0.2283,0.5753,0.3557,0.069,0.2539,7.12,low
965,48,60,103.2123,55.5549,117.0303,0.2529,0.8155,0.579,0.2158,0.1512,0.633,0.747,105.84,critical
966,36,48,62.3601,48.1834,38.98,0.5541,0.222,0.2685,0.3922,0.4559,0.1519,0.3896,14.01,medium
967,24,30,44.9867,34.6825,25.7168,0.8337,0.0987,0.2326,0.4813,0.362,0.1566,0.2226,6.66,low
968,18,20,18.6539,25.1478,15.7734,0.9605,0.0453,0.1159,0.8333,0.1271,0.0396,0.0814,1.72,acceptable_delay
969,36,36,74.7404,50.7774,80.4968,0.2987,0.3786,0.4244,0.2253,0.2187,0.556,0.6777,29.27,high
970,36,48,81.746,52.6881,111.38,0.1566,0.5758,0.4194,0.0982,0.1036,0.7982,0.775,108.29,critical
971,42,36,67.7711,55.4999,76.8392,0.2864,0.3855,0.3468,0.1951,0.3006,0.5043,0.5855,27.11,high
972,36,48,65.4076,58.2182,77.8695,0.336,0.5239,0.4162,0.0,0.3945,0.657,0.5936,54.13,high
973,30,20,22.4314,32.9077,11.5276,0.934,0.0424,0.0291,0.8412,0.0967,0.0621,0.1525,3.02,acceptable_delay
974,30,20,45.301,42.2487,47.2857,0.6348,0.2345,0.3538,0.3133,0.5051,0.1816,0.2601,13.79,medium
975,36,30,36.2912,34.8924,34.1931,0.6866,0.1268,0.2263,0.5611,0.3495,0.0894,0.2526,7.62,low
976,24,30,44.7422,33.0532,29.8411,0.7331,0.0875,0.2219,0.5758,0.2654,0.1587,0.2659,6.37,low
977,36,16,41.3771,36.3772,36.0757,0.7879,0.1164,0.1756,0.7363,0.1934,0.0703,0.159,9.42,low
978,36,16,32.8775,39.9932,29.3677,0.8087,0.1695,0.2016,0.7391,0.1975,0.0634,0.2056,7.5,low
979,18,24,27.7716,32.6143,23.8122,0.9363,0.0393,0.1189,0.9205,0.0721,0.0074,0.1048,2.14,acceptable_delay
980,24,48,54.0003,47.7595,48.5712,0.4845,0.2882,0.3076,0.2662,0.3625,0.3713,0.4145,24.0,medium
981,30,30,47.7595,42.9411,31.8547,0.8603,0.1031,0.112,0.4264,0.4004,0.1733,0.1502,8.08,low
982,36,48,100.2227,59.7539,106.3844,0.1929,0.6598,0.3653,0.0927,0.092,0.8154,0.8501,75.25,critical
983,42,20,49.3068,38.0468,47.7033,0.7184,0.1512,0.3484,0.496,0.3082,0.1958,0.2538,14.08,medium
984,24,16,26.9309,28.7808,16.6488,0.9573,0.0302,0.1399,0.7141,0.2163,0.0696,0.0364,3.01,acceptable_delay
985,24,20,20.0446,23.2222,18.6196,0.9203,0.041,0.0155,0.8575,0.1353,0.0072,0.1008,5.0,acceptable_delay
986,36,36,107.0252,59.7257,106.2861,0.1496,0.7296,0.3557,0.1304,0.1322,0.7374,0.7916,92.24,critical
987,48,80,75.9983,59.443,76.1471,0.2156,0.7792,0.5547,0.0,0.1424,0.917,0.7696,81.9,critical
988,48,30,71.0564,61.5155,53.3938,0.4645,0.3495,0.3735,0.2855,0.299,0.4155,0.5402,53.94,high
989,24,30,47.1584,39.7147,25.4883,0.771,0.1526,0.2286,0.5277,0.3696,0.1027,0.199,9.42,low
990,36,30,47.688,40.0578,30.7183,0.7133,0.0953,0.2362,0.4634,0.3969,0.1397,0.2321,9.52,low
991,48,80,87.2356,52.6023,118.0387,0.1705,0.6617,0.3663,0.0,0.2864,0.7249,0.8119,74.18,critical
992,18,24,47.7596,31.4426,32.3118,0.8038,0.1039,0.1098,0.6813,0.1961,0.1226,0.2168,8.54,low
993,24,24,53.6981,47.7722,52.4169,0.6022,0.2547,0.2914,0.3838,0.3922,0.224,0.386,21.74,medium
994,48,80,96.316,52.5109,90.1825,0.3606,0.6092,0.7012,0.2369,0.1333,0.6297,0.6926,70.85,critical
995,42,80,91.845,68.3637,94.5653,0.3047,0.7123,0.4435,0.0071,0.2566,0.7363,0.789,96.89,critical
996,36,30,44.5344,35.1417,60.0353,0.5153,0.293,0.3056,0.3359,0.4474,0.2166,0.3697,18.15,medium
997,24,48,47.9643,46.4479,46.7126,0.4843,0.2329,0.1832,0.2811,0.418,0.3008,0.4154,21.73,medium
998,30,24,61.0428,50.2058,35.8632,0.4953,0.2404,0.3282,0.475,0.3472,0.1778,0.3725,17.17,medium
999,30,16,36.3863,37.3439,31.5366,0.8196,0.0784,0.1945,0.4073,0.413,0.1797,0.2151,8.79,low
1000,30,60,78.4176,52.6352,77.9507,0.5085,0.3281,0.5544,0.0,0.4481,0.5757,0.5204,53.8,high
1001,42,24,59.214,57.3981,80.4754,0.4688,0.5365,0.5659,0.1277,0.3886,0.4837,0.5903,33.73,high
1002,30,30,65.2404,61.0083,82.2644,0.3745,0.3642,0.4626,0.2839,0.2213,0.4948,0.5283,28.0,high
1003,30,30,32.9589,41.0995,32.3926,0.7546,0.0942,0.1397,0.4331,0.3898,0.1771,0.1621,10.39,low
1004,18,12,24.1858,35.9943,24.3774,0.9146,0.0615,0.1235,0.7793,0.2148,0.0059,0.1162,3.07,acceptable_delay
1005,24,24,59.9949,40.0699,38.184,0.5353,0.2763,0.2594,0.2363,0.5622,0.2015,0.4578,16.9,medium
1006,30,16,18.3244,29.7464,21.6806,0.9496,0.0236,0.0294,0.8433,0.1383,0.0184,0.032,3.83,acceptable_delay
1007,24,20,32.9468,24.9958,26.559,0.8688,0.045,0.0407,0.8205,0.1708,0.0087,0.0805,1.66,acceptable_delay
1008,42,30,55.439,45.8198,61.9058,0.6454,0.349,0.3556,0.4253,0.3289,0.2459,0.3675,18.99,medium
1009,24,16,47.816,31.9092,28.3268,0.8645,0.122,0.1489,0.491,0.333,0.176,0.2205,11.31,low
1010,24,20,44.6815,37.666,28.3797,0.7533,0.1381,0.0864,0.5947,0.2414,0.164,0.2365,7.78,low
1011,48,60,70.9093,74.5313,86.3877,0.2993,0.8043,0.7226,0.0,0.2629,0.7929,0.7564,68.88,critical
1012,36,48,88.0614,67.3492,100.2841,0.1133,0.6289,0.5758,0.0,0.2508,0.8264,0.8003,73.99,critical
1013,42,24,81.9557,48.041,59.1954,0.5311,0.584,0.5142,0.146,0.4282,0.4257,0.5611,50.11,high
1014,42,20,42.023,42.8991,57.393,0.5494,0.3541,0.1801,0.2106,0.4247,0.3647,0.4525,23.24,medium
1015,30,60,56.5644,55.0924,77.4492,0.5375,0.6013,0.3081,0.0129,0.4343,0.5527,0.6029,35.5,high
1016,24,16,30.7324,30.6925,23.5553,0.9498,0.0527,0.1258,0.7481,0.2016,0.0503,0.1015,1.96,acceptable_delay
1017,36,30,86.5342,58.5339,92.3537,0.1412,0.7268,0.3993,0.0,0.2943,0.718,0.8111,94.63,critical
1018,30,60,79.6998,59.2637,82.4651,0.5493,0.5023,0.4118,0.0586,0.4162,0.5252,0.5425,54.58,high
1019,42,30,55.2401,49.5078,51.3289,0.712,0.3048,0.3278,0.2981,0.3428,0.3591,0.2641,15.37,medium
1020,24,12,24.0775,24.9426,25.7152,0.9292,0.0258,0.0663,0.8188,0.1271,0.0541,0.1259,5.74,acceptable_delay
1021,42,30,83.0329,54.3136,98.8324,0.2587,0.7152,0.6464,0.0,0.2888,0.8821,0.8172,112.17,critical
1022,24,48,47.479,35.6645,38.9998,0.6921,0.3447,0.2449,0.1954,0.4727,0.3318,0.3174,23.03,medium
1023,30,24,73.4155,52.5954,75.5633,0.4778,0.3796,0.4485,0.1408,0.2284,0.6308,0.4811,49.75,high
1024,42,36,46.6967,41.6408,49.4312,0.5252,0.1728,0.3167,0.1977,0.5484,0.2539,0.3241,14.46,medium
1025,30,24,27.2975,33.5603,21.8495,0.878,0.0196,0.1402,0.862,0.1157,0.0223,0.1414,3.74,acceptable_delay
1026,48,60,79.435,43.857,56.1284,0.5266,0.5318,0.2902,0.1576,0.2125,0.6299,0.5429,48.92,high
1027,30,60,78.9981,51.9041,82.0545,0.4676,0.3981,0.4994,0.3014,0.2365,0.4621,0.5309,59.96,high
1028,30,16,37.4796,23.4019,23.1373,0.868,0.0653,0.1376,0.7762,0.2193,0.0045,0.0836,5.51,acceptable_delay
1029,36,20,33.2191,32.8702,41.695,0.7189,0.0818,0.2159,0.4549,0.3843,0.1608,0.2938,12.0,low
1030,30,48,69.7841,58.6218,69.9934,0.314,0.4647,0.5158,0.2393,0.358,0.4028,0.6412,51.95,high
1031,36,20,52.4387,38.6945,57.2877,0.5096,0.2526,0.1812,0.2387,0.5302,0.231,0.3471,15.7,medium
1032,36,24,39.5165,37.8412,33.0889,0.7769,0.0935,0.2106,0.6958,0.2402,0.064,0.19,9.15,low
1033,18,16,22.2283,34.1536,27.7511,0.9056,0.0037,0.0112,0.7251,0.2009,0.074,0.103,1.46,acceptable_delay
1034,24,12,33.2001,28.1791,14.3708,0.8965,0.0589,0.0981,0.784,0.1962,0.0198,0.0421,2.58,acceptable_delay
1035,42,20,45.7107,47.3456,47.6695,0.5851,0.2566,0.321,0.1359,0.5565,0.3075,0.4308,21.74,medium
1036,24,24,26.7552,30.3725,27.7885,0.9522,0.0483,0.0039,0.8236,0.1581,0.0183,0.124,2.43,acceptable_delay
1037,18,24,47.5223,40.5709,36.4979,0.8188,0.1759,0.1757,0.4881,0.3618,0.1501,0.2695,9.15,low
1038,30,12,25.8091,28.5819,22.7134,0.9966,0.0203,0.0024,0.8414,0.0955,0.0631,0.08,4.03,acceptable_delay
1039,60,36,73.7393,73.0892,100.5887,0.1262,0.5876,0.5893,0.0,0.2846,0.8389,0.7765,91.84,critical
1040,24,24,20.7836,26.2397,15.0536,0.8477,0.0339,0.0565,0.8205,0.1436,0.0359,0.1408,4.05,acceptable_delay
1041,18,24,19.3785,28.5113,15.6461,0.9721,0.0262,0.083,0.9312,0.0681,0.0006,0.0622,1.96,acceptable_delay
1042,18,30,37.1633,31.7515,42.9733,0.7771,0.1125,0.1301,0.6338,0.2255,0.1406,0.1636,8.73,low
1043,36,30,68.2107,58.2305,55.0882,0.3601,0.6087,0.533,0.1727,0.2985,0.5288,0.6517,60.0,high
1044,30,12,31.2386,34.2695,22.3606,0.9275,0.0123,0.0271,0.7959,0.1487,0.0554,0.1383,3.27,acceptable_delay
1045,30,48,60.7948,45.1051,71.4617,0.3711,0.4455,0.4673,0.0,0.3917,0.6578,0.6704,49.87,high
1046,24,16,44.1348,37.7185,30.6746,0.8187,0.1551,0.1609,0.7192,0.2143,0.0665,0.1541,8.35,low
1047,18,12,36.9518,24.909,14.2205,0.9389,0.0126,0.0261,0.9635,0.0305,0.006,0.0614,3.05,acceptable_delay
1048,30,30,41.6561,42.2548,39.2025,0.8148,0.1673,0.1708,0.5546,0.2814,0.1641,0.1384,6.68,low
1049,42,60,63.259,42.7149,54.9007,0.4209,0.3083,0.5405,0.0688,0.3727,0.5585,0.4977,52.06,high
1050,36,16,30.5273,35.1612,40.2999,0.6967,0.0915,0.1064,0.4724,0.3925,0.1351,0.2179,7.29,low
1051,24,36,59.4614,46.223,52.3196,0.6966,0.1621,0.3316,0.2078,0.4781,0.3141,0.2954,16.41,medium
1052,18,24,24.2738,24.12,23.81,0.8939,0.062,0.1381,0.7604,0.1698,0.0698,0.0562,1.0,acceptable_delay
1053,18,20,28.1425,31.3365,16.5237,0.9455,0.0444,0.0288,0.8448,0.102,0.0532,0.116,1.52,acceptable_delay
1054,42,36,56.3611,58.9483,56.2075,0.2825,0.466,0.2963,0.2856,0.1905,0.5238,0.6565,34.65,high
1055,36,48,107.6124,55.3213,117.6393,0.3149,0.5889,0.4862,0.2259,0.1574,0.6167,0.683,88.99,critical
1056,42,36,57.7725,41.8573,56.0234,0.609,0.2185,0.1856,0.1127,0.5566,0.3306,0.3117,24.0,medium
1057,30,48,73.8434,51.7912,53.7828,0.398,0.4002,0.2961,0.2193,0.3852,0.3955,0.6097,27.07,high
1058,18,24,40.6925,42.492,26.6091,0.7719,0.152,0.1901,0.7376,0.1894,0.073,0.1958,7.8,low
1059,30,30,43.1386,31.1413,32.6441,0.8721,0.1335,0.1863,0.6827,0.2377,0.0796,0.1037,12.0,low
1060,36,36,86.6021,60.8655,104.9844,0.1465,0.7498,0.6355,0.0,0.1827,0.8828,0.9129,100.7,critical
1061,24,30,48.8811,39.9903,40.7528,0.6571,0.2695,0.2322,0.22,0.5599,0.2201,0.3525,21.95,medium
1062,36,24,45.885,30.7579,37.3387,0.7858,0.1481,0.2219,0.7081,0.2318,0.0601,0.204,6.39,low
1063,18,30,32.2063,31.7669,40.2455,0.8209,0.1269,0.0869,0.6996,0.2078,0.0927,0.1501,9.19,low
1064,24,24,35.7592,36.4242,27.604,0.8513,0.132,0.2492,0.5707,0.3425,0.0868,0.153,7.74,low
1065,30,30,48.8816,46.3377,57.0071,0.6175,0.1794,0.2706,0.3688,0.3116,0.3196,0.3445,15.97,medium
1066,36,36,95.7165,54.187,116.3431,0.3637,0.7622,0.6156,0.2707,0.0997,0.6296,0.6719,115.59,critical
1067,42,60,78.4947,51.2481,65.923,0.4718,0.5283,0.3035,0.2344,0.1914,0.5742,0.6328,31.26,high
1068,24,24,28.4814,30.5373,17.278,0.9852,0.031,0.1162,0.9057,0.0399,0.0543,0.0739,1.73,acceptable_delay
1069,42,30,48.2794,35.4202,46.9256,0.5437,0.1659,0.3964,0.3517,0.4305,0.2177,0.3699,13.59,medium
1070,36,60,55.1894,45.517,56.9202,0.3189,0.4734,0.571,0.0212,0.3698,0.609,0.5786,32.95,high
1071,18,16,47.9016,39.3782,36.8541,0.7452,0.0839,0.1951,0.5407,0.367,0.0923,0.1848,7.41,low
1072,60,36,97.5167,70.8405,77.9534,0.2059,0.56,0.3641,0.0832,0.2607,0.656,0.722,68.1,critical
1073,24,12,20.654,25.1667,23.5997,0.8217,0.0556,0.1226,0.8107,0.1102,0.0791,0.1051,1.0,acceptable_delay
1074,30,60,76.8599,53.327,52.3551,0.5414,0.5985,0.3747,0.1068,0.2988,0.5944,0.5821,35.6,high
1075,30,60,81.828,45.0638,75.7669,0.5151,0.3421,0.3885,0.1419,0.1951,0.6629,0.518,27.99,high
1076,18,12,23.2437,22.5576,11.2094,0.9621,0.0405,0.0943,0.851,0.1089,0.0401,0.0973,1.0,acceptable_delay
1077,36,48,48.7135,50.577,53.8472,0.6534,0.1956,0.2984,0.1759,0.4458,0.3782,0.4054,13.35,medium
1078,24,48,64.5983,41.251,40.2284,0.5848,0.1622,0.2357,0.3665,0.3481,0.2854,0.3845,24.0,medium
1079,42,36,78.2713,58.8295,113.4976,0.3403,0.7318,0.546,0.0,0.1594,0.9037,0.7132,88.97,critical
1080,60,30,92.1017,50.9844,93.4885,0.2139,0.5841,0.5908,0.0384,0.165,0.7965,0.7368,120.0,critical
1081,48,48,62.4954,61.7386,70.514,0.296,0.318,0.3631,0.1527,0.2983,0.549,0.5647,44.17,high
1082,42,60,62.5604,59.9306,50.9652,0.4414,0.4379,0.5022,0.3137,0.287,0.3993,0.5511,37.72,high
1083,18,24,41.123,30.922,31.0424,0.7722,0.1309,0.1206,0.7002,0.2182,0.0817,0.2043,6.1,low
1084,18,24,25.464,35.815,21.1566,0.8858,0.0115,0.0904,0.9302,0.0376,0.0321,0.0365,4.57,acceptable_delay
1085,24,24,32.4298,30.324,43.6214,0.8337,0.1737,0.2377,0.5169,0.4128,0.0703,0.1906,9.37,low
1086,36,48,73.7767,53.1053,70.7846,0.4848,0.3345,0.3403,0.1772,0.3707,0.4521,0.475,31.27,high
1087,48,60,64.9364,43.6226,55.6856,0.4099,0.5971,0.2719,0.1137,0.4201,0.4662,0.5946,55.16,high
1088,24,24,57.328,37.3971,40.5848,0.6813,0.3085,0.1866,0.0745,0.568,0.3576,0.3571,21.88,medium
1089,48,24,74.5139,51.033,65.594,0.5413,0.515,0.5041,0.3639,0.2104,0.4257,0.4849,30.98,high
1090,24,24,42.4879,47.902,38.3495,0.5367,0.24,0.2385,0.5105,0.3213,0.1683,0.3819,15.23,medium
1091,18,20,37.9185,23.6257,14.696,0.9168,0.0311,0.0557,0.7617,0.1623,0.076,0.1021,4.08,acceptable_delay
1092,42,36,67.21,53.6042,63.0238,0.5455,0.5455,0.2987,0.0,0.4201,0.5989,0.558,42.06,high
1093,42,20,52.6871,47.2453,56.9463,0.5653,0.273,0.3645,0.3441,0.5022,0.1537,0.3688,23.23,medium
1094,36,60,74.5048,68.7584,81.8986,0.2437,0.7344,0.4029,0.048,0.1934,0.7586,0.7584,70.36,critical
1095,30,20,31.3775,32.0153,30.9135,0.7327,0.1041,0.0801,0.5961,0.271,0.1329,0.1842,7.02,low
1096,30,20,57.2402,35.7605,35.9918,0.514,0.3298,0.2317,0.3735,0.4456,0.1809,0.4362,17.26,medium
1097,30,24,20.9788,34.5038,12.7956,0.9876,0.0255,0.0589,0.7606,0.1901,0.0493,0.065,2.81,acceptable_delay
1098,36,30,44.7221,33.3309,26.9056,0.6918,0.0999,0.1199,0.4127,0.4192,0.1681,0.3162,12.0,low
1099,42,20,53.9347,44.9403,54.2712,0.6696,0.1761,0.3607,0.0786,0.5493,0.3721,0.2756,19.59,medium
1100,30,24,25.9126,34.8037,19.177,0.8677,0.0197,0.0842,0.8379,0.1411,0.021,0.1675,2.02,acceptable_delay
1101,24,36,58.926,45.9806,58.3807,0.6497,0.2701,0.3711,0.239,0.4483,0.3127,0.2979,19.31,medium
1102,18,16,23.5801,26.179,28.8297,0.9968,0.0617,0.1057,0.8219,0.1229,0.0552,0.0557,3.99,acceptable_delay
1103,36,30,34.0386,38.6072,34.805,0.7323,0.1012,0.2261,0.4703,0.4086,0.1211,0.1602,9.56,low
1104,42,20,45.5488,41.1835,57.1173,0.5095,0.1924,0.4127,0.3911,0.282,0.3269,0.4534,18.59,medium
1105,24,20,24.75,34.315,15.5651,0.9912,0.0337,0.1252,0.7901,0.1723,0.0376,0,4.43,acceptable_delay
1106,24,12,30.3909,35.2044,16.5601,0.9298,0.0518,0.0953,0.7997,0.1632,0.0371,0.1106,1.0,acceptable_delay
1107,24,30,48.4083,33.2,34.9622,0.6989,0.0994,0.1283,0.6131,0.2093,0.1776,0.2344,11.31,low
1108,30,12,22.4754,30.5168,28.8601,0.9483,0.0567,0.0413,0.7366,0.1918,0.0716,0.0805,1.11,acceptable_delay
1109,36,36,59.2414,61.2077,67.1769,0.4944,0.3133,0.2693,0.0,0.3097,0.7135,0.5572,50.52,high
1110,36,30,66.84,58.7208,60.3852,0.3913,0.505,0.322,0.2841,0.2731,0.4429,0.5464,27.49,high
1111,42,48,83.262,74.3119,93.2841,0.3329,0.5215,0.6253,0.1663,0.2217,0.612,0.5832,113.62,critical
1112,30,24,28.1698,22.2552,16.1773,0.9912,0.0273,0.1149,0.7646,0.22,0.0154,0,2.3,acceptable_delay
1113,24,12,19.484,24.3815,17.5092,0.9518,0.0438,0.1347,0.8497,0.1429,0.0074,0.0867,1.76,acceptable_delay
1114,24,24,28.5095,26.3925,13.4636,0.9842,0.0274,0.0531,0.7713,0.167,0.0618,0.0762,4.09,acceptable_delay
1115,18,12,23.0496,34.0641,12.2817,0.8318,0.0393,0.0866,0.8863,0.0588,0.0549,0.1861,4.59,acceptable_delay
1116,30,48,58.0246,49.9456,56.3475,0.5893,0.2986,0.306,0.4341,0.3461,0.2198,0.4076,19.3,medium
1117,24,48,49.3632,43.5404,53.5922,0.5456,0.328,0.3178,0.3601,0.3447,0.2951,0.3934,24.0,medium
1118,48,80,83.0656,59.1673,85.3473,0.3587,0.5742,0.3608,0.0,0.272,0.9013,0.7291,66.11,critical
1119,30,36,71.6932,51.8151,58.2151,0.5287,0.3421,0.4504,0.1294,0.2062,0.6644,0.4521,60.0,high
1120,48,36,55.9434,44.306,73.0416,0.3303,0.3447,0.4437,0.2302,0.282,0.4877,0.5873,27.92,high
1121,24,30,49.646,48.7646,61.3471,0.5029,0.1855,0.3876,0.3824,0.355,0.2627,0.3483,20.52,medium
1122,36,30,56.4208,41.026,36.2888,0.6362,0.1762,0.2515,0.2646,0.4159,0.3195,0.3985,23.83,medium
1123,24,16,31.7953,26.9217,10.8471,0.9766,0.0282,0.1497,0.7618,0.2162,0.022,0.1173,1.12,acceptable_delay
1124,24,12,35.4838,28.1643,20.519,0.9022,0.0578,0.0615,0.8883,0.0593,0.0524,0.1047,5.2,acceptable_delay
1125,24,24,28.7644,32.2849,25.9974,0.9816,0.0391,0.0409,0.8573,0.1039,0.0389,0.0813,4.84,acceptable_delay
1126,30,30,77.8653,42.7039,69.0954,0.2853,0.5637,0.4072,0.1543,0.2842,0.5615,0.7024,41.87,high
1127,30,24,39.0569,31.7338,33.2549,0.82,0.1498,0.1308,0.4722,0.3866,0.1412,0.2248,12.0,low
1128,24,16,42.5569,36.7109,28.7308,0.7798,0.1393,0.2201,0.5837,0.2443,0.172,0.238,11.93,low
1129,30,36,66.2211,49.0111,81.8287,0.5195,0.5791,0.2758,0.1395,0.4017,0.4588,0.544,28.78,high
1130,18,12,23.6271,30.3653,26.857,0.9411,0.0229,0.0012,0.936,0.0554,0.0086,0.0376,1.91,acceptable_delay
1131,24,48,58.2742,50.6501,37.1269,0.5718,0.3059,0.2113,0.2762,0.4695,0.2544,0.3756,17.07,medium
1132,30,12,35.4724,24.6343,25.2339,0.9504,0.0447,0.0719,0.8372,0.0933,0.0696,0.1451,1.62,acceptable_delay
1133,24,20,35.2647,41.5224,26.5292,0.6951,0.0622,0.1662,0.6263,0.3197,0.0541,0.2112,10.5,low
1134,36,36,70.0534,48.4003,68.564,0.3078,0.396,0.4511,0.217,0.2217,0.5613,0.5656,54.75,high
1135,36,20,54.975,50.2541,50.6554,0.6826,0.2396,0.2575,0.4432,0.3335,0.2233,0.26,23.13,medium
1136,36,60,74.8777,48.5136,68.0763,0.4079,0.4905,0.3876,0.1395,0.2418,0.6188,0.5624,60.0,high
1137,30,30,57.307,49.1449,48.8416,0.5975,0.3359,0.2943,0.3136,0.4069,0.2795,0.43,23.38,medium
1138,30,36,84.3154,56.649,78.8509,0.516,0.4887,0.4394,0.1438,0.2983,0.5579,0.5024,46.56,high
1139,36,16,31.2816,32.883,26.6008,0.6876,0.1061,0.2474,0.5651,0.305,0.1298,0.2828,10.8,low
1140,30,36,42.3959,43.4496,45.6284,0.5695,0.2648,0.206,0.2259,0.5726,0.2015,0.3621,15.57,medium
1141,36,24,49.8058,37.5755,37.2298,0.7821,0.1617,0.2249,0.5456,0.3963,0.0581,0.2726,6.61,low
1142,36,30,41.3442,34.4486,38.8827,0.7146,0.1404,0.2057,0.4766,0.3808,0.1425,0.1965,9.61,low
1143,24,20,59.5593,45.9562,36.181,0.5396,0.1676,0.2142,0.4217,0.284,0.2943,0.4429,24.0,medium
1144,18,16,31.195,35.2559,13.3025,0.915,0.0485,0.1447,0.7522,0.1735,0.0743,0.129,4.01,acceptable_delay
1145,24,20,35.1325,29.2756,28.3432,0.8222,0.056,0.0881,0.8861,0.0514,0.0625,0.1049,3.8,acceptable_delay
1146,24,16,43.1264,33.7928,39.7476,0.6855,0.1182,0.1016,0.5719,0.3681,0.06,0.2127,9.59,low
1147,24,16,36.5535,28.1336,23.965,0.8419,0.0779,0.0913,0.9208,0.0601,0.0191,0.1503,2.77,acceptable_delay
1148,36,60,55.2205,54.5536,71.7977,0.3517,0.4198,0.3782,0.0,0.3836,0.6589,0.5772,34.37,high
1149,36,16,30.4102,32.7069,32.7701,0.7605,0.1377,0.2423,0.6783,0.2517,0.07,0.2557,11.38,low
1150,30,60,74.4127,52.6834,50.8302,0.4098,0.5323,0.3467,0.1006,0.402,0.4974,0.6265,40.22,high
1151,36,30,78.0062,61.6877,84.2614,0.4285,0.4126,0.3219,0.0615,0.2553,0.6832,0.6085,49.79,high
1152,30,48,61.1223,50.0731,63.0614,0.5072,0.499,0.2594,0.4527,0.1877,0.3596,0.5006,51.72,high
1153,24,20,64.4461,51.8936,48.0656,0.6274,0.2648,0.218,0.1214,0.558,0.3206,0.3195,12.81,medium
1154,42,60,78.3489,46.9059,78.5226,0.3971,0.3871,0.5602,0.0961,0.4426,0.4612,0.6157,28.62,high
1155,30,60,63.5333,43.2989,71.2159,0.3502,0.5059,0.481,0.2707,0.3438,0.3856,0.6235,28.34,high
1156,42,48,44.2413,38.7166,61.4339,0.5808,0.2647,0.2199,0.3787,0.3844,0.2368,0.4388,24.0,medium
1157,24,20,40.013,35.9538,43.527,0.6843,0.0897,0.17,0.6322,0.2744,0.0934,0.1965,8.1,low
1158,30,48,78.3219,45.896,78.2018,0.4459,0.446,0.2502,0.0284,0.3424,0.6292,0.5619,33.08,high
1159,42,60,84.7162,69.8021,76.6963,0.1162,0.6089,0.3784,0.1791,0.1815,0.6394,0.8327,81.06,critical
1160,24,24,34.6114,29.6702,27.9442,0.9539,0.038,0.0389,0.8291,0.1512,0.0198,0.107,3.4,acceptable_delay
1161,30,16,23.4862,35.6401,21.0672,0.9455,0.0101,0.1303,0.7649,0.1958,0.0393,0.0792,2.57,acceptable_delay
1162,24,16,39.4147,38.7814,27.1185,0.6908,0.1112,0.1104,0.5502,0.3223,0.1275,0.2996,10.88,low
1163,24,20,20.729,24.2051,28.9739,0.9625,0.0769,0.0974,0.772,0.2141,0.0139,0.1029,5.57,acceptable_delay
1164,36,16,33.3362,32.3452,33.0311,0.7475,0.079,0.2497,0.6279,0.2646,0.1076,0.1828,11.65,low
1165,36,30,51.5081,44.4002,41.715,0.4833,0.3276,0.3612,0.2984,0.4304,0.2711,0.4939,13.7,medium
1166,18,30,33.5235,42.4265,26.3922,0.7017,0.1577,0.2111,0.6021,0.2986,0.0993,0.2787,7.58,low
1167,42,20,63.8733,41.1129,45.1984,0.593,0.2388,0.3263,0.4235,0.3268,0.2497,0.4265,19.72,medium
1168,42,60,81.4964,46.0012,78.3755,0.3308,0.5956,0.4497,0.3443,0.1964,0.4594,0.6995,45.87,high
1169,42,24,61.3004,48.8018,61.5625,0.5099,0.2278,0.2263,0.3449,0.5029,0.1522,0.4269,21.93,medium
1170,36,24,55.0626,45.5515,54.6719,0.5456,0.4174,0.4763,0.0676,0.2765,0.6559,0.5136,28.42,high
1171,36,20,48.0657,46.6947,56.374,0.5711,0.2967,0.402,0.3998,0.316,0.2842,0.3723,15.23,medium
1172,30,48,62.9848,35.1451,43.0858,0.6774,0.3145,0.2769,0.3027,0.454,0.2433,0.36,18.97,medium
1173,30,20,35.2849,30.781,13.0191,0.8323,0.0354,0.0454,0.9374,0.0407,0.022,0.1372,2.21,acceptable_delay
1174,24,20,25.1929,34.3594,19.3201,0.9645,0.0578,0.1142,0.9058,0.0686,0.0256,0.0445,1.29,acceptable_delay
1175,36,48,54.6702,48.8864,40.9573,0.5445,0.2721,0.3739,0.3501,0.3267,0.3232,0.3731,21.83,medium
1176,18,20,40.8742,41.3418,41.5364,0.817,0.0961,0.1965,0.6575,0.203,0.1395,0.1916,10.12,low
1177,48,60,64.4045,58.1451,71.1432,0.4744,0.5296,0.4628,0.0,0.446,0.555,0.5563,46.2,high
1178,30,24,20.2237,26.0334,16.023,0.8286,0.0336,0.1191,0.9124,0.0511,0.0366,0.1966,2.64,acceptable_delay
1179,42,30,78.2898,52.952,104.3393,0.2961,0.6611,0.5366,0.1254,0.0634,0.8113,0.752,107.49,critical
1180,30,12,37.7377,35.0749,12.6397,0.9749,0.0455,0.0548,0.7704,0.1749,0.0546,0.1292,3.52,acceptable_delay
1181,48,36,66.6932,52.435,64.7442,0.4087,0.403,0.4881,0.3388,0.2002,0.461,0.5745,49.78,high
1182,42,36,59.8002,47.0062,44.5848,0.6813,0.2166,0.1988,0.3666,0.3442,0.2892,0.2669,20.21,medium
1183,18,12,19.8646,23.3519,24.7759,0.9661,0.0445,0.088,0.8624,0.0926,0.0449,0.0158,2.33,acceptable_delay
1184,42,60,58.1898,51.4732,59.7616,0.4305,0.4351,0.2715,0.1166,0.4361,0.4472,0.5209,41.42,high
1185,30,16,41.5512,34.0579,42.8427,0.7442,0.0831,0.127,0.6226,0.2859,0.0915,0.1558,6.66,low
1186,24,12,37.2294,30.2185,25.0451,0.9483,0.0319,0.0115,0.9113,0.0757,0.013,0.1168,3.32,acceptable_delay
1187,42,36,61.9769,57.9683,67.7784,0.3899,0.5452,0.5735,0.0199,0.4129,0.5671,0.6801,29.15,high
1188,24,16,35.5592,32.9237,22.7959,0.8528,0.0773,0.0649,0.8866,0.0405,0.0729,0.0925,1.0,acceptable_delay
1189,36,24,45.4854,42.8728,58.9005,0.5024,0.3009,0.3923,0.188,0.4763,0.3357,0.4819,16.39,medium
1190,18,16,33.5987,30.1859,13.1082,0.8496,0.0373,0.061,0.7438,0.2133,0.0429,0.0894,1.75,acceptable_delay
1191,18,16,35.2805,25.8675,25.8001,0.8947,0.0747,0.0762,0.8506,0.0837,0.0656,0.092,4.64,acceptable_delay
1192,36,24,46.8022,31.746,39.6595,0.8556,0.1155,0.141,0.5979,0.3124,0.0897,0.1122,10.4,low
1193,30,20,19.8605,34.8978,27.9457,0.9136,0.0561,0.0559,0.8759,0.0461,0.078,0.0494,1.7,acceptable_delay
1194,48,60,68.2125,59.1383,78.3299,0.2802,0.4524,0.5469,0.2878,0.2672,0.445,0.634,60.0,high
1195,24,20,60.8353,44.6435,61.7412,0.6805,0.2603,0.2202,0.5081,0.3082,0.1837,0.284,21.73,medium
1196,30,12,35.3782,33.8603,11.8628,0.995,0.0508,0.1046,0.7508,0.1812,0.068,0.0439,5.98,acceptable_delay
1197,48,30,71.2513,42.3488,55.6139,0.4342,0.4965,0.5714,0.1368,0.2136,0.6495,0.552,40.78,high
1198,30,16,23.3361,33.0232,12.1619,0.977,0.0687,0.0334,0.8172,0.1175,0.0653,0.0458,3.78,acceptable_delay
1199,36,30,88.8126,68.2187,76.3331,0.3066,0.7878,0.623,0.1717,0.152,0.6763,0.7745,116.34,critical
1200,24,12,37.368,30.4057,17.0329,0.924,0.017,0.0985,0.9315,0.0506,0.0179,0.1279,2.98,acceptable_delay
1201,42,48,62.2204,46.4088,71.1281,0.483,0.5969,0.3667,0.3763,0.1862,0.4375,0.5708,53.1,high
1202,42,24,67.2155,42.3744,64.5014,0.315,0.3855,0.4477,0.023,0.2659,0.7111,0.59,27.11,high
1203,30,20,39.9754,32.7369,39.0143,0.7545,0.1625,0.1275,0.7151,0.2115,0.0734,0.2354,6.9,low
1204,30,24,83.5885,56.1205,71.2736,0.3182,0.466,0.4131,0.2575,0.3124,0.4301,0.6733,49.25,high
1205,18,24,37.3362,26.6424,25.9246,0.8391,0.0079,0.0333,0.8042,0.136,0.0597,0.1561,1.67,acceptable_delay
1206,30,20,60.7745,45.629,56.8272,0.5331,0.3558,0.4122,0.4137,0.4279,0.1585,0.4459,19.77,medium
1207,42,24,59.7947,43.2236,56.7275,0.5974,0.2365,0.2364,0.3508,0.4322,0.2169,0.4095,21.77,medium
1208,48,36,74.8361,53.5874,82.7119,0.2892,0.5899,0.3771,0.3988,0.2334,0.3678,0.6086,31.0,high
1209,18,24,25.0238,24.9828,24.9654,0.9856,0.0493,0.0664,0.7823,0.2004,0.0174,0.0049,1.31,acceptable_delay
1210,30,24,45.5762,35.3559,43.4181,0.7126,0.0861,0.1656,0.4711,0.3708,0.1581,0.2458,11.5,low
1211,48,60,76.2959,74.9304,96.6424,0.2588,0.8338,0.52,0.0,0.2487,0.7955,0.7762,78.86,critical
1212,36,24,64.3349,53.2112,54.12,0.4059,0.5676,0.2784,0.102,0.2038,0.6942,0.6897,32.67,high
1213,18,20,32.1391,31.8418,19.0806,0.9437,0.0739,0.1182,0.7944,0.1556,0.05,0.1513,2.86,acceptable_delay
1214,24,24,40.9523,38.7464,41.6338,0.6824,0.0717,0.0977,0.6594,0.2327,0.108,0.2121,6.57,low
1215,30,20,19.211,25.8623,29.3641,0.9908,0.0659,0.0138,0.8315,0.1515,0.017,0.1233,1.0,acceptable_delay
1216,18,16,34.7395,25.4929,19.129,0.9852,0.0564,0.0411,0.8081,0.126,0.0659,0.0839,1.0,acceptable_delay
1217,42,30,81.6182,58.1915,63.125,0.3857,0.5295,0.5577,0.208,0.2722,0.5199,0.5703,28.67,high
1218,18,24,18.8923,28.1564,15.268,0.9707,0.0451,0.0227,0.8959,0.0484,0.0557,0.0916,4.18,acceptable_delay
1219,24,12,34.2103,35.5459,29.7315,0.9402,0.0568,0.0825,0.8898,0.087,0.0232,0.0354,4.44,acceptable_delay
1220,36,80,89.1729,72.7333,99.0331,0.3065,0.5473,0.5572,0.1196,0.108,0.7725,0.6392,117.87,critical
1221,24,20,21.1482,26.3629,16.4877,0.9895,0.0477,0.1325,0.8142,0.1733,0.0124,0,1.0,acceptable_delay
1222,18,20,22.2943,24.6201,15.5971,0.979,0.0028,0.0929,0.8943,0.0861,0.0197,0.033,2.07,acceptable_delay
1223,30,16,31.6923,33.7999,25.52,0.8612,0.0026,0.0473,0.9085,0.0701,0.0214,0.1723,4.68,acceptable_delay
1224,42,24,77.2933,56.6667,82.1113,0.5247,0.3424,0.3499,0.3273,0.2459,0.4269,0.4948,42.5,high
1225,36,36,71.2111,43.5408,74.262,0.3668,0.5648,0.4818,0.0193,0.3363,0.6444,0.5878,60.0,high
1226,36,80,102.93,72.7914,98.8275,0.3778,0.5289,0.6247,0.0379,0.2022,0.76,0.591,87.57,critical
1227,36,16,35.0858,32.547,27.4149,0.8504,0.0859,0.2202,0.6641,0.2611,0.0748,0.1852,6.54,low
1228,24,20,29.8338,28.907,25.4523,0.8552,0.072,0.1141,0.9492,0.0312,0.0196,0.1216,1.52,acceptable_delay
1229,48,30,71.8499,54.5736,74.4952,0.3559,0.5714,0.3323,0.1728,0.4353,0.3919,0.6717,29.31,high
1230,18,20,33.6628,36.1132,28.2711,0.7734,0.0739,0.2322,0.5997,0.286,0.1143,0.2624,9.44,low
1231,36,20,30.0615,32.601,31.111,0.7952,0.0733,0.1224,0.493,0.3642,0.1428,0.207,7.05,low
1232,24,24,44.4201,38.5578,35.7791,0.7575,0.1229,0.1646,0.5512,0.3271,0.1217,0.1937,9.38,low
1233,42,24,61.2265,61.6974,62.9217,0.3588,0.4009,0.4726,0.2903,0.3487,0.3609,0.5104,38.65,high
1234,30,48,48.7662,37.5256,41.6736,0.6311,0.2088,0.2104,0.2779,0.4552,0.2669,0.334,22.28,medium
1235,36,24,56.2805,50.2985,58.7007,0.4928,0.3275,0.2102,0.277,0.4188,0.3041,0.4896,20.57,medium
1236,42,20,54.9009,50.1942,40.3611,0.6535,0.2715,0.2147,0.1702,0.5271,0.3027,0.3803,23.57,medium
1237,60,30,108.2218,71.6009,99.1784,0.2163,0.764,0.5656,0.0449,0.2656,0.6895,0.743,106.46,critical
1238,30,48,72.2421,42.1271,78.9878,0.2851,0.3721,0.391,0.314,0.2402,0.4458,0.6261,38.28,high
1239,30,30,49.0149,40.0547,60.0322,0.5907,0.1885,0.3678,0.3494,0.3088,0.3418,0.3667,21.49,medium
1240,18,24,19.0232,29.8654,17.2505,0.8719,0.0309,0.0676,0.7692,0.1868,0.044,0.1336,2.78,acceptable_delay
